time,latent,alpha,beta,lambda,latent_dim
1940-01-16 00:00:00,0.5786366,0.99983716,2.0001454,0.49988222,0
1940-02-15 00:00:00,0.039694138,0.9998585,2.0002935,0.4998559,0
1940-03-16 00:00:00,1.2889229,0.99982,2.0000036,0.4999091,0
1940-04-15 12:00:00,3.0291536,1.0001074,1.9996154,0.50014985,0
1940-05-16 00:00:00,0.38614783,1.0002685,2.00019,0.5000867,0
1940-06-15 12:00:00,0.5624335,1.00032,1.9992069,0.5003584,0
1940-07-16 00:00:00,0.121896476,1.0000955,2.0010953,0.49977404,0
1940-08-16 00:00:00,0.5413266,0.9995233,1.9987442,0.50007564,0
1940-09-15 12:00:00,0.28179452,1.0001847,1.998688,0.50042063,0
1940-10-16 00:00:00,0.4154913,1.0001029,2.0005956,0.49990258,0
1940-11-15 12:00:00,1.2197456,1.000069,1.9993143,0.500206,0
1940-12-16 00:00:00,0.67427,0.99984926,2.0002322,0.4998666,0
1941-01-16 00:00:00,0.1903152,0.9998289,2.0000777,0.499895,0
1941-02-14 12:00:00,0.2149787,0.99984735,2.0002172,0.49986938,0
1941-03-16 00:00:00,0.078159,0.9998499,2.0000896,0.49990255,0
1941-04-15 12:00:00,0.08052677,0.99984384,2.0000172,0.49991763,0
1941-05-16 00:00:00,0.81055784,0.9999931,2.0002782,0.49992698,0
1941-06-15 12:00:00,0.0594935,1.0001197,1.9980307,0.5005527,0
1941-07-16 00:00:00,0.3668136,1.0005065,2.000196,0.50020427,0
1941-08-16 00:00:00,0.053575266,1.0002354,1.9981092,0.500591,0
1941-09-15 12:00:00,0.012909551,0.99947256,1.9991848,0.49994004,0
1941-10-16 00:00:00,0.21333492,1.0001503,1.9986751,0.5004067,0
1941-11-15 12:00:00,0.38978714,1.000029,2.0005505,0.4998769,0
1941-12-16 00:00:00,0.017977625,0.9998449,2.0002046,0.4998713,0
1942-01-16 00:00:00,0.32361078,0.9998215,2.0000222,0.4999052,0
1942-02-14 12:00:00,1.6362249,0.99982387,1.999998,0.49991244,0
1942-03-16 00:00:00,0.4102634,1.0000408,2.0005796,0.49987552,0
1942-04-15 12:00:00,0.05798961,0.9998287,1.9999825,0.49991873,0
1942-05-16 00:00:00,0.9307509,0.9999735,2.0003421,0.49990124,0
1942-06-15 12:00:00,0.03489972,1.0001296,2.0004568,0.4999506,0
1942-07-16 00:00:00,0.017733283,0.99942654,1.9983993,0.50011355,0
1942-08-16 00:00:00,1.6202178,0.99961257,1.9996681,0.49988922,0
1942-09-15 12:00:00,0.3010023,0.9982602,1.9921292,0.50110215,0
1942-10-16 00:00:00,0.8277557,1.0005065,2.0006466,0.5000916,0
1942-11-15 12:00:00,1.3982228,0.9998255,2.0000634,0.49989688,0
1942-12-16 00:00:00,0.09839694,1.0000488,2.0002644,0.49995828,0
1943-01-16 00:00:00,0.23072365,0.99984,2.0001688,0.4998778,0
1943-02-14 12:00:00,0.16573414,0.99999636,2.000407,0.49989647,0
1943-03-16 00:00:00,0.77936286,0.99982995,1.9999627,0.4999243,0
1943-04-15 12:00:00,0.12275702,1.0000478,2.0003855,0.49992752,0
1943-05-16 00:00:00,0.02265884,0.99992436,2.000756,0.49977326,0
1943-06-15 12:00:00,0.17133003,1.0002307,1.999401,0.5002652,0
1943-07-16 00:00:00,0.14594188,1.0004754,2.0016568,0.49982366,0
1943-08-16 00:00:00,0.24590819,0.9982387,1.992081,0.50110346,0
1943-09-15 12:00:00,1.0898676,0.99853134,1.9937111,0.50084054,0
1943-10-16 00:00:00,1.5665313,1.0001184,1.9998906,0.50008655,0
1943-11-15 12:00:00,0.21382129,1.0002066,1.9992777,0.50028396,0
1943-12-16 00:00:00,0.2591594,0.9999642,2.000427,0.49987537,0
1944-01-16 00:00:00,0.09661244,0.9998666,2.000109,0.49990606,0
1944-02-15 00:00:00,0.013792456,0.9998252,2.0000288,0.49990538,0
1944-03-16 00:00:00,0.70816356,0.9999526,2.0003088,0.49989915,0
1944-04-15 12:00:00,0.19119014,0.9999565,2.0002604,0.49991316,0
1944-05-16 00:00:00,0.097873636,1.0002227,1.9994237,0.50025547,0
1944-06-15 12:00:00,0.024600288,1.0002977,1.9991988,0.5003493,0
1944-07-16 00:00:00,1.9128717,0.99898016,1.9962984,0.5004162,0
1944-08-16 00:00:00,0.9224806,0.998102,1.9913015,0.50123096,0
1944-09-15 12:00:00,0.023480471,0.9994929,1.9986405,0.50008637,0
1944-10-16 00:00:00,0.22234185,1.000211,2.000488,0.4999835,0
1944-11-15 12:00:00,0.3414789,0.9998217,1.9999737,0.49991745,0
1944-12-16 00:00:00,0.42370605,0.99988353,2.0001643,0.4999007,0
1945-01-16 00:00:00,1.052833,1.0003837,2.0007555,0.500003,0
1945-02-14 12:00:00,0.14179523,0.9998187,1.9999741,0.4999158,0
1945-03-16 00:00:00,0.3646678,0.9998232,1.9999909,0.49991387,0
1945-04-15 12:00:00,0.35750312,1.0000647,1.9984539,0.5004192,0
1945-05-16 00:00:00,1.4091585,1.000035,2.0001209,0.4999873,0
1945-06-15 12:00:00,0.39303592,1.0002658,1.998747,0.50044644,0
1945-07-16 00:00:00,0.7236562,0.9992985,1.9974378,0.50029016,0
1945-08-16 00:00:00,0.0047434317,0.99989027,2.0000896,0.49992272,0
1945-09-15 12:00:00,0.91490406,0.9991862,1.996946,0.50035715,0
1945-10-16 00:00:00,0.7002024,0.99986506,2.0000582,0.49991798,0
1945-11-15 12:00:00,0.26010263,0.99985796,2.000048,0.499917,0
1945-12-16 00:00:00,0.052986287,0.999825,2.0000663,0.49989593,0
1946-01-16 00:00:00,0.11403784,1.0000426,2.0003848,0.49992508,0
1946-02-14 12:00:00,0.06925972,1.000049,2.000605,0.49987325,0
1946-03-16 00:00:00,0.17444207,0.9998458,2.000049,0.49991062,0
1946-04-15 12:00:00,0.09747045,1.0001215,1.9992795,0.5002409,0
1946-05-16 00:00:00,0.25457466,1.0003527,1.9998604,0.5002113,0
1946-06-15 12:00:00,0.23337421,0.9987,1.9947704,0.5006591,0
1946-07-16 00:00:00,0.028601428,1.0006815,2.0018182,0.4998863,0
1946-08-16 00:00:00,0.41590014,0.9992949,1.9977735,0.50020427,0
1946-09-15 12:00:00,1.5490483,0.99859494,1.9944932,0.50067604,0
1946-10-16 00:00:00,0.44624174,1.0001175,1.9991721,0.50026584,0
1946-11-15 12:00:00,0.60038996,0.99981767,1.9999884,0.49991173,0
1946-12-16 00:00:00,1.2992711,0.9999487,2.000368,0.49988234,0
1947-01-16 00:00:00,0.7669118,1.0001608,2.0002127,0.50002724,0
1947-02-14 12:00:00,0.738436,0.9998998,2.0002165,0.49989578,0
1947-03-16 00:00:00,0.515537,0.99982566,1.9999263,0.49993125,0
1947-04-15 12:00:00,0.6764037,1.0001309,1.9995373,0.50018114,0
1947-05-16 00:00:00,1.0768158,1.0002258,1.9995348,0.50022924,0
1947-06-15 12:00:00,0.7202426,1.0000552,1.9995699,0.5001351,0
1947-07-16 00:00:00,0.36860812,0.99858797,1.9939849,0.50080013,0
1947-08-16 00:00:00,0.35918173,1.0004219,2.0018413,0.49975085,0
1947-09-15 12:00:00,0.29373482,0.9999503,2.0005834,0.49982935,0
1947-10-16 00:00:00,0.28287876,0.9998704,2.0000608,0.49992,0
1947-11-15 12:00:00,0.8994563,1.0001044,1.9995979,0.50015277,0
1947-12-16 00:00:00,0.13684712,1.0000618,2.000538,0.49989638,0
1948-01-16 00:00:00,0.057899345,0.99990225,2.000113,0.49992287,0
1948-02-15 00:00:00,0.022502068,0.9999946,2.0004582,0.49988276,0
1948-03-16 00:00:00,1.0854576,0.9998229,2.0000267,0.49990478,0
1948-04-15 12:00:00,0.9312527,0.999833,2.000119,0.49988675,0
1948-05-16 00:00:00,0.4639304,0.9999506,2.000278,0.4999058,0
1948-06-15 12:00:00,0.057749085,1.0001867,1.9990373,0.5003342,0
1948-07-16 00:00:00,0.38295272,0.9991331,1.9974257,0.5002104,0
1948-08-16 00:00:00,0.510551,0.99862975,1.9943984,0.5007173,0
1948-09-15 12:00:00,1.5371078,1.000044,2.0016336,0.4996139,0
1948-10-16 00:00:00,0.08789242,1.0004545,2.000633,0.500069,0
1948-11-15 12:00:00,0.10969045,0.9999842,1.9998647,0.5000259,0
1948-12-16 00:00:00,0.20975006,0.99982053,2.0000107,0.49990758,0
1949-01-16 00:00:00,0.42414433,1.0000005,2.0004842,0.4998792,0
1949-02-14 12:00:00,0.44989645,0.9998333,1.9999558,0.4999277,0
1949-03-16 00:00:00,0.3142187,0.99983877,2.0001543,0.49988082,0
1949-04-15 12:00:00,0.24814601,1.000015,1.9981618,0.5004675,0
1949-05-16 00:00:00,0.39213857,0.99996585,2.000268,0.49991593,0
1949-06-15 12:00:00,0.47891396,0.9992472,1.997404,0.5002729,0
1949-07-16 00:00:00,0.76462245,0.9990548,1.9965612,0.5003878,0
1949-08-16 00:00:00,0.8254061,1.0001074,2.0008671,0.49983698,0
1949-09-15 12:00:00,0.58014363,1.0000014,2.001076,0.49973187,0
1949-10-16 00:00:00,0.28736058,1.0003288,2.0010822,0.4998939,0
1949-11-15 12:00:00,0.6175083,0.99995804,2.0002866,0.49990737,0
1949-12-16 00:00:00,0.1076282,0.9999333,2.0002854,0.49989533,0
1950-01-16 00:00:00,0.13494956,0.9998333,2.0001273,0.4998848,0
1950-02-14 12:00:00,1.1908559,0.99988675,2.0001435,0.4999075,0
1950-03-16 00:00:00,0.059546813,0.9998671,2.000053,0.4999203,0
1950-04-15 12:00:00,0.19268708,0.9999902,2.0003195,0.49991524,0
1950-05-16 00:00:00,0.32929772,1.000068,1.9993974,0.50018466,0
1950-06-15 12:00:00,0.016046401,1.0001768,1.9982179,0.50053436,0
1950-07-16 00:00:00,1.4648768,1.0000974,2.0017793,0.49960423,0
1950-08-16 00:00:00,0.43072656,0.99964327,1.9995903,0.49992403,0
1950-09-15 12:00:00,1.1817394,1.0002463,1.9990432,0.5003625,0
1950-10-16 00:00:00,0.11397169,0.9998317,1.9999713,0.49992302,0
1950-11-15 12:00:00,0.14065233,0.99981916,2.0000243,0.4999035,0
1950-12-16 00:00:00,0.2392628,0.9998158,1.9999843,0.49991184,0
1951-01-16 00:00:00,0.13338353,0.99981785,2.000003,0.49990815,0
1951-02-14 12:00:00,0.05588155,0.9998707,2.000083,0.49991462,0
1951-03-16 00:00:00,0.9405496,0.99997884,2.0002003,0.49993935,0
1951-04-15 12:00:00,0.32944137,0.9999835,2.0003595,0.4999019,0
1951-05-16 00:00:00,1.1908698,1.0000906,2.0003283,0.49996322,0
1951-06-15 12:00:00,0.01407151,1.0004913,2.00191,0.49976835,0
1951-07-16 00:00:00,0.03809733,0.99963886,1.9993407,0.49998426,0
1951-08-16 00:00:00,0.2697682,1.0004928,2.000995,0.49999768,0
1951-09-15 12:00:00,0.5605792,0.999793,2.0009356,0.49966276,0
1951-10-16 00:00:00,0.18705438,0.9999861,2.0002222,0.4999375,0
1951-11-15 12:00:00,1.1146158,0.99982977,1.9999607,0.49992472,0
1951-12-16 00:00:00,1.0701892,0.99983454,2.0001364,0.49988317,0
1952-01-16 00:00:00,0.234732,0.99984825,2.0002258,0.4998677,0
1952-02-15 00:00:00,0.6585831,0.99982893,1.9999223,0.4999339,0
1952-03-16 00:00:00,1.1898116,0.9998301,2.0000916,0.49989218,0
1952-04-15 12:00:00,0.010779703,0.999945,2.0002759,0.49990353,0
1952-05-16 00:00:00,0.18309473,1.000193,1.9998451,0.50013524,0
1952-06-15 12:00:00,0.545242,1.0000794,1.9996735,0.50012136,0
1952-07-16 00:00:00,0.6079481,1.0003991,1.9989514,0.50046194,0
1952-08-16 00:00:00,0.8010373,0.9991853,1.9971648,0.5003019,0
1952-09-15 12:00:00,0.14654772,1.0002558,1.9976748,0.50071,0
1952-10-16 00:00:00,0.008006816,0.99885184,1.9958616,0.50046146,0
1952-11-15 12:00:00,0.25277805,0.9999213,2.0002923,0.49988762,0
1952-12-16 00:00:00,0.3316495,0.99985486,2.0002704,0.49985987,0
1953-01-16 00:00:00,0.21123236,0.9998067,1.9999231,0.49992257,0
1953-02-14 12:00:00,0.9644639,1.0001472,1.998615,0.50042015,0
1953-03-16 00:00:00,0.007757545,0.99987966,2.0000916,0.49991694,0
1953-04-15 12:00:00,0.6274772,0.9999187,2.0001874,0.4999125,0
1953-05-16 00:00:00,0.09736221,0.99994195,2.0002632,0.49990517,0
1953-06-15 12:00:00,0.058939595,1.0001233,1.998969,0.50031954,0
1953-07-16 00:00:00,0.51662815,0.9998777,2.0004137,0.49983546,0
1953-08-16 00:00:00,0.20780143,1.0005064,2.0022132,0.49970022,0
1953-09-15 12:00:00,0.0007764921,1.0002921,2.0030208,0.49939176,0
1953-10-16 00:00:00,1.0765142,1.0000756,1.9991424,0.5002523,0
1953-11-15 12:00:00,0.18933919,0.99991715,2.0001788,0.49991387,0
1953-12-16 00:00:00,1.1418428,0.9999954,1.9985887,0.5003508,0
1954-01-16 00:00:00,0.19836129,0.9998149,1.9999598,0.4999175,0
1954-02-14 12:00:00,0.039624438,0.99987954,2.0000982,0.4999152,0
1954-03-16 00:00:00,1.1170998,0.9998242,2.0000043,0.49991104,0
1954-04-15 12:00:00,0.98899,1.0000464,2.000046,0.5000117,0
1954-05-16 00:00:00,1.4755006,1.0004735,2.001888,0.49976495,0
1954-06-15 12:00:00,0.03331559,1.0002961,2.0001535,0.5001097,0
1954-07-16 00:00:00,0.12894954,1.0001744,2.0015876,0.49969053,0
1954-08-16 00:00:00,0.6128436,0.9992095,1.9978186,0.50015026,0
1954-09-15 12:00:00,2.9686003,0.9986152,1.9941643,0.5007688,0
1954-10-16 00:00:00,0.36971807,0.9995556,1.999541,0.4998925,0
1954-11-15 12:00:00,0.18921135,0.999926,2.0003538,0.49987456,0
1954-12-16 00:00:00,0.05020821,0.99982446,1.9999576,0.49992284,0
1955-01-16 00:00:00,0.18838973,0.99984854,2.0000358,0.49991533,0
1955-02-14 12:00:00,0.42626926,0.9999899,2.0003252,0.49991366,0
1955-03-16 00:00:00,0.59465617,0.9999559,1.9975158,0.50059974,0
1955-04-15 12:00:00,1.1725553,0.99985176,2.0000222,0.49992034,0
1955-05-16 00:00:00,0.017119382,1.0000896,2.0002394,0.49998498,0
1955-06-15 12:00:00,0.36510694,1.0004165,1.9997253,0.500277,0
1955-07-16 00:00:00,0.6004318,1.0004054,2.0020764,0.49968395,0
1955-08-16 00:00:00,1.5093317,0.9988651,1.9954737,0.5005654,0
1955-09-15 12:00:00,0.6667307,1.0002794,1.9992176,0.50033545,0
1955-10-16 00:00:00,0.39577723,1.0002316,2.0007017,0.49994043,0
1955-11-15 12:00:00,0.43506056,0.99992377,2.0002413,0.49990156,0
1955-12-16 00:00:00,0.048448667,0.99986017,2.000306,0.49985364,0
1956-01-16 00:00:00,0.26874033,0.9998208,2.0000334,0.49990207,0
1956-02-15 00:00:00,1.2659043,0.999838,1.9999367,0.49993482,0
1956-03-16 00:00:00,0.5967675,1.0000502,1.9989446,0.5002891,0
1956-04-15 12:00:00,0.4666833,0.9999112,2.0001955,0.49990672,0
1956-05-16 00:00:00,0.19312972,1.0000654,2.000351,0.49994498,0
1956-06-15 12:00:00,1.8862116,0.9990025,1.9962667,0.5004354,0
1956-07-16 00:00:00,0.72736084,1.00078,2.0024805,0.49977016,0
1956-08-16 00:00:00,0.86179304,0.99920183,1.9973319,0.50026834,0
1956-09-15 12:00:00,0.34235886,1.0003234,2.0008144,0.49995813,0
1956-10-16 00:00:00,0.026528679,0.99992704,2.000113,0.49993527,0
1956-11-15 12:00:00,0.6128008,0.99970424,2.000145,0.49981588,0
1956-12-16 00:00:00,0.056298394,1.0001655,1.9993906,0.50023514,0
1957-01-16 00:00:00,0.057602163,0.9998449,2.0000148,0.49991876,0
1957-02-14 12:00:00,0.0051538358,0.9998475,1.9999853,0.4999274,0
1957-03-16 00:00:00,0.069094285,0.9998509,2.000017,0.49992123,0
1957-04-15 12:00:00,0.21715464,0.9999832,2.000345,0.49990538,0
1957-05-16 00:00:00,0.6676764,0.99981725,1.9999163,0.49992955,0
1957-06-15 12:00:00,0.920166,1.0001208,2.0014312,0.49970278,0
1957-07-16 00:00:00,0.21174313,0.99977666,1.9997578,0.4999489,0
1957-08-16 00:00:00,0.037135832,0.99922514,1.9970975,0.5003387,0
1957-09-15 12:00:00,0.17241769,1.0001503,2.000085,0.5000539,0
1957-10-16 00:00:00,0.2454654,0.99988514,2.0001538,0.49990413,0
1957-11-15 12:00:00,0.63875794,0.99998295,2.0000684,0.49997437,0
1957-12-16 00:00:00,0.032760013,0.9998353,1.999969,0.4999254,0
1958-01-16 00:00:00,0.6957495,0.9998353,1.9999611,0.49992737,0
1958-02-14 12:00:00,0.25742638,0.99985456,2.0002673,0.4998605,0
1958-03-16 00:00:00,0.023323778,0.99984187,2.0001776,0.49987653,0
1958-04-15 12:00:00,0.6615739,0.9998189,1.9999878,0.4999125,0
1958-05-16 00:00:00,0.19426085,1.0000342,1.9999527,0.50002897,0
1958-06-15 12:00:00,0.41012895,1.0000454,1.9975945,0.50062484,0
1958-07-16 00:00:00,1.9028395,1.0002594,1.9982809,0.50056,0
1958-08-16 00:00:00,1.0829551,1.000551,2.0000548,0.5002618,0
1958-09-15 12:00:00,0.079115465,1.0004853,2.0017626,0.49980217,0
1958-10-16 00:00:00,0.14321251,0.9988068,1.9954224,0.5005491,0
1958-11-15 12:00:00,0.62466407,1.0000067,1.998662,0.5003381,0
1958-12-16 00:00:00,0.6829346,1.0001472,2.0004065,0.499972,0
1959-01-16 00:00:00,0.26868573,0.99981856,1.9999856,0.4999129,0
1959-02-14 12:00:00,0.12569648,0.9998334,2.0001204,0.4998866,0
1959-03-16 00:00:00,0.015339096,1.0000727,1.9997993,0.50008655,0
1959-04-15 12:00:00,0.29416835,1.0002828,2.00009,0.5001189,0
1959-05-16 00:00:00,0.13690746,1.000054,1.9986517,0.5003643,0
1959-06-15 12:00:00,0.033986155,0.9998798,2.0000572,0.49992558,0
1959-07-16 00:00:00,0.96953064,1.0002332,2.0011632,0.49982587,0
1959-08-16 00:00:00,0.15702084,1.0004106,1.9994543,0.50034183,0
1959-09-15 12:00:00,1.0712844,1.000159,2.0006027,0.49992886,0
1959-10-16 00:00:00,0.4865784,0.99893653,1.9961202,0.50043905,0
1959-11-15 12:00:00,0.110802695,0.99811757,1.9913977,0.50121456,0
1959-12-16 00:00:00,0.04669346,1.0000423,2.0003788,0.49992645,0
1960-01-16 00:00:00,0.6912734,0.9998208,2.000004,0.4999094,0
1960-02-15 00:00:00,0.37144095,0.9998224,2.0000403,0.49990112,0
1960-03-16 00:00:00,0.8716877,0.9998752,2.0000448,0.4999264,0
1960-04-15 12:00:00,1.8644633,1.0000604,2.0006785,0.49986064,0
1960-05-16 00:00:00,0.19453378,1.000118,1.9992543,0.5002455,0
1960-06-15 12:00:00,0.43640065,0.9996018,1.9990699,0.50003344,0
1960-07-16 00:00:00,0.23127626,1.0003406,1.9982477,0.50060886,0
1960-08-16 00:00:00,0.6970881,0.99867773,1.9944825,0.5007202,0
1960-09-15 12:00:00,0.21185192,1.000086,2.000798,0.49984354,0
1960-10-16 00:00:00,0.5261038,1.0001144,1.9984621,0.500442,0
1960-11-15 12:00:00,0.10995633,0.99981755,1.9999639,0.4999178,0
1960-12-16 00:00:00,0.2511332,1.0000181,2.000598,0.4998596,0
1961-01-16 00:00:00,0.7630062,0.9999886,2.0004628,0.49987864,0
1961-02-14 12:00:00,0.059466913,0.9999463,2.000302,0.49989766,0
1961-03-16 00:00:00,0.53889996,0.9998301,1.9999563,0.499926,0
1961-04-15 12:00:00,0.4892492,1.0000548,1.9998366,0.5000683,0
1961-05-16 00:00:00,0.78023094,1.0000172,2.0003421,0.49992305,0
1961-06-15 12:00:00,0.21542628,1.0002705,1.9982407,0.50057554,0
1961-07-16 00:00:00,0.51146376,1.0005867,1.9999425,0.50030774,0
1961-08-16 00:00:00,1.6911496,1.0001383,1.9999814,0.5000738,0
1961-09-15 12:00:00,0.51356345,1.0002239,1.9986985,0.5004376,0
1961-10-16 00:00:00,0.13319504,1.0002095,1.9988271,0.50039816,0
1961-11-15 12:00:00,0.48471147,0.9998411,2.0000255,0.49991417,0
1961-12-16 00:00:00,0.10846991,0.9999016,2.000234,0.49989232,0
1962-01-16 00:00:00,0.63936263,0.9999584,2.0002854,0.49990785,0
1962-02-14 12:00:00,0.43188828,0.9998567,2.000281,0.4998581,0
1962-03-16 00:00:00,0.68385667,0.9998476,2.000006,0.4999223,0
1962-04-15 12:00:00,0.11184787,1.0002918,2.0004275,0.50003904,0
1962-05-16 00:00:00,0.13927467,1.0001193,1.9995342,0.50017613,0
1962-06-15 12:00:00,0.0499197,1.000429,1.9997977,0.5002651,0
1962-07-16 00:00:00,0.5380883,1.0004009,1.9992671,0.5003838,0
1962-08-16 00:00:00,0.5049126,0.9998288,2.0005496,0.49977708,0
1962-09-15 12:00:00,0.137333,1.0002619,2.0022936,0.49955806,0
1962-10-16 00:00:00,1.039593,0.99980706,1.999906,0.49992704,0
1962-11-15 12:00:00,0.2571994,1.0000004,1.9983236,0.5004196,0
1962-12-16 00:00:00,1.2016053,0.99995226,2.0003777,0.49988174,0
1963-01-16 00:00:00,0.15007913,0.99982744,2.0000594,0.49989888,0
1963-02-14 12:00:00,1.5912521,0.99987215,2.0000997,0.49991116,0
1963-03-16 00:00:00,0.09817654,0.9998172,1.9999683,0.49991652,0
1963-04-15 12:00:00,1.0772148,0.99981767,1.9999951,0.49991006,0
1963-05-16 00:00:00,0.06909725,1.0,2.000191,0.49995226,0
1963-06-15 12:00:00,0.18499172,1.0000429,1.9982966,0.5004477,0
1963-07-16 00:00:00,0.16747063,0.99842197,1.9931637,0.5009232,0
1963-08-16 00:00:00,0.87778556,1.0002736,2.0004313,0.50002897,0
1963-09-15 12:00:00,0.6477323,1.0002304,1.9989765,0.5003713,0
1963-10-16 00:00:00,0.42930314,1.0000359,2.0003893,0.49992064,0
1963-11-15 12:00:00,0.13178252,0.99981856,1.9999791,0.4999145,0
1963-12-16 00:00:00,0.96202534,1.0002116,2.0003595,0.5000159,0
1964-01-16 00:00:00,0.11391062,0.9998262,1.9999399,0.49992812,0
1964-02-15 00:00:00,1.6073397,1.0003012,2.0012546,0.49983707,0
1964-03-16 00:00:00,0.2560059,0.99988943,2.0001545,0.4999061,0
1964-04-15 12:00:00,0.43632796,1.0000728,1.9984889,0.5004145,0
1964-05-16 00:00:00,1.5442156,1.0000627,1.9997485,0.50009423,0
1964-06-15 12:00:00,0.3934084,1.0002023,1.999548,0.5002142,0
1964-07-16 00:00:00,0.6565495,0.99981856,1.9999561,0.49992025,0
1964-08-16 00:00:00,1.1650152,1.0004463,2.0019932,0.49972513,0
1964-09-15 12:00:00,0.16562806,0.99920905,1.9978623,0.50013906,0
1964-10-16 00:00:00,0.051992685,1.0001463,2.0007043,0.4998971,0
1964-11-15 12:00:00,0.16291042,0.99982095,1.9999489,0.49992326,0
1964-12-16 00:00:00,0.1670752,0.9998548,2.0002744,0.49985883,0
1965-01-16 00:00:00,0.023309862,0.9998147,1.9999589,0.49991763,0
1965-02-14 12:00:00,0.84609675,1.0002172,2.0002682,0.50004154,0
1965-03-16 00:00:00,0.19710402,0.9999533,2.000323,0.49989593,0
1965-04-15 12:00:00,0.082301706,0.99982864,1.999991,0.49991655,0
1965-05-16 00:00:00,0.61284834,1.0002023,1.997636,0.50069296,0
1965-06-15 12:00:00,0.5769388,1.0001129,1.9982759,0.5004879,0
1965-07-16 00:00:00,0.52523214,1.0004318,1.9987159,0.5005373,0
1965-08-16 00:00:00,0.43050134,1.0001026,1.9985797,0.5004067,0
1965-09-15 12:00:00,0.32304993,1.0002283,1.9989897,0.5003669,0
1965-10-16 00:00:00,0.057622097,0.9995685,1.9998885,0.49981213,0
1965-11-15 12:00:00,0.38126263,0.9998448,2.0002,0.4998724,0
1965-12-16 00:00:00,0.29615182,0.9998225,1.9999701,0.49991873,0
1966-01-16 00:00:00,0.021480056,0.99992037,2.000244,0.4998992,0
1966-02-14 12:00:00,0.75944835,0.99993163,2.0002847,0.49989468,0
1966-03-16 00:00:00,1.0296412,1.0000429,1.9994547,0.50015783,0
1966-04-15 12:00:00,0.16429786,1.000181,1.9995234,0.5002097,0
1966-05-16 00:00:00,0.11802759,1.0002567,1.9992368,0.50031924,0
1966-06-15 12:00:00,0.09737261,1.0003307,2.0017974,0.49971625,0
1966-07-16 00:00:00,0.57464147,1.0001969,2.0025916,0.49945128,0
1966-08-16 00:00:00,0.34706518,1.0001514,2.0012333,0.4997675,0
1966-09-15 12:00:00,0.6079046,1.000284,2.001074,0.49987352,0
1966-10-16 00:00:00,0.614351,0.99850297,1.9936433,0.50084335,0
1966-11-15 12:00:00,0.15622452,0.9998113,1.9999361,0.49992162,0
1966-12-16 00:00:00,0.11134938,0.9998174,1.9999635,0.4999178,0
1967-01-16 00:00:00,0.0432685,0.99983454,2.0001404,0.49988216,0
1967-02-14 12:00:00,0.2610595,1.0003153,2.0005744,0.50001407,0
1967-03-16 00:00:00,1.7614263,0.9998264,2.0000663,0.49989662,0
1967-04-15 12:00:00,0.0667347,0.99982685,2.000063,0.4998977,0
1967-05-16 00:00:00,0.09537058,1.0000387,1.997965,0.5005287,0
1967-06-15 12:00:00,0.18502465,1.0001198,1.9996635,0.50014406,0
1967-07-16 00:00:00,0.93920624,1.0004462,2.0013041,0.49989712,0
1967-08-16 00:00:00,0.60550916,1.0005878,2.001483,0.49992323,0
1967-09-15 12:00:00,0.6383016,1.0003982,1.9995984,0.5002996,0
1967-10-16 00:00:00,0.31238025,1.0001917,2.0000236,0.50008994,0
1967-11-15 12:00:00,0.023073843,0.9999275,2.0002847,0.49989262,0
1967-12-16 00:00:00,0.009281271,0.9998635,2.0000584,0.49991715,0
1968-01-16 00:00:00,0.03476658,0.9998127,1.99995,0.49991885,0
1968-02-15 00:00:00,1.0895407,0.99993855,2.0003057,0.4998929,0
1968-03-16 00:00:00,0.19738786,0.99987,2.000068,0.499918,0
1968-04-15 12:00:00,0.14086124,1.0004104,2.0006008,0.500055,0
1968-05-16 00:00:00,0.3632518,1.0001562,1.9992168,0.500274,0
1968-06-15 12:00:00,0.23943238,1.0004978,2.0000715,0.500231,0
1968-07-16 00:00:00,0.8444306,1.0007746,2.0033872,0.49954128,0
1968-08-16 00:00:00,0.16670768,1.0003655,2.0000312,0.50017494,0
1968-09-15 12:00:00,0.3439477,0.99938124,1.9983116,0.50011283,0
1968-10-16 00:00:00,0.74496084,1.00012,2.0004225,0.4999544,0
1968-11-15 12:00:00,0.20576757,0.99991864,2.000253,0.49989608,0
1968-12-16 00:00:00,1.1406076,0.9998212,2.0000172,0.4999063,0
1969-01-16 00:00:00,0.6541969,0.9998669,2.0003471,0.4998467,0
1969-02-14 12:00:00,0.109116614,0.99985296,2.000255,0.49986273,0
1969-03-16 00:00:00,0.41013625,1.0000896,2.0005143,0.4999163,0
1969-04-15 12:00:00,0.06761434,0.9999494,2.0003445,0.4998886,0
1969-05-16 00:00:00,0.080064446,1.0002133,2.0004244,0.50000054,0
1969-06-15 12:00:00,0.0036682242,1.0000625,1.9998063,0.5000797,0
1969-07-16 00:00:00,0.9230621,1.0002328,2.0013857,0.49977013,0
1969-08-16 00:00:00,0.5352979,0.99855924,1.9938419,0.50082165,0
1969-09-15 12:00:00,0.013130932,0.9990547,1.9963887,0.50043094,0
1969-10-16 00:00:00,0.44497943,1.0000807,2.0000703,0.50002277,0
1969-11-15 12:00:00,2.9288301,1.0000788,2.0006187,0.49988475,0
1969-12-16 00:00:00,1.6444923,0.9998182,1.9999504,0.4999215,0
1970-01-16 00:00:00,0.4534738,0.99984795,2.0002294,0.49986666,0
1970-02-14 12:00:00,0.24316391,0.99995416,2.000359,0.49988735,0
1970-03-16 00:00:00,0.009654648,1.0000502,2.000565,0.49988386,0
1970-04-15 12:00:00,0.42761466,1.0000362,1.9987049,0.50034213,0
1970-05-16 00:00:00,0.83154917,0.99976325,1.9998655,0.49991524,0
1970-06-15 12:00:00,0.36559784,1.0001426,1.9986801,0.5004015,0
1970-07-16 00:00:00,0.34559774,1.000421,2.0018003,0.49976066,0
1970-08-16 00:00:00,0.07813603,0.99888146,1.9954406,0.5005819,0
1970-09-15 12:00:00,1.0654423,0.9985239,1.9936686,0.5008475,0
1970-10-16 00:00:00,0.98051786,1.0001129,1.9994497,0.5001941,0
1970-11-15 12:00:00,0.14651191,0.99983233,2.0001168,0.49988696,0
1970-12-16 00:00:00,0.18514065,0.9998262,2.000069,0.49989587,0
1971-01-16 00:00:00,0.49260554,0.99994993,2.0001876,0.49992806,0
1971-02-14 12:00:00,0.35368392,1.0000632,1.9993503,0.5001941,0
1971-03-16 00:00:00,1.4582046,0.99983436,1.9999512,0.49992937,0
1971-04-15 12:00:00,0.24580257,1.0001041,1.9996825,0.5001314,0
1971-05-16 00:00:00,1.8118604,0.99995786,2.0002005,0.4999288,0
1971-06-15 12:00:00,2.4046664,1.0003321,2.0000498,0.5001536,0
1971-07-16 00:00:00,0.19000757,1.0005143,2.002175,0.49971366,0
1971-08-16 00:00:00,0.11721502,1.0001668,2.001222,0.49977806,0
1971-09-15 12:00:00,0.011239332,1.0002513,2.0013294,0.49979344,0
1971-10-16 00:00:00,1.1646837,1.0001799,1.9984175,0.50048596,0
1971-11-15 12:00:00,0.0071989167,0.999937,2.0002418,0.49990806,0
1971-12-16 00:00:00,0.7209746,0.9998288,2.000085,0.49989313,0
1972-01-16 00:00:00,1.5991035,1.000054,2.000205,0.49997574,0
1972-02-15 00:00:00,0.41061237,0.99999857,2.0001957,0.49995035,0
1972-03-16 00:00:00,1.2178371,1.0002893,2.000703,0.4999689,0
1972-04-15 12:00:00,0.050950266,1.0000626,2.0002816,0.4999609,0
1972-05-16 00:00:00,0.07776164,1.0003352,1.9993234,0.5003369,0
1972-06-15 12:00:00,0.5376811,1.000166,1.9974654,0.5007176,0
1972-07-16 00:00:00,0.6938215,0.9999697,2.0003672,0.4998931,0
1972-08-16 00:00:00,0.8127138,1.000281,2.0011394,0.49985573,0
1972-09-15 12:00:00,0.58776414,1.0002598,1.99928,0.50031,0
1972-10-16 00:00:00,0.48925656,0.99992037,2.000297,0.49988595,0
1972-11-15 12:00:00,2.1341777,0.9998233,2.0000193,0.4999068,0
1972-12-16 00:00:00,1.3703351,0.99985147,2.0000145,0.4999221,0
1973-01-16 00:00:00,0.065527946,0.9998298,2.000092,0.4998919,0
1973-02-14 12:00:00,0.2902383,0.999841,2.0001707,0.4998778,0
1973-03-16 00:00:00,0.13692495,0.99984014,2.0000083,0.49991798,0
1973-04-15 12:00:00,1.2061341,1.0001309,1.9979721,0.500573,0
1973-05-16 00:00:00,0.74695915,1.0000738,1.9976268,0.500631,0
1973-06-15 12:00:00,0.02569141,0.9997934,2.0000808,0.4998765,0
1973-07-16 00:00:00,0.28458908,1.0004256,2.0019908,0.4997154,0
1973-08-16 00:00:00,1.9127814,1.0006335,2.0012083,0.50001466,0
1973-09-15 12:00:00,0.8282811,1.0000508,2.0025256,0.49939477,0
1973-10-16 00:00:00,0.1669791,0.9999268,2.0002525,0.49990028,0
1973-11-15 12:00:00,0.6200051,0.9998356,2.000151,0.49988008,0
1973-12-16 00:00:00,0.27029285,0.9998167,1.9999398,0.4999234,0
1974-01-16 00:00:00,0.06923876,0.9998169,1.9999765,0.49991432,0
1974-02-14 12:00:00,1.5403833,0.9999798,2.000252,0.4999269,0
1974-03-16 00:00:00,0.024753375,0.9998345,2.0001316,0.49988434,0
1974-04-15 12:00:00,0.064482056,0.99993676,2.0002542,0.49990484,0
1974-05-16 00:00:00,0.5258578,1.0002778,2.002087,0.4996175,0
1974-06-15 12:00:00,1.666787,1.0004226,2.003183,0.4994165,0
1974-07-16 00:00:00,0.83692193,1.0001493,1.9995549,0.50018597,0
1974-08-16 00:00:00,1.9019706,1.0002215,2.00149,0.49973843,0
1974-09-15 12:00:00,0.88470036,0.998316,1.992545,0.50102556,0
1974-10-16 00:00:00,0.18086241,1.0000421,2.0004845,0.49989995,0
1974-11-15 12:00:00,0.35870078,1.0000709,2.0003884,0.49993837,0
1974-12-16 00:00:00,0.27048567,0.99983865,2.00003,0.49991181,0
1975-01-16 00:00:00,0.23466414,0.9999561,2.0002499,0.49991557,0
1975-02-14 12:00:00,0.0441778,0.9998346,2.0001388,0.4998826,0
1975-03-16 00:00:00,0.11510371,0.99983466,2.0001333,0.499884,0
1975-04-15 12:00:00,0.1098689,0.9999164,2.0002038,0.49990723,0
1975-05-16 00:00:00,0.022792011,1.0001892,1.9985075,0.5004681,0
1975-06-15 12:00:00,0.038939517,1.0002654,1.9992131,0.50032955,0
1975-07-16 00:00:00,0.1418173,1.0000907,2.0017128,0.4996175,0
1975-08-16 00:00:00,1.1651522,1.0002981,1.9984608,0.5005343,0
1975-09-15 12:00:00,0.079535834,1.0003577,1.9983042,0.5006033,0
1975-10-16 00:00:00,0.7367713,0.99986386,2.0000472,0.49992013,0
1975-11-15 12:00:00,0.4623576,0.9999916,1.9988883,0.5002739,0
1975-12-16 00:00:00,0.33414072,1.0003216,2.000549,0.50002354,0
1976-01-16 00:00:00,0.31092462,1.0002617,2.000254,0.50006735,0
1976-02-15 00:00:00,0.54698104,0.99985415,2.000017,0.49992284,0
1976-03-16 00:00:00,0.4719184,1.0001377,2.0001967,0.50001967,0
1976-04-15 12:00:00,0.314387,0.99995255,2.000339,0.49989155,0
1976-05-16 00:00:00,0.053433403,1.0006216,2.0012374,0.50000143,0
1976-06-15 12:00:00,0.2809161,1.0003518,1.9993184,0.5003464,0
1976-07-16 00:00:00,0.22096376,1.000427,1.9987153,0.500535,0
1976-08-16 00:00:00,0.50292826,1.0000147,2.0005467,0.4998707,0
1976-09-15 12:00:00,0.06982573,1.0001491,2.000654,0.4999111,0
1976-10-16 00:00:00,0.2169147,1.000134,1.9988428,0.5003565,0
1976-11-15 12:00:00,0.65234107,1.0002426,2.000576,0.4999773,0
1976-12-16 00:00:00,1.1348481,1.0005494,2.002247,0.49971327,0
1977-01-16 00:00:00,0.33435524,1.000007,2.0005224,0.49987295,0
1977-02-14 12:00:00,1.4663562,1.0000535,2.0000088,0.50002456,0
1977-03-16 00:00:00,1.2798542,0.9999838,2.00045,0.49987945,0
1977-04-15 12:00:00,0.6438188,1.0004435,2.0009987,0.49997205,0
1977-05-16 00:00:00,0.5115678,0.9999237,2.0002167,0.49990767,0
1977-06-15 12:00:00,0.90940166,1.0001688,1.9990449,0.50032336,0
1977-07-16 00:00:00,0.15794528,0.99961394,1.9986697,0.50013965,0
1977-08-16 00:00:00,0.77070206,1.0005195,2.0018878,0.49978802,0
1977-09-15 12:00:00,0.16752107,1.0002959,2.0005112,0.50002015,0
1977-10-16 00:00:00,0.65066373,1.0004292,2.0009122,0.49998653,0
1977-11-15 12:00:00,0.05898091,0.9999855,2.0004575,0.4998784,0
1977-12-16 00:00:00,0.16057959,0.9998294,2.0000868,0.499893,0
1978-01-16 00:00:00,0.33705664,0.9998541,2.000265,0.49986085,0
1978-02-14 12:00:00,0.06876719,0.99982876,2.0000658,0.49989793,0
1978-03-16 00:00:00,0.45369583,0.9998383,2.0001497,0.4998817,0
1978-04-15 12:00:00,0.0042873225,0.9998267,1.9999973,0.49991405,0
1978-05-16 00:00:00,0.4390091,1.0001104,1.99963,0.5001477,0
1978-06-15 12:00:00,0.9144838,1.0001476,2.000856,0.49985987,0
1978-07-16 00:00:00,0.26510298,0.99928236,1.9976345,0.5002328,0
1978-08-16 00:00:00,0.6366361,0.99964803,1.9996303,0.4999164,0
1978-09-15 12:00:00,0.37525788,1.000019,2.0004425,0.49989888,0
1978-10-16 00:00:00,0.25305536,0.99976474,1.9998049,0.49993116,0
1978-11-15 12:00:00,0.56290823,0.9999585,2.0003731,0.499886,0
1978-12-16 00:00:00,0.453819,1.0001004,2.0004468,0.4999385,0
1979-01-16 00:00:00,0.20971705,0.9998254,2.000052,0.49989972,0
1979-02-14 12:00:00,1.3197722,0.99981713,1.9999818,0.49991313,0
1979-03-16 00:00:00,0.7749775,0.99983835,1.9999932,0.49992087,0
1979-04-15 12:00:00,0.25695488,1.0000288,1.9995242,0.5001334,0
1979-05-16 00:00:00,0.21821482,1.0000921,1.9987358,0.50036234,0
1979-06-15 12:00:00,0.43159515,0.9994329,1.9981256,0.50018525,0
1979-07-16 00:00:00,0.54221576,1.0003718,1.9996953,0.50026214,0
1979-08-16 00:00:00,0.30306646,1.0004007,1.998119,0.5006712,0
1979-09-15 12:00:00,0.565136,0.99934924,1.9983784,0.5000801,0
1979-10-16 00:00:00,0.033587318,0.9999524,2.000253,0.49991295,0
1979-11-15 12:00:00,0.08166521,0.9998764,2.0001276,0.4999063,0
1979-12-16 00:00:00,0.38841468,0.999817,1.9999825,0.4999129,0
1980-01-16 00:00:00,1.1434861,0.9998273,2.0000753,0.49989483,0
1980-02-15 00:00:00,2.4043615,0.99983996,2.0001674,0.49987814,0
1980-03-16 00:00:00,0.13529588,0.99990505,2.0001795,0.49990764,0
1980-04-15 12:00:00,1.1482083,0.99999124,2.0003498,0.4999082,0
1980-05-16 00:00:00,2.156344,1.0000393,1.9999863,0.5000231,0
1980-06-15 12:00:00,0.06601878,1.0002444,1.9987649,0.50043124,0
1980-07-16 00:00:00,0.47955376,1.0001867,1.9990795,0.5003236,0
1980-08-16 00:00:00,0.22176453,1.0000929,2.0009272,0.49981472,0
1980-09-15 12:00:00,0.99462235,1.0003945,1.9996157,0.5002934,0
1980-10-16 00:00:00,0.22250865,1.0002102,2.000016,0.5001011,0
1980-11-15 12:00:00,0.2886888,1.0000979,1.9982404,0.5004893,0
1980-12-16 00:00:00,0.9151863,0.99989116,2.0001595,0.4999057,0
1981-01-16 00:00:00,0.07620799,0.99982345,2.0000384,0.49990213,0
1981-02-14 12:00:00,0.095111765,0.9999601,2.0003674,0.49988824,0
1981-03-16 00:00:00,0.40809047,0.99982387,2.000018,0.49990746,0
1981-04-15 12:00:00,0.31813818,1.0000641,1.9992487,0.50021994,0
1981-05-16 00:00:00,0.32497165,1.0001161,1.9999613,0.5000678,0
1981-06-15 12:00:00,0.049513437,0.9989888,1.9960963,0.50047123,0
1981-07-16 00:00:00,0.7843141,0.9990369,1.996465,0.5004029,0
1981-08-16 00:00:00,0.011221924,0.9993822,1.9981403,0.50015616,0
1981-09-15 12:00:00,0.16693059,1.0004187,2.0024292,0.4996025,0
1981-10-16 00:00:00,0.5819631,0.9998808,2.0000896,0.49991798,0
1981-11-15 12:00:00,0.782617,0.99981886,2.00002,0.49990442,0
1981-12-16 00:00:00,0.011619946,0.99981236,1.9999548,0.49991748,0
1982-01-16 00:00:00,0.15441617,0.9998262,2.0000534,0.49989974,0
1982-02-14 12:00:00,0.19606772,0.9998249,1.999928,0.49993044,0
1982-03-16 00:00:00,0.3959302,0.999848,2.0002244,0.49986792,0
1982-04-15 12:00:00,0.48867786,0.999814,1.9999225,0.49992636,0
1982-05-16 00:00:00,0.114298135,1.0004219,2.000099,0.5001862,0
1982-06-15 12:00:00,0.3615355,1.0000701,2.0002708,0.49996734,0
1982-07-16 00:00:00,0.09946148,1.0005982,2.0018811,0.49982896,0
1982-08-16 00:00:00,0.36471608,1.0006515,2.0016003,0.49992573,0
1982-09-15 12:00:00,0.3454384,0.9998948,2.0001292,0.4999151,0
1982-10-16 00:00:00,0.047981683,0.9998649,2.0000603,0.49991736,0
1982-11-15 12:00:00,0.017830638,0.99982685,2.000073,0.4998952,0
1982-12-16 00:00:00,0.09176073,0.9998154,1.9999716,0.4999148,0
1983-01-16 00:00:00,0.08635647,0.9998366,2.000145,0.49988207,0
1983-02-14 12:00:00,0.309752,0.99985373,2.0002613,0.49986157,0
1983-03-16 00:00:00,0.26896867,0.99985266,2.000254,0.49986288,0
1983-04-15 12:00:00,1.9524608,0.9998222,2.000015,0.49990734,0
1983-05-16 00:00:00,0.14524856,1.0002182,1.9991612,0.5003189,0
1983-06-15 12:00:00,0.5133284,1.000309,1.998956,0.50041574,0
1983-07-16 00:00:00,0.33168977,0.9993989,1.998229,0.50014234,0
1983-08-16 00:00:00,0.013874727,1.000062,2.0004926,0.49990788,0
1983-09-15 12:00:00,0.04808563,1.0000893,2.0003333,0.49996132,0
1983-10-16 00:00:00,0.8261227,1.000057,1.9995172,0.50014925,0
1983-11-15 12:00:00,2.8792794,0.9998484,2.0002298,0.49986678,0
1983-12-16 00:00:00,0.4800013,0.9998451,2.0002065,0.49987093,0
1984-01-16 00:00:00,1.5885873,1.0003161,2.000392,0.5000601,0
1984-02-15 00:00:00,0.83993137,0.9998898,2.0001056,0.4999185,0
1984-03-16 00:00:00,0.42396823,0.9999733,2.0002694,0.4999193,0
1984-04-15 12:00:00,0.19824706,1.0000547,1.9998271,0.5000706,0
1984-05-16 00:00:00,0.054547127,1.0002567,2.0002298,0.50007087,0
1984-06-15 12:00:00,0.10856569,1.0001324,1.9982154,0.50051284,0
1984-07-16 00:00:00,0.20138034,1.0004424,1.9988983,0.5004969,0
1984-08-16 00:00:00,0.8376261,1.0006243,2.0009227,0.5000814,0
1984-09-15 12:00:00,0.42324492,1.0003803,2.0005126,0.500062,0
1984-10-16 00:00:00,0.59350765,0.9999667,2.0002756,0.49991444,0
1984-11-15 12:00:00,0.3898506,0.9998378,2.0001557,0.49988,0
1984-12-16 00:00:00,0.70786005,0.9998823,2.0001822,0.4998956,0
1985-01-16 00:00:00,0.83519125,1.0001255,1.9996771,0.5001435,0
1985-02-14 12:00:00,0.45475617,0.9999468,2.000268,0.4999064,0
1985-03-16 00:00:00,0.21017757,0.9998197,1.9999785,0.4999152,0
1985-04-15 12:00:00,1.2191156,1.000193,1.9990511,0.5003339,0
1985-05-16 00:00:00,0.3232877,1.0002323,2.0010378,0.49985677,0
1985-06-15 12:00:00,0.22662592,1.0004283,2.0019238,0.49973348,0
1985-07-16 00:00:00,0.31200728,1.0006453,2.000126,0.50029117,0
1985-08-16 00:00:00,0.091542944,0.99907017,1.996236,0.500477,0
1985-09-15 12:00:00,0.44069424,1.0000824,1.999987,0.50004447,0
1985-10-16 00:00:00,1.0539627,1.000083,2.0001261,0.50000995,0
1985-11-15 12:00:00,0.836507,0.99982864,2.000038,0.49990484,0
1985-12-16 00:00:00,0.37959668,0.9998756,2.0001104,0.4999102,0
1986-01-16 00:00:00,0.28934553,0.9998174,1.9999896,0.49991128,0
1986-02-14 12:00:00,1.3650615,0.999871,2.0003736,0.49984214,0
1986-03-16 00:00:00,0.8923093,0.9998237,2.0000427,0.49990118,0
1986-04-15 12:00:00,0.02740984,1.0001118,2.0001009,0.5000307,0
1986-05-16 00:00:00,0.09037257,1.0001591,1.9991591,0.5002899,0
1986-06-15 12:00:00,0.11192893,0.9998041,1.9998084,0.49994993,0
1986-07-16 00:00:00,0.45244008,1.0005778,2.0011907,0.49999124,0
1986-08-16 00:00:00,0.21743913,1.0000029,2.0006564,0.4998374,0
1986-09-15 12:00:00,1.2412038,1.0000051,2.0003333,0.49991924,0
1986-10-16 00:00:00,0.21207412,1.0003499,2.000377,0.5000807,0
1986-11-15 12:00:00,0.65912956,0.9998939,2.0006788,0.49977735,0
1986-12-16 00:00:00,0.2681203,1.0001091,2.0005717,0.49991164,0
1987-01-16 00:00:00,0.41648296,0.99982774,1.9999797,0.49991894,0
1987-02-14 12:00:00,0.2832769,0.9998249,1.9999591,0.49992266,0
1987-03-16 00:00:00,0.013769801,0.99983156,1.9999905,0.49991816,0
1987-04-15 12:00:00,0.4334713,1.0001811,1.9992311,0.5002829,0
1987-05-16 00:00:00,0.45781025,1.0000778,2.000249,0.4999767,0
1987-06-15 12:00:00,0.5221535,1.0001465,1.9974966,0.5007,0
1987-07-16 00:00:00,0.068950936,1.000234,2.000869,0.49989977,0
1987-08-16 00:00:00,0.447544,0.99930274,1.9980297,0.50014406,0
1987-09-15 12:00:00,0.36608207,0.99968404,1.9997673,0.4999002,0
1987-10-16 00:00:00,0.28422016,1.0000422,2.0004027,0.49992046,0
1987-11-15 12:00:00,0.5018705,0.9999639,2.000373,0.49988875,0
1987-12-16 00:00:00,0.02151345,0.9998207,1.9999999,0.49991038,0
1988-01-16 00:00:00,0.38537154,0.99982303,2.0000095,0.49990913,0
1988-02-15 00:00:00,0.15776372,1.0003064,2.0004618,0.5000377,0
1988-03-16 00:00:00,0.0522072,1.000167,1.9998679,0.5001165,0
1988-04-15 12:00:00,0.19201379,0.999882,2.0001137,0.49991256,0
1988-05-16 00:00:00,0.33028996,1.0001477,1.9997299,0.5001414,0
1988-06-15 12:00:00,1.4914359,1.0001103,1.9983712,0.5004627,0
1988-07-16 00:00:00,0.659595,1.0005171,2.0022664,0.49969232,0
1988-08-16 00:00:00,0.57846874,1.0006382,2.0003316,0.50023615,0
1988-09-15 12:00:00,0.36068332,1.0000898,1.999822,0.5000894,0
1988-10-16 00:00:00,0.95085084,1.0001249,2.0020242,0.49955687,0
1988-11-15 12:00:00,0.14801286,0.99980307,1.999868,0.49993452,0
1988-12-16 00:00:00,0.81766874,0.9998375,1.9999905,0.49992114,0
1989-01-16 00:00:00,0.12752064,1.0000985,2.0004818,0.4999288,0
1989-02-14 12:00:00,0.07374167,1.0000254,2.0003643,0.49992162,0
1989-03-16 00:00:00,0.4402665,0.9998203,2.0000408,0.49989995,0
1989-04-15 12:00:00,0.08469673,1.0000931,1.9998146,0.5000929,0
1989-05-16 00:00:00,1.3613596,1.0001144,1.9991232,0.50027657,0
1989-06-15 12:00:00,0.5094264,1.0001591,1.9980185,0.50057554,0
1989-07-16 00:00:00,0.23210138,0.9990161,1.9960281,0.50050205,0
1989-08-16 00:00:00,0.66823256,1.0002673,1.9988531,0.50042063,0
1989-09-15 12:00:00,1.0839161,0.9999464,2.000281,0.49990293,0
1989-10-16 00:00:00,0.6845032,0.99992365,2.0002222,0.49990627,0
1989-11-15 12:00:00,0.6659397,1.0000647,2.0001132,0.50000405,0
1989-12-16 00:00:00,1.2567523,0.9987171,1.9950111,0.5006073,0
1990-01-16 00:00:00,1.264765,0.9998499,2.0000658,0.4999085,0
1990-02-14 12:00:00,0.21400401,0.9998723,2.0000813,0.49991584,0
1990-03-16 00:00:00,1.5774893,1.000045,2.0002892,0.49995017,0
1990-04-15 12:00:00,0.7440495,1.0000736,1.9999489,0.5000496,0
1990-05-16 00:00:00,0.3727231,0.99988765,2.0001519,0.49990585,0
1990-06-15 12:00:00,0.08018274,0.9998516,2.00071,0.49974838,0
1990-07-16 00:00:00,0.49080822,1.0005924,2.0002906,0.50022346,0
1990-08-16 00:00:00,0.920906,1.0005137,2.000561,0.5001165,0
1990-09-15 12:00:00,0.7456053,1.000196,1.9986382,0.50043875,0
1990-10-16 00:00:00,0.2803426,1.000413,2.0028021,0.49950662,0
1990-11-15 12:00:00,0.021232048,1.0002908,2.0000734,0.500127,0
1990-12-16 00:00:00,0.024023267,1.0001692,2.0005612,0.4999443,0
1991-01-16 00:00:00,0.091397814,1.0006607,2.00294,0.49959594,0
1991-02-14 12:00:00,0.3698191,0.9999921,2.0005395,0.49986118,0
1991-03-16 00:00:00,0.9020385,0.99986786,2.0003529,0.49984574,0
1991-04-15 12:00:00,0.069355205,1.0000309,1.9991924,0.50021744,0
1991-05-16 00:00:00,0.07625879,1.0000601,1.9991424,0.50024456,0
1991-06-15 12:00:00,0.49396527,1.0002719,1.9992697,0.50031865,0
1991-07-16 00:00:00,0.22083874,1.0004218,2.0021176,0.4996818,0
1991-08-16 00:00:00,0.46244985,1.0005956,2.0003319,0.50021476,0
1991-09-15 12:00:00,0.15610524,1.0004017,1.9983034,0.50062555,0
1991-10-16 00:00:00,0.12644732,0.99996567,2.000255,0.49991906,0
1991-11-15 12:00:00,0.20563848,1.000042,1.9995519,0.50013304,0
1991-12-16 00:00:00,0.5331098,0.9999182,2.0003228,0.49987844,0
1992-01-16 00:00:00,1.3791122,1.0000592,2.0005956,0.49988076,0
1992-02-15 00:00:00,0.2754157,0.9998305,2.0000951,0.49989146,0
1992-03-16 00:00:00,0.61123025,0.9998395,1.9999896,0.49992234,0
1992-04-15 12:00:00,1.1392611,1.0002252,2.0004907,0.49998993,0
1992-05-16 00:00:00,0.90831655,1.0004476,2.0004647,0.50010765,0
1992-06-15 12:00:00,0.2438696,1.0001019,1.9992647,0.50023484,0
1992-07-16 00:00:00,0.46303177,1.00044,2.0002322,0.50016195,0
1992-08-16 00:00:00,0.45621204,1.0006858,2.0016317,0.49993503,0
1992-09-15 12:00:00,0.298103,0.99990773,1.9998336,0.49999547,0
1992-10-16 00:00:00,0.7565837,0.9999712,2.0003319,0.49990267,0
1992-11-15 12:00:00,0.051523045,1.0003194,2.0013409,0.49982458,0
1992-12-16 00:00:00,0.041624267,0.9998377,2.0001554,0.49988,0
1993-01-16 00:00:00,0.48051444,0.9998586,2.0002933,0.49985602,0
1993-02-14 12:00:00,1.1833658,0.999833,2.000115,0.49988776,0
1993-03-16 00:00:00,0.21480496,0.9998208,1.9999273,0.4999286,0
1993-04-15 12:00:00,0.23524998,1.0000656,1.999233,0.5002246,0
1993-05-16 00:00:00,0.5785315,0.9999955,1.9998926,0.5000246,0
1993-06-15 12:00:00,0.8324208,1.0001562,1.9998802,0.50010806,0
1993-07-16 00:00:00,0.16655003,0.99863356,1.9943258,0.5007374,0
1993-08-16 00:00:00,0.10588857,1.000239,2.001693,0.49969652,0
1993-09-15 12:00:00,0.2790187,1.0001346,2.0011446,0.49978125,0
1993-10-16 00:00:00,0.1511257,1.0000668,1.9998066,0.5000817,0
1993-11-15 12:00:00,1.1447045,1.0000387,2.0005815,0.49987403,0
1993-12-16 00:00:00,1.1695292,0.9999123,2.0002096,0.49990377,0
1994-01-16 00:00:00,1.2765796,1.0,2.0005343,0.49986646,0
1994-02-14 12:00:00,1.1650593,0.9998239,2.0000079,0.49991,0
1994-03-16 00:00:00,0.451282,1.0001862,2.0002506,0.50003046,0
1994-04-15 12:00:00,0.35832667,1.0000015,2.000398,0.49990132,0
1994-05-16 00:00:00,0.8569209,1.0000483,2.0005126,0.49989602,0
1994-06-15 12:00:00,0.77110267,0.99844146,1.9934682,0.50085646,0
1994-07-16 00:00:00,1.3013705,0.9994143,1.99805,0.50019485,0
1994-08-16 00:00:00,0.109057456,0.9989827,1.9959717,0.5004994,0
1994-09-15 12:00:00,0.42054567,1.0004871,2.0009766,0.4999994,0
1994-10-16 00:00:00,0.53163654,1.0002998,2.000074,0.5001314,0
1994-11-15 12:00:00,0.23697647,0.99981356,1.9999623,0.4999162,0
1994-12-16 00:00:00,0.11430216,0.999864,2.0000913,0.49990916,0
1995-01-16 00:00:00,0.8843753,0.9998726,2.0003822,0.4998408,0
1995-02-14 12:00:00,0.16545159,1.0000868,1.9993424,0.50020784,0
1995-03-16 00:00:00,0.29177153,0.9998653,2.0003364,0.49984857,0
1995-04-15 12:00:00,1.0535362,0.99984396,1.9999937,0.49992356,0
1995-05-16 00:00:00,0.8184897,0.99988616,2.0000875,0.4999212,0
1995-06-15 12:00:00,1.3738985,1.0001591,2.0001225,0.50004894,0
1995-07-16 00:00:00,0.14416844,1.0003452,2.0014799,0.4998028,0
1995-08-16 00:00:00,0.012425669,0.99874276,1.9946237,0.5007174,0
1995-09-15 12:00:00,0.63353676,0.9989906,1.9962314,0.5004383,0
1995-10-16 00:00:00,0.38423517,0.9986628,1.994718,0.5006536,0
1995-11-15 12:00:00,0.07595818,0.9996528,1.9999195,0.49984652,0
1995-12-16 00:00:00,0.5038948,0.99982303,2.0000577,0.4998971,0
1996-01-16 00:00:00,0.031219315,0.99982756,2.000084,0.4998928,0
1996-02-15 00:00:00,0.39572036,0.9998388,2.0001597,0.49987948,0
1996-03-16 00:00:00,0.1619391,0.99984103,1.9999878,0.49992356,0
1996-04-15 12:00:00,0.22923589,0.9999271,2.000238,0.49990407,0
1996-05-16 00:00:00,0.3086298,0.9999093,2.0001893,0.4999073,0
1996-06-15 12:00:00,0.034297373,1.0002594,1.9983058,0.5005537,0
1996-07-16 00:00:00,1.565113,1.0005583,2.0019774,0.49978498,0
1996-08-16 00:00:00,0.5844497,0.999665,1.9993116,0.50000465,0
1996-09-15 12:00:00,0.3804042,0.9997561,2.0004995,0.49975324,0
1996-10-16 00:00:00,0.37092212,1.0000386,2.0006707,0.4998517,0
1996-11-15 12:00:00,0.62447506,0.9998321,1.9999857,0.49991962,0
1996-12-16 00:00:00,0.68160754,0.99986255,2.0003207,0.49985114,0
1997-01-16 00:00:00,0.07959061,0.9998602,2.0003066,0.4998535,0
1997-02-14 12:00:00,0.56646335,1.0000077,1.9978327,0.5005463,0
1997-03-16 00:00:00,0.16803578,1.0000732,1.9991065,0.50026006,0
1997-04-15 12:00:00,0.31401315,1.0002676,1.9998529,0.5001706,0
1997-05-16 00:00:00,0.05863951,1.0005081,2.0017009,0.49982896,0
1997-06-15 12:00:00,0.7324522,1.0001181,1.999036,0.5003002,0
1997-07-16 00:00:00,0.1922666,1.0006944,2.0020928,0.49982417,0
1997-08-16 00:00:00,0.18591234,1.0010754,2.0059452,0.4990542,0
1997-09-15 12:00:00,0.4701093,1.0002289,1.9985727,0.5004716,0
1997-10-16 00:00:00,0.09769025,1.000063,1.9990855,0.5002602,0
1997-11-15 12:00:00,1.3569343,0.9998227,2.0000052,0.49991003,0
1997-12-16 00:00:00,0.5698026,0.9998663,2.0001283,0.4999011,0
1998-01-16 00:00:00,0.07817101,0.9998411,2.0001802,0.4998755,0
1998-02-14 12:00:00,0.090365365,0.99986917,2.0003603,0.49984455,0
1998-03-16 00:00:00,0.48514634,0.99982464,1.9999717,0.49991938,0
1998-04-15 12:00:00,0.47472805,0.999904,2.0001771,0.4999077,0
1998-05-16 00:00:00,0.60052717,0.999817,1.9999415,0.49992314,0
1998-06-15 12:00:00,0.13747413,1.0000203,1.9997344,0.50007653,0
1998-07-16 00:00:00,0.081367716,1.0007485,2.002119,0.49984467,0
1998-08-16 00:00:00,0.008330636,0.9986581,1.9943331,0.5007479,0
1998-09-15 12:00:00,0.014369131,1.0001267,1.9995663,0.50017184,0
1998-10-16 00:00:00,0.02613251,1.0002952,2.0003572,0.5000583,0
1998-11-15 12:00:00,1.3559657,0.9998153,1.9999424,0.49992204,0
1998-12-16 00:00:00,0.6778187,1.0000595,2.0000818,0.5000093,0
1999-01-16 00:00:00,0.21539997,0.99981606,1.9999472,0.49992123,0
1999-02-14 12:00:00,2.090593,0.99982125,2.000043,0.4998999,0
1999-03-16 00:00:00,0.23151578,0.99986124,2.0000849,0.4999094,0
1999-04-15 12:00:00,0.68778086,0.9999431,2.0002985,0.49989694,0
1999-05-16 00:00:00,0.0077635944,1.0002891,2.000368,0.5000525,0
1999-06-15 12:00:00,2.5466452,1.0004572,1.999988,0.5002316,0
1999-07-16 00:00:00,0.5738209,0.9996936,1.9999163,0.4998677,0
1999-08-16 00:00:00,0.33109677,1.0005968,2.00074,0.5001133,0
1999-09-15 12:00:00,0.04088629,1.0000595,2.0010412,0.49976957,0
1999-10-16 00:00:00,0.07640108,1.0001514,1.9991908,0.5002781,0
1999-11-15 12:00:00,0.023920381,0.99996156,2.0003614,0.49989045,0
1999-12-16 00:00:00,0.27956483,1.0002482,2.0012214,0.49981886,0
2000-01-16 00:00:00,0.35530058,0.9998408,2.000175,0.49987665,0
2000-02-15 00:00:00,0.18467252,0.99985397,2.0002635,0.49986115,0
2000-03-16 00:00:00,0.34971592,1.0000085,2.000532,0.49987128,0
2000-04-15 12:00:00,0.912063,0.999961,2.0003743,0.49988696,0
2000-05-16 00:00:00,0.96645105,1.0001037,2.0002275,0.499995,0
2000-06-15 12:00:00,0.9002923,1.0004663,2.0013278,0.4999013,0
2000-07-16 00:00:00,0.4964734,0.9992364,1.9977993,0.50016856,0
2000-08-16 00:00:00,0.47819522,1.0006366,2.0018566,0.4998543,0
2000-09-15 12:00:00,1.2076709,1.0002437,1.9998647,0.5001557,0
2000-10-16 00:00:00,0.41874415,0.9999062,2.00023,0.49989557,0
2000-11-15 12:00:00,0.8442869,1.0000844,1.9988384,0.5003328,0
2000-12-16 00:00:00,0.877207,1.0001781,1.9995234,0.50020826,0
2001-01-16 00:00:00,0.8549638,0.99983865,2.0000203,0.49991426,0
2001-02-14 12:00:00,1.5870153,0.9998223,2.000002,0.49991068,0
2001-03-16 00:00:00,0.04276221,0.99994093,2.0003328,0.4998873,0
2001-04-15 12:00:00,0.2984702,0.99995905,2.0003448,0.49989337,0
2001-05-16 00:00:00,0.41098973,0.9993564,1.9975772,0.50028425,0
2001-06-15 12:00:00,0.36131167,0.9997175,2.0005374,0.49972445,0
2001-07-16 00:00:00,0.8282438,1.0006756,2.001761,0.49989763,0
2001-08-16 00:00:00,0.68478245,0.9993408,1.9981804,0.5001254,0
2001-09-15 12:00:00,0.20857896,1.0003833,2.0010476,0.49992976,0
2001-10-16 00:00:00,0.033833165,1.0002996,2.0004692,0.5000325,0
2001-11-15 12:00:00,0.29427812,0.9998185,1.9999576,0.49991986,0
2001-12-16 00:00:00,0.15499839,0.9998342,2.0001307,0.49988443,0
2002-01-16 00:00:00,0.11038698,0.9999422,2.0002842,0.49990004,0
2002-02-14 12:00:00,0.33427662,1.0000514,2.000318,0.49994618,0
2002-03-16 00:00:00,0.52421194,0.9999006,2.0001621,0.49990976,0
2002-04-15 12:00:00,0.003484419,1.0001069,1.9997735,0.5001101,0
2002-05-16 00:00:00,0.49820644,1.0002226,1.9998099,0.50015885,0
2002-06-15 12:00:00,0.043647356,1.0000217,2.000896,0.49978694,0
2002-07-16 00:00:00,0.35501784,1.0003532,2.0015004,0.49980167,0
2002-08-16 00:00:00,1.1613878,0.9990905,1.9967548,0.50035715,0
2002-09-15 12:00:00,0.18169558,1.0002111,2.0014112,0.49975294,0
2002-10-16 00:00:00,0.41822425,0.99991846,2.0010452,0.49969807,0
2002-11-15 12:00:00,0.1847032,0.9998433,1.9999934,0.4999233,0
2002-12-16 00:00:00,0.49034417,0.9998486,2.0002322,0.49986628,0
2003-01-16 00:00:00,0.46637067,1.0000939,2.0005605,0.49990687,0
2003-02-14 12:00:00,0.14297225,0.9999571,2.0003955,0.4998797,0
2003-03-16 00:00:00,0.34661803,0.9999234,2.000231,0.49990395,0
2003-04-15 12:00:00,0.47523817,0.99981976,1.9999692,0.49991757,0
2003-05-16 00:00:00,1.702025,1.0000876,2.0004413,0.49993348,0
2003-06-15 12:00:00,0.2121604,0.9994391,1.9983295,0.50013727,0
2003-07-16 00:00:00,1.0512359,1.0005201,1.9995927,0.500362,0
2003-08-16 00:00:00,1.5070343,1.0001278,1.9990433,0.5003032,0
2003-09-15 12:00:00,0.25689396,0.9994827,1.9986315,0.5000835,0
2003-10-16 00:00:00,0.03672804,1.000258,2.0017505,0.49969164,0
2003-11-15 12:00:00,0.30623788,0.99997425,2.0004404,0.49987707,0
2003-12-16 00:00:00,0.087729104,0.9998334,2.0001235,0.49988583,0
2004-01-16 00:00:00,0.03166707,0.9998906,2.000168,0.4999033,0
2004-02-15 00:00:00,0.4247869,0.9998228,2.0000496,0.499899,0
2004-03-16 00:00:00,1.4425398,1.0001476,1.9998616,0.5001084,0
2004-04-15 12:00:00,1.988364,1.0002328,1.9995263,0.5002349,0
2004-05-16 00:00:00,0.7050656,1.0003237,1.9999908,0.50016415,0
2004-06-15 12:00:00,0.8215593,1.0004725,2.0007484,0.5000492,0
2004-07-16 00:00:00,0.10108731,1.0005916,2.0030456,0.49953514,0
2004-08-16 00:00:00,0.0013913559,1.000455,2.0019367,0.49974358,0
2004-09-15 12:00:00,0.25057828,0.9999682,2.0014768,0.4996152,0
2004-10-16 00:00:00,0.15400042,0.9998326,2.0000064,0.49991468,0
2004-11-15 12:00:00,0.23685679,0.9999516,2.0002935,0.49990243,0
2004-12-16 00:00:00,0.94202775,0.99983346,2.0001183,0.49988717,0
2005-01-16 00:00:00,0.045723606,0.99982965,2.0000696,0.49989742,0
2005-02-14 12:00:00,1.4861547,0.999836,2.000025,0.49991176,0
2005-03-16 00:00:00,0.25709328,0.99981487,1.9999548,0.49991873,0
2005-04-15 12:00:00,0.60716796,0.9999626,2.0003104,0.49990374,0
2005-05-16 00:00:00,1.5949733,0.99987173,2.0000768,0.49991667,0
2005-06-15 12:00:00,0.3167063,1.000074,1.9988176,0.50033283,0
2005-07-16 00:00:00,0.082432896,0.9991111,1.9968755,0.5003372,0
2005-08-16 00:00:00,0.72353286,1.0002589,2.002175,0.49958614,0
2005-09-15 12:00:00,0.1450631,1.0004164,2.0012634,0.4998924,0
2005-10-16 00:00:00,0.101538084,1.0004475,2.0012546,0.49991018,0
2005-11-15 12:00:00,0.78137964,0.99997807,2.0003939,0.4998906,0
2005-12-16 00:00:00,0.22050197,0.9998594,2.000303,0.49985397,0
2006-01-16 00:00:00,0.3520558,0.9998225,1.9999973,0.49991193,0
2006-02-14 12:00:00,0.59661824,0.9998577,2.0000598,0.4999139,0
2006-03-16 00:00:00,0.07574883,0.9998436,2.0001917,0.49987388,0
2006-04-15 12:00:00,0.05249699,0.99982965,2.000093,0.49989158,0
2006-05-16 00:00:00,0.12941086,1.0002007,2.0004206,0.49999523,0
2006-06-15 12:00:00,0.009696988,1.0003101,2.0012336,0.49984673,0
2006-07-16 00:00:00,0.2668445,1.0001273,2.001232,0.49975583,0
2006-08-16 00:00:00,0.19803804,0.9989515,1.9958724,0.5005087,0
2006-09-15 12:00:00,0.09785285,0.9988872,1.9955674,0.50055295,0
2006-10-16 00:00:00,0.20282215,1.0002377,1.9990599,0.50035405,0
2006-11-15 12:00:00,0.02380172,0.9999712,2.0003428,0.49989992,0
2006-12-16 00:00:00,0.06126484,0.9998479,2.000029,0.49991667,0
2007-01-16 00:00:00,0.16090736,1.0001658,1.9996905,0.5001603,0
2007-02-14 12:00:00,0.21131535,0.9998187,1.9999942,0.4999108,0
2007-03-16 00:00:00,0.1075446,1.0002228,1.9994664,0.50024486,0
2007-04-15 12:00:00,0.075690925,1.0000544,2.000461,0.49991193,0
2007-05-16 00:00:00,0.8961413,1.000343,2.0002193,0.50011665,0
2007-06-15 12:00:00,0.21942768,0.9997252,1.9999291,0.49988034,0
2007-07-16 00:00:00,0.73030144,1.0004327,2.002828,0.49951008,0
2007-08-16 00:00:00,0.1188689,0.9997555,1.999771,0.499935,0
2007-09-15 12:00:00,0.83395034,1.0002929,1.999021,0.50039136,0
2007-10-16 00:00:00,0.73002803,1.0000446,2.0000646,0.50000614,0
2007-11-15 12:00:00,0.28242937,1.0003828,2.00057,0.5000489,0
2007-12-16 00:00:00,1.2769506,0.9998474,2.000026,0.4999172,0
2008-01-16 00:00:00,0.09680547,0.9998549,2.0002694,0.49986014,0
2008-02-15 00:00:00,0.87546116,0.9998315,1.999989,0.4999185,0
2008-03-16 00:00:00,2.2953284,1.0000548,1.998802,0.5003271,0
2008-04-15 12:00:00,0.33248442,1.0005443,2.0036583,0.49935874,0
2008-05-16 00:00:00,0.14713296,1.000082,1.9986422,0.5003807,0
2008-06-15 12:00:00,0.053952698,0.9991139,1.9966692,0.5003903,0
2008-07-16 00:00:00,0.024742981,0.9995721,1.9989923,0.50003797,0
2008-08-16 00:00:00,0.122205436,0.99905974,1.9967452,0.5003441,0
2008-09-15 12:00:00,0.7808951,0.99899375,1.9960219,0.5004924,0
2008-10-16 00:00:00,0.05900732,1.0001881,1.9995943,0.5001955,0
2008-11-15 12:00:00,0.73693293,0.99996203,2.000334,0.49989754,0
2008-12-16 00:00:00,1.9401708,0.99987435,2.0001073,0.49991035,0
2009-01-16 00:00:00,0.683283,1.0000237,2.0003915,0.49991402,0
2009-02-14 12:00:00,0.007196568,0.99982595,2.000061,0.49989772,0
2009-03-16 00:00:00,0.5253776,0.9998476,1.999999,0.49992403,0
2009-04-15 12:00:00,0.39622343,1.0001507,1.9998415,0.500115,0
2009-05-16 00:00:00,0.418841,1.0000327,2.0000565,0.5000022,0
2009-06-15 12:00:00,1.1182252,1.0001642,1.9998739,0.5001136,0
2009-07-16 00:00:00,0.7969533,0.9998667,2.00058,0.4997884,0
2009-08-16 00:00:00,0.3983022,1.000414,2.0020401,0.49969727,0
2009-09-15 12:00:00,1.1612585,0.99988395,2.0013986,0.49959263,0
2009-10-16 00:00:00,0.11736553,0.99986136,2.0000916,0.4999078,0
2009-11-15 12:00:00,0.07484136,1.0001224,1.9988124,0.50035834,0
2009-12-16 00:00:00,0.05304629,0.9998405,2.0000184,0.49991566,0
2010-01-16 00:00:00,0.17129609,0.9998413,2.0001783,0.49987605,0
2010-02-14 12:00:00,1.2599125,0.9998263,2.000003,0.49991238,0
2010-03-16 00:00:00,0.13311785,0.99989194,2.0001516,0.49990806,0
2010-04-15 12:00:00,1.1206986,0.9998281,1.9999945,0.49991542,0
2010-05-16 00:00:00,0.8049717,1.0000442,2.0001934,0.49997377,0
2010-06-15 12:00:00,1.2542,1.0000776,2.0014832,0.49966824,0
2010-07-16 00:00:00,0.81358266,0.9996197,1.9993023,0.4999843,0
2010-08-16 00:00:00,1.3913734,1.000004,2.0014129,0.49964905,0
2010-09-15 12:00:00,0.22510748,0.99973404,2.0005515,0.49972925,0
2010-10-16 00:00:00,0.22259195,0.99983513,1.9999768,0.49992338,0
2010-11-15 12:00:00,2.1793253,0.99984246,1.9999834,0.49992537,0
2010-12-16 00:00:00,0.037623845,0.99985105,2.0002437,0.49986464,0
2011-01-16 00:00:00,1.6178443,1.0000407,2.0007288,0.49983817,0
2011-02-14 12:00:00,0.76480156,0.9998184,1.9999658,0.49991775,0
2011-03-16 00:00:00,0.0876704,0.99984735,2.000223,0.49986795,0
2011-04-15 12:00:00,0.5335456,1.0000464,1.999463,0.5001575,0
2011-05-16 00:00:00,0.503072,1.0000085,2.0003676,0.49991235,0
2011-06-15 12:00:00,0.7341347,0.9999626,2.000329,0.4998991,0
2011-07-16 00:00:00,0.5372662,1.0002773,2.0019138,0.49966052,0
2011-08-16 00:00:00,0.026340842,0.9993892,1.9984479,0.5000827,0
2011-09-15 12:00:00,0.19029279,1.0003548,2.001315,0.4998487,0
2011-10-16 00:00:00,0.0078084525,1.0000639,2.0004017,0.4999315,0
2011-11-15 12:00:00,0.19262685,1.0000708,2.0008285,0.49982834,0
2011-12-16 00:00:00,0.48007953,0.9997668,2.0010476,0.49962172,0
2012-01-16 00:00:00,1.0985878,0.99985206,2.0000513,0.49991322,0
2012-02-15 00:00:00,0.32495403,1.0000232,2.0004444,0.49990055,0
2012-03-16 00:00:00,0.73606944,0.99981654,1.9999967,0.4999091,0
2012-04-15 12:00:00,0.2176338,0.9999041,2.000188,0.49990502,0
2012-05-16 00:00:00,0.96127105,1.0000913,2.000492,0.49992266,0
2012-06-15 12:00:00,1.3899211,1.0003527,2.0021863,0.4996302,0
2012-07-16 00:00:00,0.14809431,0.9995739,1.9991575,0.49999756,0
2012-08-16 00:00:00,0.04320553,1.0000452,2.0010839,0.49975178,0
2012-09-15 12:00:00,0.7877233,0.99918675,1.9968678,0.500377,0
2012-10-16 00:00:00,0.24158973,1.0000709,1.999738,0.500101,0
2012-11-15 12:00:00,1.6309637,0.9998154,1.9999709,0.49991497,0
2012-12-16 00:00:00,0.72953975,0.9998381,2.0001602,0.499879,0
2013-01-16 00:00:00,0.18829262,1.0002308,2.000751,0.49992767,0
2013-02-14 12:00:00,0.87353045,1.0003369,2.0006776,0.49999905,0
2013-03-16 00:00:00,0.3473646,1.0000414,2.0002809,0.49995047,0
2013-04-15 12:00:00,0.08536893,1.0001376,1.9990212,0.50031364,0
2013-05-16 00:00:00,1.5073371,1.0001518,1.9982826,0.5005057,0
2013-06-15 12:00:00,0.27590293,1.0003958,2.0010731,0.49992964,0
2013-07-16 00:00:00,0.57517505,1.0005758,2.0027702,0.4995959,0
2013-08-16 00:00:00,0.60495496,1.0005928,2.0026023,0.49964628,0
2013-09-15 12:00:00,0.12838037,1.0004331,2.0012863,0.49989504,0
2013-10-16 00:00:00,0.2779361,1.0003257,1.9994878,0.500291,0
2013-11-15 12:00:00,1.0679681,1.000102,1.9994524,0.500188,0
2013-12-16 00:00:00,0.03282247,1.0002155,1.9991943,0.50030935,0
2014-01-16 00:00:00,0.2882332,1.0000073,1.9983267,0.5004223,0
2014-02-14 12:00:00,0.040833347,0.9998166,1.9999981,0.49990878,0
2014-03-16 00:00:00,0.5528043,0.9998577,2.000042,0.49991837,0
2014-04-15 12:00:00,0.050980873,1.000163,2.0005646,0.49994037,0
2014-05-16 00:00:00,0.60882074,1.0001326,1.9975461,0.5006806,0
2014-06-15 12:00:00,0.03363827,0.9989682,1.9965634,0.5003438,0
2014-07-16 00:00:00,0.27233723,1.00049,1.9997298,0.50031257,0
2014-08-16 00:00:00,0.42670837,1.0004675,1.999403,0.50038314,0
2014-09-15 12:00:00,0.7054916,1.0001647,1.9981899,0.50053537,0
2014-10-16 00:00:00,0.9199349,1.0002083,2.0003207,0.50002396,0
2014-11-15 12:00:00,0.10075879,0.99998873,2.000355,0.49990565,0
2014-12-16 00:00:00,0.26681,0.9998365,2.000145,0.499882,0
2015-01-16 00:00:00,0.2291263,0.9995957,1.9996251,0.49989155,0
2015-02-14 12:00:00,0.3658236,0.9998421,1.9999896,0.49992365,0
2015-03-16 00:00:00,0.06638693,1.0002705,2.0015764,0.49974135,0
2015-04-15 12:00:00,0.08161749,1.0000933,2.0002854,0.49997532,0
2015-05-16 00:00:00,0.5948375,1.0000266,2.0001988,0.49996358,0
2015-06-15 12:00:00,0.391854,1.0004605,2.0002913,0.5001574,0
2015-07-16 00:00:00,0.6928381,1.0001738,1.9993756,0.50024307,0
2015-08-16 00:00:00,0.53399634,1.0000829,2.000997,0.49979225,0
2015-09-15 12:00:00,0.06910345,1.0002491,2.0015314,0.49974194,0
2015-10-16 00:00:00,0.7964693,1.0001435,1.9992331,0.5002636,0
2015-11-15 12:00:00,0.6599033,0.9998947,2.000162,0.49990687,0
2015-12-16 00:00:00,0.09570306,0.9998132,1.9999453,0.49992028,0
2016-01-16 00:00:00,0.96939445,0.9998424,2.000185,0.49987495,0
2016-02-15 00:00:00,1.253541,1.0001726,1.9999734,0.500093,0
2016-03-16 00:00:00,0.039481133,0.99982405,2.000062,0.49989653,0
2016-04-15 12:00:00,0.73029655,0.9999908,2.000276,0.4999264,0
2016-05-16 00:00:00,1.4421884,0.99999833,1.9998144,0.5000456,0
2016-06-15 12:00:00,0.19426721,1.0001228,2.0016387,0.49965203,0
2016-07-16 00:00:00,0.53261983,0.9989927,1.9963405,0.500412,0
2016-08-16 00:00:00,0.5884092,0.999326,1.9982033,0.5001123,0
2016-09-15 12:00:00,1.1443744,0.999334,1.9976556,0.5002534,0
2016-10-16 00:00:00,0.05920021,0.9998174,1.9999737,0.49991527,0
2016-11-15 12:00:00,0.054173656,0.99995154,2.0003345,0.49989218,0
2016-12-16 00:00:00,0.58410126,0.9998203,1.9999884,0.49991304,0
2017-01-16 00:00:00,0.0042082216,0.9998738,2.0003903,0.49983937,0
2017-02-14 12:00:00,0.39760607,0.9998649,2.0003352,0.49984866,0
2017-03-16 00:00:00,0.0063363668,0.9998657,2.0000727,0.49991468,0
2017-04-15 12:00:00,1.7565461,0.9998393,1.9999692,0.49992734,0
2017-05-16 00:00:00,0.14592777,1.00024,1.9989872,0.50037336,0
2017-06-15 12:00:00,0.32060513,1.0003383,2.0001743,0.5001256,0
2017-07-16 00:00:00,0.054406967,0.99986464,1.9997236,0.50000143,0
2017-08-16 00:00:00,0.14317319,1.000414,1.9996655,0.5002907,0
2017-09-15 12:00:00,1.2846386,1.0004753,2.0002446,0.5001765,0
2017-10-16 00:00:00,0.608904,1.0003225,2.0019188,0.49968183,0
2017-11-15 12:00:00,1.3665065,0.99981767,1.999904,0.49993283,0
2017-12-16 00:00:00,0.16090564,1.0001993,2.0013456,0.4997634,0
2018-01-16 00:00:00,1.4949336,0.9998295,1.9999675,0.49992287,0
2018-02-14 12:00:00,0.85071486,1.0001832,1.9992825,0.5002711,0
2018-03-16 00:00:00,0.7318104,0.9998409,2.0001757,0.49987653,0
2018-04-15 12:00:00,0.45728213,0.9999197,2.000212,0.49990687,0
2018-05-16 00:00:00,0.22971837,1.0000811,1.999679,0.5001208,0
2018-06-15 12:00:00,1.1159494,0.99913394,1.9967113,0.5003898,0
2018-07-16 00:00:00,0.30661044,1.0006185,2.0019424,0.4998238,0
2018-08-16 00:00:00,0.4958887,0.9994963,1.9986578,0.50008374,0
2018-09-15 12:00:00,0.8897581,0.9981763,1.9916306,0.5011855,0
2018-10-16 00:00:00,0.03228185,1.000341,2.0004125,0.5000674,0
2018-11-15 12:00:00,1.2730486,0.99985033,2.000049,0.4999129,0
2018-12-16 00:00:00,0.4798854,0.9999209,2.0002618,0.499895,0
2019-01-16 00:00:00,0.24822155,0.99983317,2.000123,0.49988583,0
2019-02-14 12:00:00,0.12949044,0.9998672,2.0003495,0.49984625,0
2019-03-16 00:00:00,0.10183452,0.9998275,2.0000634,0.4998979,0
2019-04-15 12:00:00,0.93283784,1.0000445,1.9998717,0.5000543,0
2019-05-16 00:00:00,0.4868177,0.9998354,1.9999783,0.4999231,0
2019-06-15 12:00:00,0.20917818,1.0003067,2.0016818,0.49973315,0
2019-07-16 00:00:00,0.30774933,1.000353,2.001708,0.4997497,0
2019-08-16 00:00:00,0.019499503,0.9999911,2.0007741,0.4998021,0
2019-09-15 12:00:00,0.6863828,1.0000807,1.9978867,0.5005693,0
2019-10-16 00:00:00,0.20304488,0.99812055,1.9915189,0.5011856,0
2019-11-15 12:00:00,1.3663739,1.0000273,2.0005307,0.499881,0
2019-12-16 00:00:00,1.1855618,0.99983245,2.0001173,0.4998869,0
2020-01-16 00:00:00,0.6923822,1.0000123,2.0002587,0.49994147,0
2020-02-15 00:00:00,0.25312215,0.9998084,1.9996388,0.4999945,0
2020-03-16 00:00:00,0.37239486,0.9998286,1.9999444,0.49992818,0
2020-04-15 12:00:00,3.2323308,0.99995255,2.0002782,0.49990672,0
2020-05-16 00:00:00,0.035274982,1.0000454,1.9998223,0.5000672,0
2020-06-15 12:00:00,0.63325775,1.0003309,2.001404,0.49981457,0
2020-07-16 00:00:00,0.011286807,1.0001293,2.001275,0.49974605,0
2020-08-16 00:00:00,0.14754713,1.0001884,2.0010655,0.4998279,0
2020-09-15 12:00:00,0.41604948,0.9987971,1.9953173,0.50057054,0
2020-10-16 00:00:00,0.083175175,0.99804515,1.9910077,0.5012764,0
2020-11-15 12:00:00,0.22158557,1.0000572,1.9998802,0.5000586,0
2020-12-16 00:00:00,0.35623398,1.000016,2.0004387,0.49989834,0
2021-01-16 00:00:00,0.19210203,0.9998276,2.000026,0.4999073,0
2021-02-14 12:00:00,0.4914719,1.0000166,1.9998882,0.50003624,0
2021-03-16 00:00:00,1.8433919,0.99998665,2.000412,0.49989036,0
2021-04-15 12:00:00,0.3773423,1.000326,2.0007622,0.49997246,0
2021-05-16 00:00:00,0.03668494,1.0004376,1.9995083,0.50034183,0
2021-06-15 12:00:00,0.26594108,1.0001122,2.0015528,0.49966815,0
2021-07-16 00:00:00,0.69656706,1.0006741,2.0018106,0.49988455,0
2021-08-16 00:00:00,0.06749185,0.9988549,1.9956957,0.5005046,0
2021-09-15 12:00:00,0.60706806,0.9996271,2.000029,0.49980628,0
2021-10-16 00:00:00,0.4710268,0.99981755,2.000004,0.49990776,0
2021-11-15 12:00:00,0.06333327,1.0002855,2.0007417,0.49995735,0
2021-12-16 00:00:00,0.22373568,0.99985164,2.0002491,0.49986356,0
2022-01-16 00:00:00,0.08151887,1.0000551,2.0022411,0.49946785,0
2022-02-14 12:00:00,0.71298176,1.0000867,1.9983051,0.5004675,0
2022-03-16 00:00:00,0.047447022,1.0000772,2.000475,0.49991992,0
2022-04-15 12:00:00,0.83756423,0.99996006,2.0001507,0.49994236,0
2022-05-16 00:00:00,1.2919905,1.0001236,2.0001104,0.5000342,0
2022-06-15 12:00:00,0.039770164,1.0001913,2.000573,0.49995244,0
2022-07-16 00:00:00,0.57150936,0.9997464,2.000113,0.49984494,0
2022-08-16 00:00:00,0.8373063,1.0005994,1.9998329,0.5003415,0
2022-09-15 12:00:00,0.1465431,1.0001376,2.0005465,0.4999322,0
2022-10-16 00:00:00,0.22954734,0.9994101,1.9982289,0.50014794,0
2022-11-15 12:00:00,0.12419219,0.9999439,2.0003316,0.49988908,0
2022-12-16 00:00:00,0.2699362,0.999863,2.0003238,0.4998506,0
2023-01-16 00:00:00,0.42287934,0.99986154,2.000312,0.49985278,0
2023-02-14 12:00:00,0.38587213,0.9998186,1.9999622,0.49991876,0
2023-03-16 00:00:00,0.1977019,0.9998578,2.0002887,0.49985674,0
2023-04-15 12:00:00,0.06018848,1.0003079,2.000421,0.5000487,0
2023-05-16 00:00:00,0.52443975,1.0000278,2.000312,0.49993587,0
2023-06-15 12:00:00,0.5749006,1.0000578,1.9985577,0.50038975,0
2023-07-16 00:00:00,1.064265,0.99953675,1.998833,0.5000602,0
2023-08-16 00:00:00,0.1489654,1.0001484,1.9989665,0.5003328,0
2023-09-15 12:00:00,0.2672765,1.0000665,1.9985585,0.5003939,0
2023-10-16 00:00:00,0.21509719,1.0003965,2.0013115,0.49987045,0
2023-11-15 12:00:00,0.18843155,1.0000248,2.0004492,0.49990013,0
2023-12-16 00:00:00,0.16626751,0.9998621,2.0001113,0.4999032,0
2024-01-16 00:00:00,1.0374588,0.99982,2.0000045,0.49990886,0
2024-02-15 00:00:00,0.2107287,0.9998388,2.0001612,0.49987912,0
2024-03-16 00:00:00,0.15747759,0.99981946,1.9999942,0.4999112,0
2024-04-15 12:00:00,0.32466117,1.0000503,2.000625,0.49986896,0
2024-05-16 00:00:00,0.21893522,1.0002154,2.000104,0.5000817,0
2024-06-15 12:00:00,1.2102556,0.9998936,2.000339,0.49986207,0
2024-07-16 00:00:00,0.24513759,1.0003017,2.0016005,0.49975094,0
2024-08-16 00:00:00,0.08261423,1.0000533,2.0012634,0.49971098,0
2024-09-15 12:00:00,0.11110576,1.000523,2.0011766,0.49996737,0
2024-10-16 00:00:00,0.37903586,1.000249,1.998785,0.5004285,0
2024-11-15 12:00:00,0.019559914,0.99981797,1.999943,0.49992323,0
2024-12-16 00:00:00,1.3325336,0.9998195,1.9999363,0.49992567,0
2025-01-16 00:00:00,0.37243783,1.0000316,1.9988943,0.50029236,0
2025-02-14 12:00:00,1.63383,0.9998266,2.0000806,0.49989316,0
2025-03-16 00:00:00,0.20651263,0.99981856,1.9999583,0.4999197,0
2025-04-15 12:00:00,1.0673281,1.0001261,1.9996643,0.500147,0
2025-05-16 00:00:00,0.29653713,1.0003572,1.9993279,0.5003467,0
2025-06-15 12:00:00,0.7165686,0.99985075,2.000211,0.49987262,0
