time,latent,mu,logvar
1940-01-16 00:00:00,0.03343956,0.0064430833,0.0011089891
1940-02-15 00:00:00,-0.8293506,0.007931381,0.0014977679
1940-03-16 00:00:00,-0.23801808,0.0051099956,0.0011794716
1940-04-15 12:00:00,0.15334429,-0.0013008267,-0.0031532124
1940-05-16 00:00:00,-0.482484,-0.0022312105,-0.002058722
1940-06-15 12:00:00,0.3838363,-0.0024058819,-0.0021070167
1940-07-16 00:00:00,-0.28309748,-0.003001064,-0.0022685453
1940-08-16 00:00:00,0.5267269,-0.0032140017,-0.0016715378
1940-09-15 12:00:00,-0.6967896,-0.0023529083,-0.002665408
1940-10-16 00:00:00,0.29855472,-0.0006608516,-0.0014787838
1940-11-15 12:00:00,2.5167212,-0.0015459657,-0.0016066357
1940-12-16 00:00:00,-0.83525884,0.007397875,0.0015221313
1941-01-16 00:00:00,0.6020657,0.0053961575,0.0015772134
1941-02-14 12:00:00,-0.5201562,0.0066887885,0.0024920031
1941-03-16 00:00:00,-0.57917327,0.0030390024,-0.00040459633
1941-04-15 12:00:00,0.4362523,0.0029291213,-0.0019349232
1941-05-16 00:00:00,-1.2705053,-5.917251e-05,-0.0008636415
1941-06-15 12:00:00,-0.79235995,-0.0025157928,-0.0013696924
1941-07-16 00:00:00,-2.1905446,-0.002735585,-0.0022622496
1941-08-16 00:00:00,-0.17863478,-0.0018745363,-0.002649732
1941-09-15 12:00:00,-0.13655443,-0.0031412244,-0.0019127503
1941-10-16 00:00:00,-0.023614585,-0.0020228028,-0.001439929
1941-11-15 12:00:00,1.5810196,7.4505806e-06,-0.00056505203
1941-12-16 00:00:00,0.31948376,0.0070250332,0.0010800809
1942-01-16 00:00:00,-0.33899686,0.005216807,0.0007690266
1942-02-14 12:00:00,0.25883856,0.0041199923,0.00044927746
1942-03-16 00:00:00,0.3796057,-8.518994e-05,-0.0011987612
1942-04-15 12:00:00,-0.21032985,0.0033577979,6.2420964e-05
1942-05-16 00:00:00,0.61157304,0.0005284697,-0.002656117
1942-06-15 12:00:00,1.0817382,-0.0029898286,-0.0021701679
1942-07-16 00:00:00,1.6312686,-0.0031701326,-0.0020661503
1942-08-16 00:00:00,0.70082986,-0.0031770766,-0.0016819388
1942-09-15 12:00:00,0.44736513,-0.0033201873,-0.0019141585
1942-10-16 00:00:00,0.22846991,-0.002665162,-0.0023676977
1942-11-15 12:00:00,0.7412269,0.005251974,0.0009627938
1942-12-16 00:00:00,1.5740137,-0.00072702765,1.835823e-05
1943-01-16 00:00:00,-0.52560306,0.006279677,0.0023261681
1943-02-14 12:00:00,-1.3408953,0.00039117038,-0.00040895492
1943-03-16 00:00:00,0.8004441,0.003174603,0.0006045848
1943-04-15 12:00:00,-1.7264928,-0.0005374849,-0.0012057498
1943-05-16 00:00:00,-0.5071196,-0.0029944927,-0.0021848828
1943-06-15 12:00:00,-0.36452845,-0.0024638176,-0.0020131841
1943-07-16 00:00:00,0.03954241,-0.002763927,-0.002131857
1943-08-16 00:00:00,-0.9136479,-0.003329426,-0.0019745976
1943-09-15 12:00:00,0.38088736,-0.0032980442,-0.0018186644
1943-10-16 00:00:00,-0.13448294,-0.0010737032,-0.0017412677
1943-11-15 12:00:00,0.55797243,-0.002300024,-0.001946345
1943-12-16 00:00:00,1.1344641,0.0004543066,-0.00018214434
1944-01-16 00:00:00,-0.32320035,0.0022092015,0.00015345961
1944-02-15 00:00:00,1.2233497,0.0047371835,0.0015994087
1944-03-16 00:00:00,-0.64735824,0.00051766634,-0.00058338046
1944-04-15 12:00:00,0.1484937,0.0006787628,-0.0007296279
1944-05-16 00:00:00,0.5606228,-0.0016659796,-0.002447933
1944-06-15 12:00:00,-0.6023346,-0.0023279488,-0.001914233
1944-07-16 00:00:00,1.2856061,-0.003214538,-0.0020952374
1944-08-16 00:00:00,0.96281034,-0.0033445805,-0.0019265264
1944-09-15 12:00:00,1.4262896,-0.0032027513,-0.0021258965
1944-10-16 00:00:00,-0.537988,-0.0010166764,-0.0013006628
1944-11-15 12:00:00,1.815361,0.004106924,0.0006166175
1944-12-16 00:00:00,-1.1275642,0.0015487075,0.0009232834
1945-01-16 00:00:00,0.019436084,-0.002210483,-0.0015378222
1945-02-14 12:00:00,1.3918462,0.0042179674,-0.00062984973
1945-03-16 00:00:00,-0.81188303,0.0042506456,0.0003055036
1945-04-15 12:00:00,-0.3772293,-0.0018111169,-0.0021309182
1945-05-16 00:00:00,0.18665895,-0.00038476288,-0.0024493784
1945-06-15 12:00:00,-1.2147706,-0.002798587,-0.0022184402
1945-07-16 00:00:00,3.3661613,-0.0031487048,-0.002011776
1945-08-16 00:00:00,-0.3362889,-0.0030325055,-0.0022388324
1945-09-15 12:00:00,-1.5082811,-0.0031830966,-0.0018046349
1945-10-16 00:00:00,0.5039388,0.002110511,-0.0005990043
1945-11-15 12:00:00,-0.6405972,0.0022949278,0.00010332465
1945-12-16 00:00:00,1.2917908,0.0062453747,0.0016195774
1946-01-16 00:00:00,-1.1177582,6.0468912e-05,-0.0010646284
1946-02-14 12:00:00,0.2057256,-0.00015316904,-0.0011392459
1946-03-16 00:00:00,-0.5862111,0.0028663874,0.00034838915
1946-04-15 12:00:00,-0.41889164,-0.0025869906,-0.0019854829
1946-05-16 00:00:00,-0.6260621,-0.0023575425,-0.0012516677
1946-06-15 12:00:00,0.5561215,-0.0033125728,-0.00193692
1946-07-16 00:00:00,2.2172453,-0.0026838183,-0.002221115
1946-08-16 00:00:00,-0.5360352,-0.0032455623,-0.0017954931
1946-09-15 12:00:00,-0.84644675,-0.0032717288,-0.0018580407
1946-10-16 00:00:00,1.0351218,-0.0015788972,-0.0013958141
1946-11-15 12:00:00,-0.52304596,0.0044694096,0.0019632727
1946-12-16 00:00:00,-0.97981924,0.00032766163,0.001414001
1947-01-16 00:00:00,0.22432196,-0.0012902617,-0.0010089949
1947-02-14 12:00:00,-1.0585086,0.0012868643,-0.000955835
1947-03-16 00:00:00,-0.20629033,0.0030037612,0.00032877922
1947-04-15 12:00:00,-0.32014343,-0.0014875233,-0.0021168217
1947-05-16 00:00:00,0.2377795,-0.0017395765,-0.0028332025
1947-06-15 12:00:00,0.34451845,-0.0012742877,-0.0017718375
1947-07-16 00:00:00,1.5158417,-0.0032819808,-0.0020146742
1947-08-16 00:00:00,-0.69894874,-0.002843231,-0.00214196
1947-09-15 12:00:00,0.51197433,-0.003120482,-0.0018673912
1947-10-16 00:00:00,0.18920244,0.0020880103,-0.00053902715
1947-11-15 12:00:00,-1.7712334,-0.0015693903,-0.00084552914
1947-12-16 00:00:00,0.26872477,-0.00035732985,-0.0012487546
1948-01-16 00:00:00,-1.2975094,0.0010711253,-0.0004492104
1948-02-15 00:00:00,-0.48501062,0.00032950938,-0.00017101318
1948-03-16 00:00:00,1.5745362,0.0053275973,0.0006959364
1948-04-15 12:00:00,0.06824557,0.0061750114,0.0009743348
1948-05-16 00:00:00,1.3625562,0.0009127557,-0.0020172223
1948-06-15 12:00:00,1.5342984,-0.0016950965,-0.0013763458
1948-07-16 00:00:00,-1.6108265,-0.003175363,-0.0020346045
1948-08-16 00:00:00,-0.97497237,-0.0033210218,-0.0019536242
1948-09-15 12:00:00,0.019999245,-0.002948746,-0.0019142926
1948-10-16 00:00:00,-0.69692343,-0.0021286607,-0.0019105971
1948-11-15 12:00:00,1.5453345,-0.0003964603,-0.0017822906
1948-12-16 00:00:00,-0.55622697,0.005085066,0.0016712546
1949-01-16 00:00:00,1.902163,0.00030738115,-0.0011808276
1949-02-14 12:00:00,-0.3485584,0.0030014217,-0.00046475977
1949-03-16 00:00:00,-2.4749358,0.006792605,0.0021010563
1949-04-15 12:00:00,1.602681,-0.0018048137,-0.0013215542
1949-05-16 00:00:00,-2.2531493,0.00021252036,-0.0013827905
1949-06-15 12:00:00,0.37369508,-0.0032775104,-0.0017365217
1949-07-16 00:00:00,-2.083923,-0.0032399297,-0.001958631
1949-08-16 00:00:00,0.58720195,-0.0029892027,-0.0022770688
1949-09-15 12:00:00,-0.97771424,-0.0031184554,-0.0018177405
1949-10-16 00:00:00,-0.60217893,-0.0027280748,-0.0019397959
1949-11-15 12:00:00,2.1433153,0.0005990267,-0.0010700598
1949-12-16 00:00:00,0.19954619,0.0013852715,-0.0012865216
1950-01-16 00:00:00,-0.27802122,0.006353155,0.0025341809
1950-02-14 12:00:00,0.739467,0.001550585,0.0012341514
1950-03-16 00:00:00,-1.9599389,0.0018974245,-0.00010163337
1950-04-15 12:00:00,1.507019,0.0003938973,-6.631017e-05
1950-05-16 00:00:00,1.461873,-0.001288414,-0.0018013269
1950-06-15 12:00:00,0.43565586,-0.002542019,-0.0023161843
1950-07-16 00:00:00,-0.024031203,-0.0030141324,-0.0018619224
1950-08-16 00:00:00,-0.11465443,-0.0031620413,-0.0020653382
1950-09-15 12:00:00,-0.9598509,-0.0020279586,-0.0015982911
1950-10-16 00:00:00,-0.59465945,0.0031037629,0.0012329742
1950-11-15 12:00:00,1.8863733,0.005530834,0.0013410375
1950-12-16 00:00:00,-0.88784325,0.004977569,0.0012810007
1951-01-16 00:00:00,-0.5684487,0.0050457716,0.0008723438
1951-02-14 12:00:00,1.2818879,0.0018104613,0.0008164421
1951-03-16 00:00:00,-0.3862766,-6.106496e-05,-0.0007443428
1951-04-15 12:00:00,-0.85198575,0.0004913807,-0.0013051629
1951-05-16 00:00:00,0.4885566,-0.00058573484,-0.002737984
1951-06-15 12:00:00,1.513371,-0.002802223,-0.0018052161
1951-07-16 00:00:00,-0.4774247,-0.0031554997,-0.0017144084
1951-08-16 00:00:00,0.119375624,-0.0028657615,-0.0019208938
1951-09-15 12:00:00,1.1498231,-0.0031547248,-0.0019795746
1951-10-16 00:00:00,-1.3458853,-0.00013107061,-0.00059241056
1951-11-15 12:00:00,0.3703,0.0029796064,0.0013043508
1951-12-16 00:00:00,-0.41533467,0.0064991415,0.0020522177
1952-01-16 00:00:00,2.20131,0.0067577064,0.0029478893
1952-02-15 00:00:00,-0.09655621,0.0028851181,0.00064378977
1952-03-16 00:00:00,0.7307178,0.0056538284,0.0020645857
1952-04-15 12:00:00,-0.032061763,0.0009802878,-0.0023167282
1952-05-16 00:00:00,1.255033,-0.001994729,-0.0011100769
1952-06-15 12:00:00,-0.13058256,-0.00096055865,-0.001995124
1952-07-16 00:00:00,0.03267236,-0.002061382,-0.0019901395
1952-08-16 00:00:00,0.05645667,-0.003185451,-0.002184391
1952-09-15 12:00:00,1.5050757,-0.002562791,-0.002394788
1952-10-16 00:00:00,-1.2901427,-0.003301233,-0.0019910708
1952-11-15 12:00:00,0.87135327,0.0015967488,-0.00020432472
1952-12-16 00:00:00,-0.5104544,0.007586926,0.0039490536
1953-01-16 00:00:00,0.15147151,0.0048133135,0.0014230981
1953-02-14 12:00:00,0.761825,-0.0025996566,-0.0015099496
1953-03-16 00:00:00,-1.2812912,0.0017385781,0.00017745793
1953-04-15 12:00:00,-0.15970376,0.0010793805,-0.0013890415
1953-05-16 00:00:00,-0.337151,0.0010791123,-0.003018126
1953-06-15 12:00:00,-0.056701243,-0.0015580058,-0.0019233301
1953-07-16 00:00:00,-0.27428192,-0.0030718744,-0.0018342137
1953-08-16 00:00:00,3.3669856,-0.0026926696,-0.0024688616
1953-09-15 12:00:00,-0.5230705,-0.0030731559,-0.0018465817
1953-10-16 00:00:00,0.050989687,-0.001562044,-0.0022808686
1953-11-15 12:00:00,0.7685863,0.00093996525,-3.0070543e-05
1953-12-16 00:00:00,-0.6244395,-0.0017965436,-0.0010670125
1954-01-16 00:00:00,0.33757284,0.004713446,0.00094659626
1954-02-14 12:00:00,0.44284964,0.0015969723,0.0003927052
1954-03-16 00:00:00,-0.91568124,0.0040407777,0.00085142255
1954-04-15 12:00:00,0.6619432,-0.0006798804,-0.001645647
1954-05-16 00:00:00,-0.2548918,-0.0024189502,-0.0025983453
1954-06-15 12:00:00,-0.7578615,-0.0020519793,-0.0016397089
1954-07-16 00:00:00,0.6136029,-0.0029846132,-0.0018167123
1954-08-16 00:00:00,0.35594952,-0.0031770915,-0.002080351
1954-09-15 12:00:00,0.40290457,-0.003297925,-0.0018594265
1954-10-16 00:00:00,1.2807999,-0.0030276328,-0.0022381395
1954-11-15 12:00:00,-1.1738036,0.0014229864,-0.0011822432
1954-12-16 00:00:00,1.9063786,0.0031155646,0.0027038679
1955-01-16 00:00:00,-0.318793,0.0024645776,9.102374e-05
1955-02-14 12:00:00,1.607983,0.00027275085,-0.0009566322
1955-03-16 00:00:00,0.84235144,-0.002164051,-0.0018531084
1955-04-15 12:00:00,0.098413154,0.0021648407,0.0009834468
1955-05-16 00:00:00,-1.5127552,-0.0009292066,-0.0026335716
1955-06-15 12:00:00,0.87313473,-0.00271976,-0.002902791
1955-07-16 00:00:00,-1.9809788,-0.0028262883,-0.0023705438
1955-08-16 00:00:00,0.15051834,-0.003250599,-0.0018998459
1955-09-15 12:00:00,0.80435705,-0.0027720332,-0.0014613643
1955-10-16 00:00:00,-0.057891227,-0.0026857704,-0.0019303933
1955-11-15 12:00:00,0.56718326,0.0009678751,-0.00017172843
1955-12-16 00:00:00,-0.36105087,0.006870717,0.0050294325
1956-01-16 00:00:00,-0.4545852,0.0053233653,0.0019308552
1956-02-15 00:00:00,-1.888489,0.0021354705,0.00081508607
1956-03-16 00:00:00,0.09867927,-0.0023211539,-0.0017962828
1956-04-15 12:00:00,2.4878995,0.0012229532,-2.3335218e-05
1956-05-16 00:00:00,0.29880998,-0.00055134296,-0.002640769
1956-06-15 12:00:00,-0.65640354,-0.003242001,-0.0022490919
1956-07-16 00:00:00,-0.77313083,-0.0024789572,-0.0021115392
1956-08-16 00:00:00,-0.06817803,-0.0032450557,-0.0018299147
1956-09-15 12:00:00,-0.7077275,-0.0031150728,-0.0017077997
1956-10-16 00:00:00,-0.18814243,0.00045892596,6.4082444e-05
1956-11-15 12:00:00,-0.6110462,-0.0030747056,-0.0019519106
1956-12-16 00:00:00,0.19241731,-0.0018154085,-0.0012949407
1957-01-16 00:00:00,0.9912177,0.0026045293,0.0006112829
1957-02-14 12:00:00,-0.87905025,0.002241999,0.0013298318
1957-03-16 00:00:00,0.63991916,0.0026217252,-0.00031101704
1957-04-15 12:00:00,1.7006681,0.00027939677,-0.0008419454
1957-05-16 00:00:00,-1.5454333,0.0036203563,-0.0015157461
1957-06-15 12:00:00,-1.5080931,-0.0030224025,-0.0023672432
1957-07-16 00:00:00,0.17753273,-0.0031422526,-0.0018677115
1957-08-16 00:00:00,-1.0383279,-0.0032316446,-0.0018958375
1957-09-15 12:00:00,0.82218796,-0.00156492,-0.0010070875
1957-10-16 00:00:00,-0.40398467,0.0020878017,-0.001557745
1957-11-15 12:00:00,0.8422125,-0.00034749508,-0.0011886582
1957-12-16 00:00:00,-0.35996115,0.0023439676,0.0013869181
1958-01-16 00:00:00,-1.9995301,0.0027555823,0.0009058863
1958-02-14 12:00:00,-0.79068327,0.0077068806,0.00140623
1958-03-16 00:00:00,-0.51744497,0.0063375384,0.0011188462
1958-04-15 12:00:00,0.029123131,0.004501283,0.00056275725
1958-05-16 00:00:00,0.15727,-0.0007931441,-0.0004101619
1958-06-15 12:00:00,0.097053014,-0.0021345615,-0.0024287626
1958-07-16 00:00:00,-1.1775832,-0.0024158359,-0.0017595515
1958-08-16 00:00:00,-0.109946705,-0.00238882,-0.002414383
1958-09-15 12:00:00,-1.3063495,-0.0027554184,-0.001323767
1958-10-16 00:00:00,-2.4942663,-0.0032043904,-0.002036661
1958-11-15 12:00:00,-1.3910748,-0.0016786307,-0.001638703
1958-12-16 00:00:00,-0.6806823,-0.0012225211,-0.0015019774
1959-01-16 00:00:00,1.4569968,0.004765004,0.00085093826
1959-02-14 12:00:00,1.0840235,0.0059608817,0.0019377396
1959-03-16 00:00:00,-0.68553203,-0.0010897517,-0.0012148321
1959-04-15 12:00:00,0.04592539,-0.002060175,-0.0018510967
1959-05-16 00:00:00,-0.8649386,-0.0016934574,-0.0026346669
1959-06-15 12:00:00,1.7511375,-0.0032189786,-0.0015313998
1959-07-16 00:00:00,1.3097513,-0.0030293763,-0.0017317533
1959-08-16 00:00:00,-0.5947571,-0.0024944246,-0.0024575964
1959-09-15 12:00:00,-1.412122,-0.0009122193,-0.0017578676
1959-10-16 00:00:00,0.33594844,-0.00317806,-0.0021111518
1959-11-15 12:00:00,-3.1182687,-0.0032984167,-0.0019624904
1959-12-16 00:00:00,1.3938563,-0.000564903,-0.0010726228
1960-01-16 00:00:00,-1.410161,0.004170537,0.0013546124
1960-02-15 00:00:00,1.2879338,0.005450189,0.0015640706
1960-03-16 00:00:00,-1.2227159,0.0015223622,0.00023385137
1960-04-15 12:00:00,-0.46746615,-0.00010737777,-0.00071933866
1960-05-16 00:00:00,0.21388394,-0.0020022094,-0.0017862618
1960-06-15 12:00:00,-0.21920267,-0.0031277537,-0.0018739551
1960-07-16 00:00:00,-0.45722026,-0.0019869953,-0.0030440912
1960-08-16 00:00:00,0.40669635,-0.0032978654,-0.0018407702
1960-09-15 12:00:00,0.375922,-0.0030476153,-0.0017478913
1960-10-16 00:00:00,-1.0233436,-0.0022819638,-0.0016070679
1960-11-15 12:00:00,1.1278127,0.0043489784,0.0018122643
1960-12-16 00:00:00,-0.111142315,0.00036743283,9.917468e-05
1961-01-16 00:00:00,0.024718393,0.0006842762,-0.00039153546
1961-02-14 12:00:00,0.6182149,0.0008966327,-0.0016082749
1961-03-16 00:00:00,0.91588163,0.0031510293,0.0011979342
1961-04-15 12:00:00,0.7439306,-0.00075647235,-0.002143018
1961-05-16 00:00:00,0.6090005,7.909536e-05,-0.0009793937
1961-06-15 12:00:00,0.29777348,-0.0024659783,-0.0024090558
1961-07-16 00:00:00,-0.1524437,-0.002547428,-0.002165638
1961-08-16 00:00:00,-0.97169644,-0.000659287,-0.0021273047
1961-09-15 12:00:00,0.92428374,-0.002292782,-0.0017186403
1961-10-16 00:00:00,1.8250933,-0.0024576187,-0.001454018
1961-11-15 12:00:00,0.09787131,0.002661258,0.0022195876
1961-12-16 00:00:00,0.23058377,0.001394555,0.0006411895
1962-01-16 00:00:00,-0.21792607,0.00047565997,-0.0008162558
1962-02-14 12:00:00,-0.17165555,0.006738484,0.0021081492
1962-03-16 00:00:00,0.43072593,0.0027723014,-0.00055158883
1962-04-15 12:00:00,1.1038839,-0.0024288446,-0.0020791218
1962-05-16 00:00:00,-0.6693195,-0.0017736554,-0.002233997
1962-06-15 12:00:00,1.122677,-0.002794236,-0.0012879223
1962-07-16 00:00:00,0.31421,-0.002497524,-0.002337411
1962-08-16 00:00:00,0.059576713,-0.0030916333,-0.00187549
1962-09-15 12:00:00,0.5061062,-0.0029549003,-0.0018292218
1962-10-16 00:00:00,-0.24905092,0.0037372708,0.002609238
1962-11-15 12:00:00,1.7207812,-0.0019402951,-0.0010718331
1962-12-16 00:00:00,0.79640436,0.00121966,0.0016667768
1963-01-16 00:00:00,2.1627433,0.004745811,0.0005738735
1963-02-14 12:00:00,1.4221354,0.0019528866,-0.00032974035
1963-03-16 00:00:00,2.2782402,0.004465699,0.0005238503
1963-04-15 12:00:00,1.3114674,0.0050988793,-0.001299046
1963-05-16 00:00:00,0.7239008,-3.8444996e-06,-0.0020881742
1963-06-15 12:00:00,1.4872043,-0.0020166934,-0.0011853203
1963-07-16 00:00:00,1.2561692,-0.003318116,-0.0018391982
1963-08-16 00:00:00,-0.30114007,-0.0028279275,-0.0021683648
1963-09-15 12:00:00,0.73233914,-0.0023690164,-0.0018766597
1963-10-16 00:00:00,2.891409,0.0004632175,-0.0012736246
1963-11-15 12:00:00,1.508937,0.004725218,0.0010509044
1963-12-16 00:00:00,1.3220567,-0.0025823265,-0.0016946793
1964-01-16 00:00:00,0.2862707,0.0030698776,0.00072322786
1964-02-15 00:00:00,0.14893378,-0.002725929,-0.0020036325
1964-03-16 00:00:00,1.7584946,0.0016546547,0.00060557574
1964-04-15 12:00:00,0.14260393,-0.0015692115,-0.0023977086
1964-05-16 00:00:00,0.25739786,-0.0012502074,-0.0017458126
1964-06-15 12:00:00,-0.25843364,-0.0019759089,-0.001648739
1964-07-16 00:00:00,-1.6124967,-0.0030254275,-0.002035804
1964-08-16 00:00:00,-0.8012508,-0.0028859675,-0.0020446107
1964-09-15 12:00:00,0.33324325,-0.003305316,-0.0016983673
1964-10-16 00:00:00,1.8155743,-0.0007612258,-0.0013028979
1964-11-15 12:00:00,0.94911295,0.0038895458,0.0013712421
1964-12-16 00:00:00,1.6566958,0.007283181,0.0041070282
1965-01-16 00:00:00,-0.788658,0.004609078,0.0017236322
1965-02-14 12:00:00,-1.1561437,-0.001786381,-0.0009758547
1965-03-16 00:00:00,1.2232081,0.0011990219,-0.0018084422
1965-04-15 12:00:00,-0.44381094,0.0036590993,-0.00067441165
1965-05-16 00:00:00,0.9930298,-0.0024826676,-0.0023060367
1965-06-15 12:00:00,-0.74184215,-0.0018538684,-0.0022533238
1965-07-16 00:00:00,-1.2451487,-0.0022225082,-0.0024474114
1965-08-16 00:00:00,-2.1023083,-0.0014516115,-0.0018981248
1965-09-15 12:00:00,-3.3621569,-0.0027388334,-0.0018423945
1965-10-16 00:00:00,-1.0464011,-0.0031073391,-0.0019612014
1965-11-15 12:00:00,-1.7868265,0.006307408,0.0022084787
1965-12-16 00:00:00,-0.34017035,0.0039918125,-0.0007328987
1966-01-16 00:00:00,-0.6061991,0.0011193752,-0.0008659363
1966-02-14 12:00:00,-1.8257642,0.0008329302,0.00064424425
1966-03-16 00:00:00,0.4960215,-0.0015790612,-0.0010058507
1966-04-15 12:00:00,0.57673836,-0.0020231009,-0.0022654235
1966-05-16 00:00:00,-1.088413,-0.0020474792,-0.0024879202
1966-06-15 12:00:00,0.5531686,-0.0028699636,-0.0021452308
1966-07-16 00:00:00,0.33474582,-0.0029370338,-0.0016270727
1966-08-16 00:00:00,-0.19426757,-0.0029534996,-0.00221131
1966-09-15 12:00:00,1.1428509,-0.002837479,-0.0019784197
1966-10-16 00:00:00,-1.1343746,-0.0033141077,-0.0019513369
1966-11-15 12:00:00,0.48711097,0.0043786764,0.0016778931
1966-12-16 00:00:00,-0.7948605,0.004576683,-8.456409e-06
1967-01-16 00:00:00,1.0030291,0.006427631,0.0030613616
1967-02-14 12:00:00,-0.064519614,-0.0026482642,-0.0013692826
1967-03-16 00:00:00,0.6536354,0.0053606927,0.0012308508
1967-04-15 12:00:00,0.62005377,0.005949825,-0.0010662377
1967-05-16 00:00:00,-0.89456314,-0.0018752813,-0.0025047362
1967-06-15 12:00:00,-0.82732546,-0.001132071,-0.003870748
1967-07-16 00:00:00,-0.1018855,-0.0027619004,-0.0022339746
1967-08-16 00:00:00,0.4635039,-0.0026654005,-0.0017313734
1967-09-15 12:00:00,0.1762091,-0.0023896396,-0.0023610592
1967-10-16 00:00:00,0.6935335,-0.0021748096,-0.0015836582
1967-11-15 12:00:00,0.8576444,0.0013259202,-0.00063191354
1967-12-16 00:00:00,-0.547208,0.0017026067,0.0017260313
1968-01-16 00:00:00,-0.1917571,0.0044480264,0.0015994012
1968-02-15 00:00:00,-0.583385,0.00076025724,0.00010307878
1968-03-16 00:00:00,1.7279968,0.0023010522,-0.0008434355
1968-04-15 12:00:00,-0.10721645,-0.0023348033,-0.0014059097
1968-05-16 00:00:00,0.16217603,-0.0017609894,-0.0020062402
1968-06-15 12:00:00,-0.117680214,-0.0028232783,-0.0020460933
1968-07-16 00:00:00,1.6928356,-0.0026789904,-0.0024038255
1968-08-16 00:00:00,0.029823646,-0.0023331642,-0.0023277327
1968-09-15 12:00:00,-0.14660507,-0.0032341182,-0.0015587583
1968-10-16 00:00:00,1.3497076,-0.00099352,-0.0008043125
1968-11-15 12:00:00,0.13633743,0.0012848377,-0.00020368397
1968-12-16 00:00:00,0.69898885,0.0051404685,0.0020057708
1969-01-16 00:00:00,-0.4159612,0.00789842,0.0030450597
1969-02-14 12:00:00,-0.47891995,0.007396698,0.0014561936
1969-03-16 00:00:00,-0.08733744,-0.00045649707,-0.0015833452
1969-04-15 12:00:00,-1.0565712,0.00078111887,-0.00022948533
1969-05-16 00:00:00,-0.034225557,-0.0028544664,-0.0024951026
1969-06-15 12:00:00,0.64452267,-0.001428932,-0.0018421933
1969-07-16 00:00:00,2.0341005,-0.0029156953,-0.002116464
1969-08-16 00:00:00,0.42272195,-0.0032824874,-0.0018390492
1969-09-15 12:00:00,1.1912042,-0.0032182634,-0.0018640459
1969-10-16 00:00:00,0.12245019,-0.0010745823,-0.0017343238
1969-11-15 12:00:00,-1.1201571,-0.0004311502,-0.0012701154
1969-12-16 00:00:00,-0.9654604,0.0038054585,0.0017952323
1970-01-16 00:00:00,1.1315056,0.007870868,0.0029767677
1970-02-14 12:00:00,0.8831187,0.0007546097,-0.0005130619
1970-03-16 00:00:00,0.38105208,-1.5676022e-05,0.00019913912
1970-04-15 12:00:00,-0.73771703,-0.0015465468,-0.0025645941
1970-05-16 00:00:00,-0.073394164,-0.0031234324,-0.0018513799
1970-06-15 12:00:00,-1.2275825,-0.002169013,-0.0017201826
1970-07-16 00:00:00,-0.3212159,-0.0029013455,-0.0016504452
1970-08-16 00:00:00,-1.1949121,-0.0032331944,-0.0019140244
1970-09-15 12:00:00,1.2466319,-0.0033237934,-0.0019907877
1970-10-16 00:00:00,0.539778,-0.0015562475,-0.001238063
1970-11-15 12:00:00,-1.0834403,0.0064935386,0.0036375374
1970-12-16 00:00:00,0.72081304,0.0054151565,0.0024846569
1971-01-16 00:00:00,0.4563247,0.0007483959,1.16974115e-05
1971-02-14 12:00:00,0.4300029,-0.0016368032,-0.00072764605
1971-03-16 00:00:00,1.5549264,0.0024198294,0.00036406517
1971-04-15 12:00:00,-0.011211508,-0.0012029707,-0.0017865747
1971-05-16 00:00:00,-0.0021120503,0.00021420419,-0.0013205558
1971-06-15 12:00:00,1.5399084,-0.002867341,-0.0024276972
1971-07-16 00:00:00,-0.4655018,-0.0028747618,-0.002289407
1971-08-16 00:00:00,1.2148983,-0.002950251,-0.0022439137
1971-09-15 12:00:00,-1.5350069,-0.0028946847,-0.0017005801
1971-10-16 00:00:00,-0.78330576,-0.0024424642,-0.0017355233
1971-11-15 12:00:00,0.34591243,0.00081425905,0.00019173324
1971-12-16 00:00:00,-0.25561506,0.005436644,0.0029662773
1972-01-16 00:00:00,-0.5728191,-0.0008844137,-0.00077071786
1972-02-15 00:00:00,0.7584505,-0.00045347214,-0.00023325533
1972-03-16 00:00:00,0.3821822,-0.0020778477,-0.0019051135
1972-04-15 12:00:00,-0.34630272,-0.000703454,-0.0010824576
1972-05-16 00:00:00,-1.9686232,-0.0022869706,-0.0024321377
1972-06-15 12:00:00,-0.22599734,-0.0020746589,-0.0025080144
1972-07-16 00:00:00,-2.4816868,-0.0030102134,-0.0020770133
1972-08-16 00:00:00,0.3383394,-0.0028920472,-0.0016113371
1972-09-15 12:00:00,0.7000843,-0.0021249354,-0.0018470436
1972-10-16 00:00:00,-0.30026004,0.0016215146,-0.0024154484
1972-11-15 12:00:00,-0.41261083,0.0051105767,0.0016108826
1972-12-16 00:00:00,0.4504996,0.0024401993,0.00020415336
1973-01-16 00:00:00,0.3881693,0.0063438714,0.0016744435
1973-02-14 12:00:00,0.4802325,0.006665975,0.0028053597
1973-03-16 00:00:00,0.8052983,0.003250748,-0.00013329834
1973-04-15 12:00:00,-0.023533521,-0.0022891164,-0.0019394606
1973-05-16 00:00:00,0.17614461,-0.002302438,-0.0019458383
1973-06-15 12:00:00,0.38347644,-0.0031375587,-0.0018880367
1973-07-16 00:00:00,0.9953388,-0.0029668212,-0.001805827
1973-08-16 00:00:00,0.6161151,-0.0024909675,-0.0015288666
1973-09-15 12:00:00,-0.97599834,-0.0028684884,-0.0020427108
1973-10-16 00:00:00,1.5717782,0.0010155439,0.0005050525
1973-11-15 12:00:00,0.47429305,0.006952539,0.0030194297
1973-12-16 00:00:00,0.31478605,0.003775537,0.0020754486
1974-01-16 00:00:00,-0.2818328,0.0047488064,0.0026319847
1974-02-14 12:00:00,1.3933396,0.00018107891,-0.00015250593
1974-03-16 00:00:00,-1.3285894,0.006256014,0.001472801
1974-04-15 12:00:00,-0.043889657,0.0011209697,-0.00084887445
1974-05-16 00:00:00,0.6727554,-0.0028710961,-0.0025791898
1974-06-15 12:00:00,0.9901593,-0.0027568638,-0.0025546625
1974-07-16 00:00:00,-1.5571406,-0.001576528,-0.0019462705
1974-08-16 00:00:00,1.6036783,-0.0030107945,-0.0016323775
1974-09-15 12:00:00,0.23956484,-0.0033310652,-0.0018112585
1974-10-16 00:00:00,-0.6720726,0.00013428926,-0.0013060123
1974-11-15 12:00:00,0.15282229,-0.00064465404,-0.0007771477
1974-12-16 00:00:00,0.3151635,0.0028625578,0.000757277
1975-01-16 00:00:00,0.92833513,0.00039809942,-0.00048448145
1975-02-14 12:00:00,-0.084832706,0.0063533485,0.0028229654
1975-03-16 00:00:00,-0.4329896,0.006357938,0.0026941597
1975-04-15 12:00:00,-0.96284616,0.0012910813,-0.0014847517
1975-05-16 00:00:00,2.4141588,-0.0025752783,-0.0018586069
1975-06-15 12:00:00,-0.047507,-0.0026798695,-0.002486378
1975-07-16 00:00:00,-0.6491966,-0.0030238926,-0.0020934343
1975-08-16 00:00:00,0.60311955,-0.0022742152,-0.0025605932
1975-09-15 12:00:00,1.23745,-0.002369836,-0.00308571
1975-10-16 00:00:00,-0.6662882,0.002378866,-0.0005428642
1975-11-15 12:00:00,1.5046406,-0.0015158057,-0.0008084625
1975-12-16 00:00:00,0.09807138,-0.00231117,-0.0012828335
1976-01-16 00:00:00,-1.8296262,-0.0027517378,-0.0014474019
1976-02-15 00:00:00,1.3159406,0.002413869,0.0003053099
1976-03-16 00:00:00,0.45284185,-0.0013034642,1.1056662e-05
1976-04-15 12:00:00,-0.7766017,0.0011765063,-0.0012799501
1976-05-16 00:00:00,-1.569608,-0.0026078522,-0.0023973882
1976-06-15 12:00:00,0.14539176,-0.0028660893,-0.0019167438
1976-07-16 00:00:00,-0.48574385,-0.0022848248,-0.001259312
1976-08-16 00:00:00,0.10938871,0.00014927983,-0.0026894212
1976-09-15 12:00:00,-0.82244664,-0.00038649142,-0.0018397197
1976-10-16 00:00:00,-0.10021766,-0.0022742301,-0.0019167215
1976-11-15 12:00:00,1.4248092,-0.0014875531,-0.0021259189
1976-12-16 00:00:00,-0.4961627,-0.0018909574,-0.0015812442
1977-01-16 00:00:00,0.18384942,5.8323145e-05,-0.00066732615
1977-02-14 12:00:00,-0.17565316,-0.0008235872,-0.0014183968
1977-03-16 00:00:00,-0.87541366,0.00070792437,-0.000656113
1977-04-15 12:00:00,-0.47543576,-0.0022803843,-0.0023538396
1977-05-16 00:00:00,-0.17840111,0.00071942806,-0.0012830719
1977-06-15 12:00:00,0.78133833,-0.001636669,-0.0031503513
1977-07-16 00:00:00,-0.9826076,-0.0031576455,-0.0018941835
1977-08-16 00:00:00,0.9832798,-0.0028958023,-0.0019059256
1977-09-15 12:00:00,-0.05614202,-0.0016074479,-0.002298288
1977-10-16 00:00:00,0.6176999,-0.0022809505,-0.0019097552
1977-11-15 12:00:00,0.0030611297,0.00056162477,-0.0005573407
1977-12-16 00:00:00,0.55584806,0.005558908,0.0019006133
1978-01-16 00:00:00,0.33666033,0.00756602,0.0018778518
1978-02-14 12:00:00,1.3479581,0.00527972,0.0012682602
1978-03-16 00:00:00,1.0566503,0.0064674914,0.00037694722
1978-04-15 12:00:00,-0.26994422,0.004414916,-0.00018767267
1978-05-16 00:00:00,-0.06558665,-0.0029240847,-0.0014908835
1978-06-15 12:00:00,-0.4477367,-0.0029813051,-0.002111122
1978-07-16 00:00:00,-0.995379,-0.003227681,-0.001796566
1978-08-16 00:00:00,-1.8680483,-0.003155142,-0.0017303899
1978-09-15 12:00:00,-1.8643984,2.2023916e-05,-0.0014957562
1978-10-16 00:00:00,-0.0027220852,-0.003150791,-0.0018492043
1978-11-15 12:00:00,1.2785068,0.0009495467,0.000633426
1978-12-16 00:00:00,-0.93899,-0.00077492,-0.00028852373
1979-01-16 00:00:00,-0.60693395,0.005201936,0.0008065775
1979-02-14 12:00:00,1.5185833,0.0048936605,0.0015035346
1979-03-16 00:00:00,0.38751844,0.003286153,-0.00032884628
1979-04-15 12:00:00,0.9808409,-0.0011736304,-0.0014031455
1979-05-16 00:00:00,0.78873044,-0.001957953,-0.0020102188
1979-06-15 12:00:00,-0.66189593,-0.0033108145,-0.0020174682
1979-07-16 00:00:00,0.7906853,-0.0028827488,-0.0017278567
1979-08-16 00:00:00,-1.3560007,-0.0026483536,-0.0024931878
1979-09-15 12:00:00,0.31004244,-0.003150463,-0.0019311309
1979-10-16 00:00:00,-1.398923,0.00087703764,-0.0011366233
1979-11-15 12:00:00,0.50651324,0.0014255196,0.0011431873
1979-12-16 00:00:00,1.4726985,0.004406035,0.0019498765
1980-01-16 00:00:00,-0.9260748,0.006013736,-0.00040832907
1980-02-15 00:00:00,0.07065783,0.0068466663,0.00056066364
1980-03-16 00:00:00,-0.21888448,0.0009523928,-0.00010445714
1980-04-15 12:00:00,0.9808645,0.00040909648,-0.00071680546
1980-05-16 00:00:00,-1.132299,-0.0005412251,-0.0024142936
1980-06-15 12:00:00,0.4376218,-0.00286901,-0.0020526946
1980-07-16 00:00:00,-1.1964786,-0.0019205362,-0.0019137263
1980-08-16 00:00:00,-0.9973587,-0.0030074716,-0.002283305
1980-09-15 12:00:00,-2.0346196,-0.0028212517,-0.0018346235
1980-10-16 00:00:00,1.3898683,-0.0027042925,-0.0018793195
1980-11-15 12:00:00,0.80184925,-0.0022031963,-0.0018222183
1980-12-16 00:00:00,-0.030094512,0.0018085986,-0.00043290854
1981-01-16 00:00:00,0.69384134,0.0053788126,0.0008499101
1981-02-14 12:00:00,-0.434186,0.0006354153,-0.0006817803
1981-03-16 00:00:00,0.25141042,0.004540205,0.00036810338
1981-04-15 12:00:00,-0.87863743,-0.0012563169,-0.0012670681
1981-05-16 00:00:00,-1.1795427,-0.0009389818,-0.002727002
1981-06-15 12:00:00,-2.0071836,-0.0032114238,-0.0017812997
1981-07-16 00:00:00,-1.424588,-0.0032181442,-0.0018800572
1981-08-16 00:00:00,0.6717919,-0.003210321,-0.0020099059
1981-09-15 12:00:00,0.038675446,-0.0025816858,-0.0023430511
1981-10-16 00:00:00,-0.57050586,0.0016059428,-0.0020439029
1981-11-15 12:00:00,-0.066383034,0.005398825,0.0020421967
1981-12-16 00:00:00,-1.7638314,0.004933104,0.0010313988
1982-01-16 00:00:00,-0.107446656,0.004821673,0.0020206347
1982-02-14 12:00:00,0.78877085,0.0034888834,-0.00088977814
1982-03-16 00:00:00,-0.5279114,0.0070519596,0.0020029768
1982-04-15 12:00:00,0.49984124,0.003924191,-5.7145953e-06
1982-05-16 00:00:00,-0.25399807,-0.0027737916,-0.0015816987
1982-06-15 12:00:00,0.11682789,-0.0006364882,-0.0018686354
1982-07-16 00:00:00,-0.51697767,-0.0027290285,-0.0020337254
1982-08-16 00:00:00,0.83933944,-0.0027287155,-0.0014535338
1982-09-15 12:00:00,-0.38820133,0.0013201237,-0.001638867
1982-10-16 00:00:00,0.13915135,0.002081588,-0.0007319674
1982-11-15 12:00:00,2.7603912,0.0061037093,0.0015994459
1982-12-16 00:00:00,-1.3055674,0.0048737675,0.0010548979
1983-01-16 00:00:00,0.17515664,0.0067922175,0.0011617988
1983-02-14 12:00:00,-0.22955433,0.007513568,0.0017346665
1983-03-16 00:00:00,0.22542794,0.007732317,0.0020286366
1983-04-15 12:00:00,-0.27791625,0.005099669,-0.0009420067
1983-05-16 00:00:00,-0.69959056,-0.0022283792,-0.0019474253
1983-06-15 12:00:00,-1.5195165,-0.0023968518,-0.0027959198
1983-07-16 00:00:00,0.6240486,-0.0032307208,-0.001961626
1983-08-16 00:00:00,-0.16212122,0.00014582276,-0.002697602
1983-09-15 12:00:00,-0.7313087,-0.0010350943,-0.002699919
1983-10-16 00:00:00,-0.5754342,-0.0014195591,-0.0016676337
1983-11-15 12:00:00,0.35194916,0.0073929727,0.0017106533
1983-12-16 00:00:00,0.3486603,0.0070908368,0.0039930195
1984-01-16 00:00:00,0.48102868,-0.0025343,-0.0016681552
1984-02-15 00:00:00,0.9305388,0.0014279783,-9.254366e-05
1984-03-16 00:00:00,-0.026149433,0.00038403273,-0.00069835037
1984-04-15 12:00:00,-0.06332274,-0.00085783005,-0.0017946586
1984-05-16 00:00:00,-2.6049871,-0.002539605,-0.0016346052
1984-06-15 12:00:00,0.7511244,-0.0019788295,-0.0018930808
1984-07-16 00:00:00,-0.76283777,-0.0019584447,-0.002801232
1984-08-16 00:00:00,-0.28002363,-0.0027045906,-0.0015877932
1984-09-15 12:00:00,1.5682074,-0.0027861446,-0.0020840839
1984-10-16 00:00:00,1.0233221,0.00083196163,-0.0017133355
1984-11-15 12:00:00,-0.16382551,0.006773174,0.0032691583
1984-12-16 00:00:00,-0.826846,0.0015057027,-0.0002911687
1985-01-16 00:00:00,1.736603,-0.0012012273,-0.0016269907
1985-02-14 12:00:00,-0.94735944,0.00062559545,-0.0007146746
1985-03-16 00:00:00,-0.9931999,0.004259303,-0.00037392974
1985-04-15 12:00:00,1.0734942,-0.0021847337,-0.0017649457
1985-05-16 00:00:00,0.6792384,-0.0029432327,-0.0021044984
1985-06-15 12:00:00,0.3018468,-0.0028421283,-0.0020823926
1985-07-16 00:00:00,-1.9396799,-0.0022212565,-0.0019016862
1985-08-16 00:00:00,0.42681718,-0.0031899512,-0.0020497516
1985-09-15 12:00:00,-2.6910675,-0.00088974833,-0.0017819256
1985-10-16 00:00:00,1.0491568,-0.00079473853,-0.00042122602
1985-11-15 12:00:00,-0.063693956,0.0042727143,0.00076940656
1985-12-16 00:00:00,0.10873602,0.0016679466,0.00043348223
1986-01-16 00:00:00,0.2201769,0.0047350824,0.0021369904
1986-02-14 12:00:00,0.77713025,0.008007616,0.004124306
1986-03-16 00:00:00,1.2038019,0.005687952,0.001820825
1986-04-15 12:00:00,-0.867134,-0.0009626448,-0.0016477108
1986-05-16 00:00:00,0.40899837,-0.0022018254,-0.0013321489
1986-06-15 12:00:00,0.3185705,-0.003110692,-0.0018762425
1986-07-16 00:00:00,-1.4003657,-0.0027416945,-0.0024089217
1986-08-16 00:00:00,-0.01885867,-0.0030781776,-0.0020122677
1986-09-15 12:00:00,-0.2436498,3.3468008e-05,-0.0020824373
1986-10-16 00:00:00,0.13121864,-0.0025426298,-0.0023827106
1986-11-15 12:00:00,0.35818607,-0.003096342,-0.0014580786
1986-12-16 00:00:00,-0.17339559,-0.0006227195,-0.0009349063
1987-01-16 00:00:00,1.4961766,0.0034222305,0.000107340515
1987-02-14 12:00:00,-0.1750112,0.003476292,-0.0001713857
1987-03-16 00:00:00,1.1912683,0.0034526289,0.00065592676
1987-04-15 12:00:00,-0.65683174,-0.0019021034,-0.0017706677
1987-05-16 00:00:00,-1.1436787,-0.00052317977,-0.0040134117
1987-06-15 12:00:00,2.4842813,-0.0025197864,-0.001496233
1987-07-16 00:00:00,-1.3304558,-0.0030256659,-0.0015252754
1987-08-16 00:00:00,1.3754423,-0.0031663775,-0.002062969
1987-09-15 12:00:00,-0.51538116,-0.00304842,-0.0021531135
1987-10-16 00:00:00,-0.19811705,-0.00012549758,-0.0010052547
1987-11-15 12:00:00,0.48945946,0.0010096282,-0.00045149028
1987-12-16 00:00:00,-0.16604465,0.004690364,0.0009136498
1988-01-16 00:00:00,0.6370196,0.0045401603,0.000865221
1988-02-15 00:00:00,2.6097746,-0.0015626848,-0.0018418059
1988-03-16 00:00:00,0.22552265,-0.0025700629,-0.0019328967
1988-04-15 12:00:00,-0.16257544,0.0016612709,-0.0014631674
1988-05-16 00:00:00,-0.24885526,-0.0014911294,-0.0019782186
1988-06-15 12:00:00,2.1992497,-0.0021380633,-0.0025110021
1988-07-16 00:00:00,1.669995,-0.0028325766,-0.0018077716
1988-08-16 00:00:00,0.91440165,-0.0023463666,-0.0010809228
1988-09-15 12:00:00,0.1514767,-0.002937317,-0.002174452
1988-10-16 00:00:00,-2.7470672,-0.0028651655,-0.002212137
1988-11-15 12:00:00,-0.87173206,0.0034557134,0.0010854229
1988-12-16 00:00:00,-1.1756068,0.0030286312,0.0010221153
1989-01-16 00:00:00,-1.20035,-0.0010697097,-0.000688456
1989-02-14 12:00:00,-1.1489022,-0.00043857098,6.956607e-05
1989-03-16 00:00:00,-1.9276882,0.0059189796,0.0034748167
1989-04-15 12:00:00,-1.1064398,-0.001154691,-0.0013813898
1989-05-16 00:00:00,0.31423318,-0.0016665459,-0.002800241
1989-06-15 12:00:00,0.7305875,-0.0019329488,-0.0018702745
1989-07-16 00:00:00,-0.5685723,-0.0032418072,-0.0020024404
1989-08-16 00:00:00,-0.1384338,-0.0018591285,-0.0029568896
1989-09-15 12:00:00,0.48766387,0.00045861304,-0.0014804304
1989-10-16 00:00:00,-0.64428693,0.0009070188,-0.0003456995
1989-11-15 12:00:00,-0.0427543,-0.00079381466,-0.0011864379
1989-12-16 00:00:00,0.35014915,-0.003300026,-0.0020762905
1990-01-16 00:00:00,0.28834105,0.003229946,0.00066078454
1990-02-14 12:00:00,-0.4294886,0.0019999295,0.00016699731
1990-03-16 00:00:00,1.8898598,-0.00054451823,-0.0002449751
1990-04-15 12:00:00,0.54076695,-0.00067332387,-0.0034620985
1990-05-16 00:00:00,1.0710764,0.002266854,-0.00073678046
1990-06-15 12:00:00,0.9575052,-0.0031562746,-0.0018373877
1990-07-16 00:00:00,0.7433683,-0.0022543669,-0.0011842772
1990-08-16 00:00:00,-1.20574,-0.0025877357,-0.0017656311
1990-09-15 12:00:00,-1.8754346,-0.0021086037,-0.002412796
1990-10-16 00:00:00,-2.7729173,-0.0027317703,-0.0016864315
1990-11-15 12:00:00,1.155153,-0.002343595,-0.0015959069
1990-12-16 00:00:00,-2.2711034,-0.0011948943,-0.0012902543
1991-01-16 00:00:00,0.6420767,-0.0022833943,-0.0024498627
1991-02-14 12:00:00,-0.48925602,0.0006881058,0.00021371245
1991-03-16 00:00:00,0.30093777,0.007943973,0.0035777912
1991-04-15 12:00:00,-1.1508191,-0.0013014376,-0.0014405549
1991-05-16 00:00:00,0.72162604,-0.0013957918,-0.002377443
1991-06-15 12:00:00,0.589548,-0.0022116005,-0.002945967
1991-07-16 00:00:00,0.8641895,-0.0028223991,-0.0018841028
1991-08-16 00:00:00,-0.5055869,-0.002558291,-0.002312027
1991-09-15 12:00:00,-0.553408,-0.0027509034,-0.001847595
1991-10-16 00:00:00,0.31046906,0.00044724345,-0.0007663965
1991-11-15 12:00:00,0.8187007,-0.00095929205,-0.0012149364
1991-12-16 00:00:00,-1.043225,0.0013590753,-0.00027483702
1992-01-16 00:00:00,0.12700729,-0.00011819601,-0.0008312166
1992-02-15 00:00:00,-0.55787665,0.006000519,0.0019198433
1992-03-16 00:00:00,-0.36779773,0.0032526255,-0.00077756494
1992-04-15 12:00:00,-1.7187667,-0.002015978,-0.0008628145
1992-05-16 00:00:00,-0.2962033,-0.0026867092,-0.0020313486
1992-06-15 12:00:00,-0.7489481,-0.001472503,-0.0020790398
1992-07-16 00:00:00,0.71728206,-0.002038762,-0.002323404
1992-08-16 00:00:00,-1.9277399,-0.0025749505,-0.0013326481
1992-09-15 12:00:00,0.06822086,-0.0030997992,-0.0021702275
1992-10-16 00:00:00,1.9108728,0.0007067621,-0.0009036958
1992-11-15 12:00:00,-0.9082049,-0.0025184602,-0.0016361773
1992-12-16 00:00:00,0.9577331,0.0066087395,0.0030082688
1993-01-16 00:00:00,1.0250406,0.007815942,0.0028581098
1993-02-14 12:00:00,0.59131354,0.0058827847,0.0028411597
1993-03-16 00:00:00,0.80427235,0.0035338253,-0.0008352399
1993-04-15 12:00:00,0.71857435,-0.0014189482,-0.0014733151
1993-05-16 00:00:00,1.3892729,-0.00037425756,-0.0008624494
1993-06-15 12:00:00,-0.030699646,-0.0015693605,-0.002096109
1993-07-16 00:00:00,-1.4143064,-0.003318131,-0.0019897446
1993-08-16 00:00:00,0.122168496,-0.003126964,-0.0016547218
1993-09-15 12:00:00,-0.7903844,-0.0030939877,-0.0020403638
1993-10-16 00:00:00,-0.8322005,-0.0014482737,-0.0014162213
1993-11-15 12:00:00,-0.3211492,-9.301305e-05,-0.000492692
1993-12-16 00:00:00,0.24224389,0.0011044592,-0.00041045249
1994-01-16 00:00:00,-0.17364617,0.00044336915,-5.2653253e-05
1994-02-14 12:00:00,0.3046089,0.0046032667,0.0007331595
1994-03-16 00:00:00,0.8235048,-0.001563102,-0.0015890747
1994-04-15 12:00:00,0.7733722,0.00028768182,-0.00086708367
1994-05-16 00:00:00,-1.8566064,-1.7285347e-05,-0.0025667772
1994-06-15 12:00:00,1.0110656,-0.0032869428,-0.001978442
1994-07-16 00:00:00,-0.8746711,-0.0032262504,-0.0017377585
1994-08-16 00:00:00,-0.60364676,-0.003276676,-0.0018102303
1994-09-15 12:00:00,0.56154156,-0.0024423301,-0.0019021258
1994-10-16 00:00:00,-0.03397378,-0.0022089332,-0.0007292107
1994-11-15 12:00:00,0.9199822,0.004501313,0.0006418228
1994-12-16 00:00:00,-1.1076638,0.0018770993,0.0008638948
1995-01-16 00:00:00,-0.38966778,0.00850305,0.0053571835
1995-02-14 12:00:00,-1.729888,-0.0013921559,-0.0009657666
1995-03-16 00:00:00,1.5243047,0.008040905,0.0034222975
1995-04-15 12:00:00,0.6068394,0.002472788,-0.00078977644
1995-05-16 00:00:00,-0.5660096,0.0015072227,-0.0011515617
1995-06-15 12:00:00,-1.5196269,-0.0012644827,-0.0018252358
1995-07-16 00:00:00,-1.439307,-0.0028254688,-0.0020628944
1995-08-16 00:00:00,0.8308546,-0.0032334924,-0.0021186322
1995-09-15 12:00:00,1.008192,-0.0032713264,-0.0017898455
1995-10-16 00:00:00,-0.9405086,-0.0033030212,-0.002103418
1995-11-15 12:00:00,-1.5205266,-0.0031150877,-0.0018342882
1995-12-16 00:00:00,0.46327454,0.0066904724,0.00020380318
1996-01-16 00:00:00,-1.148732,0.0059907734,0.0019356757
1996-02-15 00:00:00,2.1811895,0.0064810216,0.00029721856
1996-03-16 00:00:00,-1.6870804,0.002681315,-0.00082495064
1996-04-15 12:00:00,0.9970379,0.0009900033,-0.0010013431
1996-05-16 00:00:00,0.43668014,0.00075645745,0.00014194101
1996-06-15 12:00:00,-0.05879266,-0.002405271,-0.00282453
1996-07-16 00:00:00,-0.87705964,-0.0028228015,-0.0016726255
1996-08-16 00:00:00,-0.8206797,-0.003138557,-0.0020059347
1996-09-15 12:00:00,0.50197124,-0.0031093657,-0.0018046871
1996-10-16 00:00:00,0.8929453,-5.969405e-05,0.00022026151
1996-11-15 12:00:00,0.17331792,0.0036636293,0.00012774765
1996-12-16 00:00:00,-1.7992002,0.007502526,0.0042799637
1997-01-16 00:00:00,0.89669853,0.0077601075,0.0019564107
1997-02-14 12:00:00,0.83331364,-0.0021669269,-0.0013189018
1997-03-16 00:00:00,0.93028414,-0.0019974709,-0.0013000146
1997-04-15 12:00:00,-0.64550555,-0.0021748245,-0.0019565523
1997-05-16 00:00:00,0.3779448,-0.0026042163,-0.0018035546
1997-06-15 12:00:00,-1.1955986,-0.0015086532,-0.0032828152
1997-07-16 00:00:00,0.17576,-0.002666518,-0.0018625334
1997-08-16 00:00:00,-1.0038865,-0.0024648309,-0.002308257
1997-09-15 12:00:00,-1.9984871,-0.0023932755,-0.0026004016
1997-10-16 00:00:00,-1.1217655,-0.0019695908,-0.0005823523
1997-11-15 12:00:00,-0.4681041,0.0044103265,0.0012187734
1997-12-16 00:00:00,-0.30226794,0.0020434558,0.00024417043
1998-01-16 00:00:00,1.917135,0.0073803067,0.0010081008
1998-02-14 12:00:00,-3.8032312,0.008547723,0.00291612
1998-03-16 00:00:00,-1.0742296,0.0038156211,0.0011082366
1998-04-15 12:00:00,0.37266034,0.0013555735,-0.0010225847
1998-05-16 00:00:00,1.453153,0.0043303072,-0.00052098185
1998-06-15 12:00:00,1.4295104,-0.0007388294,-0.0026752353
1998-07-16 00:00:00,-0.7552587,-0.0026753843,-0.0015395805
1998-08-16 00:00:00,-0.14375304,-0.0032416582,-0.001975745
1998-09-15 12:00:00,-2.1307611,-0.0017445385,-0.0013493374
1998-10-16 00:00:00,-0.7387804,-0.0017569065,-0.002377525
1998-11-15 12:00:00,-1.0466522,0.0041822195,0.0012875125
1998-12-16 00:00:00,-0.21521544,-0.000930205,-0.0009015575
1999-01-16 00:00:00,-0.39806235,0.0038096607,0.0010228306
1999-02-14 12:00:00,-0.7743394,0.0055188537,0.0023939386
1999-03-16 00:00:00,-1.1613877,0.0023180544,-0.00028870255
1999-04-15 12:00:00,-0.7557512,0.0008235574,-0.0010791346
1999-05-16 00:00:00,0.28230715,-0.0025221407,-0.0020360947
1999-06-15 12:00:00,1.8559197,-0.002755791,-0.0017343238
1999-07-16 00:00:00,-0.80371404,-0.0031219125,-0.0018322691
1999-08-16 00:00:00,0.17093715,-0.00243029,-0.0029451624
1999-09-15 12:00:00,0.55336916,-0.002978593,-0.0018929392
1999-10-16 00:00:00,-0.668648,-0.0022305846,-0.0017961562
1999-11-15 12:00:00,0.6932205,0.0007584691,-0.00036482513
1999-12-16 00:00:00,0.7967746,-0.0027740896,-0.0017087013
2000-01-16 00:00:00,0.41214597,0.006117061,0.0026335046
2000-02-15 00:00:00,0.28706425,0.007634163,0.002848126
2000-03-16 00:00:00,0.31493264,0.00023770332,-0.0004870221
2000-04-15 12:00:00,-1.5228822,0.00068977475,-0.0009977445
2000-05-16 00:00:00,-0.13061929,-0.00083465874,-0.0011816472
2000-06-15 12:00:00,0.40693212,-0.0023534894,-0.002396226
2000-07-16 00:00:00,-1.6186308,-0.0032358468,-0.001978621
2000-08-16 00:00:00,2.4465852,-0.0026439428,-0.0018869191
2000-09-15 12:00:00,0.30692145,-0.0025752783,-0.0017241761
2000-10-16 00:00:00,-0.29070204,0.0018219352,-0.0006921217
2000-11-15 12:00:00,-1.9770784,-0.001716271,-0.0019243658
2000-12-16 00:00:00,1.7712289,-0.0021110922,-0.00094551593
2001-01-16 00:00:00,-0.9195893,0.00314641,0.0002674088
2001-02-14 12:00:00,-1.7082572,0.0046004653,0.00080794096
2001-03-16 00:00:00,1.4261787,0.000610739,0.00093575567
2001-04-15 12:00:00,0.78636336,0.00077547133,-0.00016957521
2001-05-16 00:00:00,-1.9242369,-0.0031960458,-0.0018263608
2001-06-15 12:00:00,-0.36770794,-0.0031648278,-0.001756683
2001-07-16 00:00:00,-0.1691894,-0.002677247,-0.0023576915
2001-08-16 00:00:00,-1.2099029,-0.0032571554,-0.0019171089
2001-09-15 12:00:00,-0.46109208,-0.0025368035,-0.0017413273
2001-10-16 00:00:00,1.0319501,-0.0018236339,-0.001925528
2001-11-15 12:00:00,2.431621,0.004095435,0.00092311203
2001-12-16 00:00:00,1.593356,0.0064306557,0.00073906034
2002-01-16 00:00:00,0.051658206,0.00077714026,0.00029274076
2002-02-14 12:00:00,-0.18176357,-0.00033837557,-0.0008442253
2002-03-16 00:00:00,0.93335223,0.0015891045,0.0001694709
2002-04-15 12:00:00,-1.742832,-0.0013873875,-0.0013888851
2002-05-16 00:00:00,-0.79639876,-0.0020195544,-0.0014886633
2002-06-15 12:00:00,-1.508139,-0.0030946583,-0.0021574274
2002-07-16 00:00:00,-2.178517,-0.0029079616,-0.002246648
2002-08-16 00:00:00,0.14425933,-0.0032219589,-0.0019763783
2002-09-15 12:00:00,0.653587,-0.003037244,-0.0014427006
2002-10-16 00:00:00,0.62788403,-0.0031549633,-0.0019634515
2002-11-15 12:00:00,-0.5548868,0.0025146306,0.00051148236
2002-12-16 00:00:00,1.1215377,0.0075294375,0.0033016428
2003-01-16 00:00:00,0.39905196,-0.00094138086,-0.00032003224
2003-02-14 12:00:00,1.65104,0.00075519085,-0.00094617903
2003-03-16 00:00:00,-0.8883218,0.00090408325,-0.0004839748
2003-04-15 12:00:00,-0.07374326,0.0038877279,0.00043714792
2003-05-16 00:00:00,-1.5304754,-0.00060641766,-0.001506634
2003-06-15 12:00:00,0.83439654,-0.003259614,-0.00183855
2003-07-16 00:00:00,1.750872,-0.0026218146,-0.0019457266
2003-08-16 00:00:00,-1.766274,-0.001092732,-0.002003923
2003-09-15 12:00:00,0.4735971,-0.003153935,-0.0017906502
2003-10-16 00:00:00,-0.9291518,-0.0029595941,-0.001993142
2003-11-15 12:00:00,0.7439531,0.0005252063,-0.0014264509
2003-12-16 00:00:00,2.760317,0.006142676,0.0021304265
2004-01-16 00:00:00,-0.035755932,0.0015931427,-0.0004053414
2004-02-15 00:00:00,-1.1474355,0.0060729086,0.0010903254
2004-03-16 00:00:00,-1.0898623,-0.0015449524,-0.0012356192
2004-04-15 12:00:00,0.70545745,-0.0023449063,-0.0018455014
2004-05-16 00:00:00,0.10415044,-0.0025995374,-0.0017958954
2004-06-15 12:00:00,0.3247078,-0.0028128624,-0.0022331327
2004-07-16 00:00:00,0.6082493,-0.002938211,-0.0018173382
2004-08-16 00:00:00,1.5431709,-0.0030014217,-0.0020265952
2004-09-15 12:00:00,0.1910077,-0.0030356944,-0.0016631559
2004-10-16 00:00:00,-1.3290724,0.0035272092,-0.00011317432
2004-11-15 12:00:00,0.089440756,0.00073979795,-0.0012349039
2004-12-16 00:00:00,0.74661696,0.0060617775,0.00284715
2005-01-16 00:00:00,0.2306536,0.005195409,0.0012927651
2005-02-14 12:00:00,-3.276375,0.0031099916,0.0003363341
2005-03-16 00:00:00,-0.7720783,0.004727721,0.00066682696
2005-04-15 12:00:00,1.6378505,0.00077183545,-0.00066841394
2005-05-16 00:00:00,-0.046823397,0.0015957057,-0.0006438494
2005-06-15 12:00:00,0.8750257,-0.0019114017,-0.0016061068
2005-07-16 00:00:00,0.6951091,-0.0032346249,-0.0020534396
2005-08-16 00:00:00,-0.6494323,-0.0028642565,-0.002134867
2005-09-15 12:00:00,0.2995074,-0.002987355,-0.0016198531
2005-10-16 00:00:00,-1.1295377,-0.0025498718,-0.0015678704
2005-11-15 12:00:00,-0.480824,0.0002885908,-0.00022447109
2005-12-16 00:00:00,-2.0173922,0.007925525,0.0035597607
2006-01-16 00:00:00,0.2908809,0.004477173,-7.791072e-05
2006-02-14 12:00:00,0.7765107,0.0022301972,0.00022047013
2006-03-16 00:00:00,1.6727779,0.0072511584,0.0008605942
2006-04-15 12:00:00,0.33198774,0.006159842,-0.0011945665
2006-05-16 00:00:00,0.2894637,-0.0011588037,-0.00046717376
2006-06-15 12:00:00,0.5243437,-0.002888471,-0.0022157207
2006-07-16 00:00:00,-1.6986734,-0.0029792935,-0.0020076558
2006-08-16 00:00:00,0.044261415,-0.0032455921,-0.0019382834
2006-09-15 12:00:00,-0.481277,-0.003283739,-0.0020104945
2006-10-16 00:00:00,-0.8804122,-0.0023308694,-0.001669392
2006-11-15 12:00:00,1.3470027,0.0002155751,-0.0005370751
2006-12-16 00:00:00,-0.97790617,0.0027025342,0.0003728643
2007-01-16 00:00:00,-0.7571571,-0.0018810928,-0.0017056614
2007-02-14 12:00:00,0.49616018,0.0050162077,0.0012090951
2007-03-16 00:00:00,0.41401124,-0.0020309687,-0.0017322302
2007-04-15 12:00:00,0.061473887,-0.00022119284,-0.0012224987
2007-05-16 00:00:00,-0.9814908,-0.0024477988,-0.0019340366
2007-06-15 12:00:00,1.9425485,-0.003129661,-0.0020458028
2007-07-16 00:00:00,0.48786956,-0.0029262304,-0.0015191659
2007-08-16 00:00:00,-1.1451142,-0.0030942261,-0.0020117313
2007-09-15 12:00:00,-0.4522218,-0.002510503,-0.001907371
2007-10-16 00:00:00,0.5403544,-0.00066414475,-0.001763843
2007-11-15 12:00:00,-0.32034513,-0.0021837652,-0.0023618788
2007-12-16 00:00:00,0.19202617,0.0031405687,0.00024042279
2008-01-16 00:00:00,0.1172636,0.007348761,0.0020578876
2008-02-15 00:00:00,-1.531287,0.0036442876,0.0015405044
2008-03-16 00:00:00,-0.49903953,-0.0024686158,-0.0014382899
2008-04-15 12:00:00,0.040831205,-0.0030050278,-0.001777038
2008-05-16 00:00:00,-0.16608174,-0.001647383,-0.0023987144
2008-06-15 12:00:00,-0.10930068,-0.0032644868,-0.0017380714
2008-07-16 00:00:00,0.47445947,-0.0031533837,-0.0020374656
2008-08-16 00:00:00,0.44746506,-0.0032183826,-0.0018458962
2008-09-15 12:00:00,-0.4804697,-0.0032411516,-0.0019495785
2008-10-16 00:00:00,0.23124683,-0.0019896775,-0.0014477149
2008-11-15 12:00:00,0.5990704,0.00046473742,-0.00013440847
2008-12-16 00:00:00,0.81295305,0.0019624233,0.0006788671
2009-01-16 00:00:00,-2.3418686,-0.00022117794,-0.00013686717
2009-02-14 12:00:00,-1.2524337,0.0058062077,0.0020693466
2009-03-16 00:00:00,2.4398828,0.001959771,0.00089658797
2009-04-15 12:00:00,-0.6188773,-0.0015284717,-0.0007668659
2009-05-16 00:00:00,1.030402,-0.0004581213,-0.00073333085
2009-06-15 12:00:00,-1.689409,-0.001214847,-0.0023834854
2009-07-16 00:00:00,0.7009978,-0.0031580925,-0.0017845929
2009-08-16 00:00:00,0.14001825,-0.002863571,-0.001857698
2009-09-15 12:00:00,0.49667126,-0.0030329078,-0.0022204444
2009-10-16 00:00:00,1.4126917,0.0027520955,-0.0021774322
2009-11-15 12:00:00,-0.53171074,-0.0020495802,-0.0016937852
2009-12-16 00:00:00,-1.3694612,0.0028113872,-0.0003752038
2010-01-16 00:00:00,0.7793801,0.0070495307,0.002170451
2010-02-14 12:00:00,-1.6746773,0.0038735718,0.000496462
2010-03-16 00:00:00,0.02449874,0.0018730015,-0.0010877028
2010-04-15 12:00:00,0.084061585,0.0037194937,-0.000107996166
2010-05-16 00:00:00,0.3423455,-0.0004762709,-0.0018579289
2010-06-15 12:00:00,-0.4355804,-0.0030311346,-0.001954414
2010-07-16 00:00:00,0.7478904,-0.0031470656,-0.001954794
2010-08-16 00:00:00,-1.1726062,-0.0031600595,-0.0017310753
2010-09-15 12:00:00,0.65768397,-0.0030911714,-0.0020078644
2010-10-16 00:00:00,1.0508085,0.002571106,-5.7466328e-05
2010-11-15 12:00:00,0.16340138,0.002599299,-0.00030866265
2010-12-16 00:00:00,0.018866055,0.007397607,0.0020517483
2011-01-16 00:00:00,-0.83807385,0.000613153,-0.0014627352
2011-02-14 12:00:00,0.08479035,0.004021615,0.0018435866
2011-03-16 00:00:00,-0.055682108,0.007054955,0.0018167123
2011-04-15 12:00:00,-1.782049,-0.0014231801,-0.0013789162
2011-05-16 00:00:00,0.4050984,-0.00018393993,0.0001694262
2011-06-15 12:00:00,1.7446513,0.0002644658,-0.0012185052
2011-07-16 00:00:00,1.8680935,-0.0029209852,-0.0022907555
2011-08-16 00:00:00,-1.9255744,-0.0032874346,-0.001872994
2011-09-15 12:00:00,0.82216054,-0.0027675182,-0.0021746382
2011-10-16 00:00:00,-0.091114715,-0.0003567189,-0.0013685971
2011-11-15 12:00:00,-2.5504444,-0.00023585558,-0.0011392906
2011-12-16 00:00:00,2.181248,-0.0030995905,-0.0017772466
2012-01-16 00:00:00,-0.55322874,0.0026848018,0.00024490803
2012-02-15 00:00:00,-1.728504,-0.00010949373,-0.0008471459
2012-03-16 00:00:00,0.535766,0.005356312,0.0002348125
2012-04-15 12:00:00,-1.0738032,0.0015109777,0.0006167963
2012-05-16 00:00:00,-0.8833946,-0.002974093,-0.0019824952
2012-06-15 12:00:00,0.70182943,-0.0027622283,-0.0022192225
2012-07-16 00:00:00,0.25733364,-0.0031958371,-0.0018623769
2012-08-16 00:00:00,0.6420422,-0.003012821,-0.0021422952
2012-09-15 12:00:00,-0.51327825,-0.003197372,-0.0019763187
2012-10-16 00:00:00,0.6260497,-0.0011891574,-0.0011814162
2012-11-15 12:00:00,0.8431655,0.0046723783,0.0007117912
2012-12-16 00:00:00,0.9418519,0.00676848,0.001554504
2013-01-16 00:00:00,-1.0339669,-0.001280427,-0.0015230104
2013-02-14 12:00:00,0.7639936,-0.0023777783,-0.0017063618
2013-03-16 00:00:00,-0.20025638,-0.0005367249,-0.0010271296
2013-04-15 12:00:00,-0.5631541,-0.0020296574,-0.0020506456
2013-05-16 00:00:00,-0.59595263,-0.002231598,-0.0020866394
2013-06-15 12:00:00,-0.9914049,-0.002441883,-0.002109386
2013-07-16 00:00:00,0.5860562,-0.0028250962,-0.001981087
2013-08-16 00:00:00,0.48313203,-0.0028158128,-0.0018884689
2013-09-15 12:00:00,-0.15066712,-0.002350241,-0.001685448
2013-10-16 00:00:00,-0.00473685,-0.0028375983,-0.0021865144
2013-11-15 12:00:00,3.3787262,-0.0015173554,-0.0011254027
2013-12-16 00:00:00,-1.1361575,-0.0021638274,-0.0014916509
2014-01-16 00:00:00,-1.2162106,-0.0019393265,-0.0015384704
2014-02-14 12:00:00,0.8285941,0.0051677525,0.0010244474
2014-03-16 00:00:00,-2.0422275,0.0023721308,0.00050497055
2014-04-15 12:00:00,-0.42924187,-0.0007221997,-0.0011211783
2014-05-16 00:00:00,0.36440432,-0.0025685132,-0.0018822923
2014-06-15 12:00:00,0.5692517,-0.003261909,-0.001958169
2014-07-16 00:00:00,-0.40017164,-0.002410233,-0.0022289678
2014-08-16 00:00:00,-1.1905414,-0.0028083175,-0.0013860166
2014-09-15 12:00:00,0.93191266,-0.00234887,-0.002495952
2014-10-16 00:00:00,0.53733283,-0.0014755726,-0.0017970428
2014-11-15 12:00:00,-0.01401887,0.00029593706,-0.0013638213
2014-12-16 00:00:00,2.3408937,0.006881118,0.00058433414
2015-01-16 00:00:00,-0.064079344,-0.002989471,-0.0019167513
2015-02-14 12:00:00,-0.43932945,0.0023807436,-0.00067635626
2015-03-16 00:00:00,0.5360437,-0.0026667863,-0.0020199046
2015-04-15 12:00:00,-0.6441535,-0.0007662475,-0.0011058822
2015-05-16 00:00:00,0.2371683,-0.00048822165,-0.0021358803
2015-06-15 12:00:00,0.8618896,-0.0022783726,-0.0027334765
2015-07-16 00:00:00,0.97641563,-0.0011521578,-0.0030198768
2015-08-16 00:00:00,-1.442518,-0.0030043423,-0.0020811185
2015-09-15 12:00:00,-1.000592,-0.002955094,-0.0016209185
2015-10-16 00:00:00,-0.6508249,-0.001716882,-0.0014958754
2015-11-15 12:00:00,0.39669472,0.0015109926,-0.001078859
2015-12-16 00:00:00,-1.1245223,0.0042578876,0.0014802665
2016-01-16 00:00:00,-0.18767111,0.0071367174,0.00138852
2016-02-15 00:00:00,-0.7543174,-0.001322478,-0.0017585382
2016-03-16 00:00:00,0.055076923,0.0058201253,0.0014848262
2016-04-15 12:00:00,0.5634022,0.00055256486,-0.002274327
2016-05-16 00:00:00,0.596974,-0.00062277913,-0.001053378
2016-06-15 12:00:00,1.2775798,-0.002918914,-0.0019863993
2016-07-16 00:00:00,-1.8387502,-0.0032696873,-0.0018259659
2016-08-16 00:00:00,-0.08177036,-0.0032521486,-0.0017596632
2016-09-15 12:00:00,-1.0776347,-0.0032029152,-0.0019190237
2016-10-16 00:00:00,1.2331957,0.0041827112,-0.00023689866
2016-11-15 12:00:00,-0.38908875,0.0007882714,0.0007913038
2016-12-16 00:00:00,-0.8726342,0.004714757,0.0003212914
2017-01-16 00:00:00,0.9067312,0.008003816,0.004360728
2017-02-14 12:00:00,-0.047910932,0.007495746,0.004200347
2017-03-16 00:00:00,-0.81128407,0.0020406842,-0.00034511834
2017-04-15 12:00:00,-0.26727954,0.0023668408,1.2166798e-05
2017-05-16 00:00:00,-0.6423247,-0.002414897,-0.0022389665
2017-06-15 12:00:00,-2.2323654,-0.0026883334,-0.001968868
2017-07-16 00:00:00,-0.11862144,-0.0030720532,-0.0022918656
2017-08-16 00:00:00,-2.1871943,-0.0026079267,-0.0017684028
2017-09-15 12:00:00,-0.09688679,-0.0023543835,-0.0024962425
2017-10-16 00:00:00,0.23767518,-0.0028043091,-0.0018153489
2017-11-15 12:00:00,-0.36340508,0.0031358004,0.00036723912
2017-12-16 00:00:00,-1.6428612,-0.0028891861,-0.0019760728
2018-01-16 00:00:00,-0.85299325,0.0031719506,0.0012976229
2018-02-14 12:00:00,-0.73177314,-0.0020797849,-0.0017151982
2018-03-16 00:00:00,1.0279218,0.0064284354,0.002900146
2018-04-15 12:00:00,-0.20953442,0.0018057525,-0.00049396604
2018-05-16 00:00:00,-0.5190377,-0.0011313856,-0.0019884408
2018-06-15 12:00:00,-0.03855051,-0.0032408834,-0.0021552444
2018-07-16 00:00:00,0.32257396,-0.0027725548,-0.0015005991
2018-08-16 00:00:00,1.6167746,-0.0031855255,-0.0017743409
2018-09-15 12:00:00,-1.7343715,-0.0033161342,-0.0017653704
2018-10-16 00:00:00,0.46569395,-0.002217725,-0.0016098246
2018-11-15 12:00:00,-0.27789155,0.002943635,7.0132315e-05
2018-12-16 00:00:00,0.71687365,0.0013295263,0.00023709238
2019-01-16 00:00:00,1.8857065,0.0060169995,0.0022209063
2019-02-14 12:00:00,1.4895993,0.0075547695,0.0048933104
2019-03-16 00:00:00,0.34060085,0.0051169395,0.0002481267
2019-04-15 12:00:00,-0.80594224,-0.0010061264,-0.0018525347
2019-05-16 00:00:00,-2.2265851,0.003285706,-0.0008786097
2019-06-15 12:00:00,2.5376387,-0.0028932393,-0.0020274296
2019-07-16 00:00:00,-0.20755981,-0.0030430853,-0.0017336458
2019-08-16 00:00:00,0.5894133,-0.0031687021,-0.0019901916
2019-09-15 12:00:00,0.437244,-0.0024944693,-0.0015211329
2019-10-16 00:00:00,0.6356873,-0.0033358335,-0.0019584373
2019-11-15 12:00:00,-0.043831725,-0.00015981495,1.2785196e-05
2019-12-16 00:00:00,-1.7163703,0.0058588535,0.0014343113
2020-01-16 00:00:00,0.14553839,-0.00020840764,-0.00018457323
2020-02-15 00:00:00,-0.5293733,-0.0031424463,-0.002137117
2020-03-16 00:00:00,0.3864964,0.002551943,0.0015721694
2020-04-15 12:00:00,-0.4886555,0.0010704845,-9.337813e-05
2020-05-16 00:00:00,-2.4321558,-0.0011487305,-0.0013070256
2020-06-15 12:00:00,1.2189181,-0.002991885,-0.0015875176
2020-07-16 00:00:00,-0.81271553,-0.0030973852,-0.0017633364
2020-08-16 00:00:00,0.09562786,-0.0029970556,-0.0018158183
2020-09-15 12:00:00,0.31098145,-0.003273502,-0.0018917322
2020-10-16 00:00:00,2.5172827,-0.0033403486,-0.001907751
2020-11-15 12:00:00,-1.5862861,-0.001185,-0.0006215796
2020-12-16 00:00:00,-0.19687052,0.00025361776,-0.000426203
2021-01-16 00:00:00,-0.7909506,0.003715098,0.002081044
2021-02-14 12:00:00,1.5072525,-0.0006378889,-0.00051201135
2021-03-16 00:00:00,-1.675931,0.0002489686,-0.0006224364
2021-04-15 12:00:00,2.038109,-0.0026734918,-0.0014326349
2021-05-16 00:00:00,0.22223136,-0.0028111637,-0.002173625
2021-06-15 12:00:00,0.9223602,-0.0030068457,-0.0019353777
2021-07-16 00:00:00,-0.4369645,-0.0028000474,-0.0019982904
2021-08-16 00:00:00,1.3777581,-0.0032380968,-0.0020423308
2021-09-15 12:00:00,0.4940156,-0.0031166077,-0.0017381161
2021-10-16 00:00:00,1.8290058,0.005281076,-6.9491565e-05
2021-11-15 12:00:00,1.1762232,-0.0014635324,-0.0013223737
2021-12-16 00:00:00,-0.43469548,0.0069544613,0.0034337267
2022-01-16 00:00:00,1.3048785,-0.0029072165,-0.0017843992
2022-02-14 12:00:00,-0.02652926,-0.0026721507,-0.0021731183
2022-03-16 00:00:00,0.5456455,-0.00080525875,-0.0020335019
2022-04-15 12:00:00,-0.24803661,0.00030255318,-0.0009575635
2022-05-16 00:00:00,-1.3463603,-0.0029215366,-0.0017930046
2022-06-15 12:00:00,1.0339296,-0.0027459264,-0.0017260313
2022-07-16 00:00:00,0.9625672,-0.0030893683,-0.002227433
2022-08-16 00:00:00,1.0374016,-0.0027395189,-0.0012773424
2022-09-15 12:00:00,-0.9130056,-0.0012317896,-0.0013037696
2022-10-16 00:00:00,-0.4880299,-0.0031789392,-0.0022029355
2022-11-15 12:00:00,-0.4020774,0.0007199347,0.00035429746
2022-12-16 00:00:00,0.56157535,0.0075251013,0.005744107
2023-01-16 00:00:00,-0.1154945,0.008253753,0.0027762577
2023-02-14 12:00:00,-0.37121993,0.0040659755,0.001293309
2023-03-16 00:00:00,0.1857476,0.008583918,-0.0002625361
2023-04-15 12:00:00,0.4449938,-0.0025824308,-0.0015331432
2023-05-16 00:00:00,-0.75907636,-0.0003733933,-0.000571236
2023-06-15 12:00:00,-0.5484554,-0.0014212728,-0.0014381185
2023-07-16 00:00:00,-0.5248444,-0.003159359,-0.0019633695
2023-08-16 00:00:00,-0.8822497,-0.0014012754,-0.0023048148
2023-09-15 12:00:00,0.7103213,-0.001661703,-0.0019537732
2023-10-16 00:00:00,-0.16153377,-0.002524048,-0.0017861575
2023-11-15 12:00:00,-2.4400423,-7.982552e-05,-3.437698e-05
2023-12-16 00:00:00,-0.08173649,0.0027697235,0.0014167875
2024-01-16 00:00:00,0.35195166,0.0050356686,0.00065695494
2024-02-15 00:00:00,-0.31962946,0.006889105,0.0010946766
2024-03-16 00:00:00,-1.284847,0.0043953806,0.00078014284
2024-04-15 12:00:00,-0.80065614,7.711351e-05,-0.001710251
2024-05-16 00:00:00,-0.4737513,-0.0016529262,-0.0012924969
2024-06-15 12:00:00,-2.2519283,-0.0031124651,-0.0017420873
2024-07-16 00:00:00,1.2935858,-0.002988115,-0.0018959492
2024-08-16 00:00:00,-0.7845825,-0.0030517578,-0.0021868423
2024-09-15 12:00:00,0.5022628,-0.0027609468,-0.0026507378
2024-10-16 00:00:00,-0.5685126,-0.002759695,-0.0020309538
2024-11-15 12:00:00,-0.48612922,0.003952116,0.0018895864
2024-12-16 00:00:00,-1.4242854,0.0038499534,-0.0004024133
2025-01-16 00:00:00,-1.5220795,-0.0016244352,-0.00068852305
2025-02-14 12:00:00,-0.4256628,0.0062023997,0.0015022308
2025-03-16 00:00:00,-0.09273537,0.00401251,-7.4505806e-07
2025-04-15 12:00:00,0.9827603,-0.0013636649,-0.0018002093
2025-05-16 00:00:00,-0.5360087,-0.0024466664,-0.0022247955
2025-06-15 12:00:00,-1.1336144,-0.003112346,-0.0017144755
