time,latent,alpha,beta,lambda
1940-01-16 00:00:00,0.091128826,1.2630585,10.3657875,0.12184878
1940-02-15 00:00:00,0.29850766,1.2264398,10.605201,0.11564513
1940-03-16 00:00:00,0.39703977,1.352517,9.786565,0.1382014
1940-04-15 12:00:00,0.22773768,1.6986375,4.360603,0.3895419
1940-05-16 00:00:00,0.17085394,1.7673783,3.0770264,0.57437867
1940-06-15 12:00:00,0.48092893,1.7893759,2.6959784,0.6637204
1940-07-16 00:00:00,0.55024546,1.9300343,1.8486599,1.044018
1940-08-16 00:00:00,0.67977536,1.9397867,1.8212379,1.0650924
1940-09-15 12:00:00,0.32798323,1.7397333,2.6440322,0.6579849
1940-10-16 00:00:00,0.09417944,1.6829288,5.570378,0.30212113
1940-11-15 12:00:00,0.18907094,1.7065997,4.159028,0.4103362
1940-12-16 00:00:00,0.022185069,1.2421802,10.503625,0.11826205
1941-01-16 00:00:00,0.06326857,1.3116648,10.061884,0.13035977
1941-02-14 12:00:00,0.16814506,1.2450984,10.492791,0.11866226
1941-03-16 00:00:00,0.100953154,1.4614984,9.09821,0.16063581
1941-04-15 12:00:00,0.047261197,1.5348837,8.438272,0.1818955
1941-05-16 00:00:00,0.16469899,1.6713992,5.975945,0.27968785
1941-06-15 12:00:00,0.8297971,1.7686542,2.5871644,0.68362653
1941-07-16 00:00:00,0.40100342,1.8951883,1.9187438,0.98772347
1941-08-16 00:00:00,3.096497,1.8184121,2.394715,0.7593438
1941-09-15 12:00:00,1.1430756,1.9077107,1.9623516,0.9721554
1941-10-16 00:00:00,0.45234537,1.741509,3.3180974,0.5248517
1941-11-15 12:00:00,0.11349898,1.6718631,6.256922,0.26720217
1941-12-16 00:00:00,0.35350326,1.2555385,10.403337,0.120686136
1942-01-16 00:00:00,0.0735282,1.3534873,9.780022,0.13839307
1942-02-14 12:00:00,0.22429611,1.4216763,9.341382,0.15219122
1942-03-16 00:00:00,0.5731464,1.6713691,6.2031035,0.26944077
1942-04-15 12:00:00,0.043617073,1.504627,8.714723,0.17265345
1942-05-16 00:00:00,0.12304743,1.6686009,6.024658,0.27696192
1942-06-15 12:00:00,0.77338374,1.8680792,2.0147698,0.9271924
1942-07-16 00:00:00,1.0340037,1.9510049,1.8070054,1.0796895
1942-08-16 00:00:00,0.7496571,1.9538045,1.8412344,1.0611384
1942-09-15 12:00:00,1.0591025,1.9438778,1.7828876,1.0902975
1942-10-16 00:00:00,0.36000267,1.817246,2.5977633,0.6995425
1942-11-15 12:00:00,0.016569832,1.3551799,9.740726,0.13912514
1942-12-16 00:00:00,0.7971255,1.6779882,5.4130836,0.3099875
1943-01-16 00:00:00,0.2370441,1.2740728,10.281762,0.1239158
1943-02-14 12:00:00,0.1495835,1.6559287,6.525521,0.25376192
1943-03-16 00:00:00,0.27947837,1.4756565,8.863893,0.16647951
1943-04-15 12:00:00,0.15107371,1.6829349,5.6922364,0.29565442
1943-05-16 00:00:00,0.25738308,1.8932468,1.9657569,0.96311337
1943-06-15 12:00:00,0.1740393,1.8123833,2.4228067,0.7480511
1943-07-16 00:00:00,2.6397982,1.9272801,1.9441961,0.9912992
1943-08-16 00:00:00,3.1400223,1.9466358,1.7818681,1.0924691
1943-09-15 12:00:00,0.83440053,1.9454508,1.7929716,1.0850427
1943-10-16 00:00:00,0.4938268,1.7085618,4.51544,0.37838212
1943-11-15 12:00:00,0.7614035,1.7544917,2.943697,0.5960164
1943-12-16 00:00:00,0.2218044,1.64198,7.2058945,0.22786623
1944-01-16 00:00:00,0.07304684,1.5922433,7.7791524,0.20468083
1944-02-15 00:00:00,0.12396679,1.3455509,9.838116,0.13676916
1944-03-16 00:00:00,0.07703498,1.6508244,6.575685,0.25104982
1944-04-15 12:00:00,0.17674541,1.6553032,6.4030128,0.25851944
1944-05-16 00:00:00,0.106438205,1.733377,3.6398685,0.47621968
1944-06-15 12:00:00,1.2937903,1.7912997,2.652715,0.6752703
1944-07-16 00:00:00,0.46337268,1.9461793,1.8150737,1.0722315
1944-08-16 00:00:00,1.2229286,1.9462178,1.7793183,1.0937997
1944-09-15 12:00:00,0.8046108,1.9264952,1.8153639,1.0612171
1944-10-16 00:00:00,0.2809931,1.7139186,4.721469,0.36300537
1944-11-15 12:00:00,0.13527936,1.4367199,9.218428,0.15585303
1944-12-16 00:00:00,0.18145752,1.6147844,7.543511,0.2140627
1945-01-16 00:00:00,0.39428684,1.7536886,3.4205885,0.5126862
1945-02-14 12:00:00,0.16198009,1.4332145,9.178271,0.156153
1945-03-16 00:00:00,0.025058853,1.4102806,9.386031,0.15025313
1945-04-15 12:00:00,0.46686006,1.7040821,3.5613058,0.47849926
1945-05-16 00:00:00,0.12433502,1.6689627,4.7187862,0.35368475
1945-06-15 12:00:00,1.2008632,1.8269886,2.186734,0.83548737
1945-07-16 00:00:00,0.9271021,1.9527814,1.7965921,1.0869365
1945-08-16 00:00:00,0.9604626,1.9391797,1.8390487,1.0544472
1945-09-15 12:00:00,0.6520566,1.9314569,1.824511,1.0586162
1945-10-16 00:00:00,0.13739108,1.6137223,7.4649105,0.21617436
1945-11-15 12:00:00,0.8249569,1.5894845,7.7882085,0.20408858
1945-12-16 00:00:00,0.3090673,1.30845,10.06036,0.13005996
1946-01-16 00:00:00,0.121965885,1.6778296,5.8121347,0.288677
1946-02-14 12:00:00,0.23421256,1.6863258,5.944736,0.28366706
1946-03-16 00:00:00,0.0088963825,1.5018423,8.6406555,0.17381115
1946-04-15 12:00:00,0.15070651,1.8011751,2.8123424,0.6404537
1946-05-16 00:00:00,0.44454214,1.7806057,3.0252128,0.5885886
1946-06-15 12:00:00,2.0520852,1.9456857,1.7836318,1.0908562
1946-07-16 00:00:00,2.1737044,1.9212583,1.935263,0.9927634
1946-08-16 00:00:00,1.7800479,1.9459186,1.7985965,1.0819094
1946-09-15 12:00:00,1.9357809,1.9299732,1.8584824,1.0384673
1946-10-16 00:00:00,0.4633286,1.6942835,4.2435427,0.39926156
1946-11-15 12:00:00,0.043760207,1.3996474,9.448965,0.14812705
1946-12-16 00:00:00,0.17063792,1.620966,7.424663,0.21832182
1947-01-16 00:00:00,0.33113614,1.706052,4.744905,0.3595545
1947-02-14 12:00:00,0.03447691,1.6083429,7.6520195,0.21018541
1947-03-16 00:00:00,0.34344268,1.5328106,8.385683,0.182789
1947-04-15 12:00:00,0.4891478,1.7129713,4.2563944,0.40244657
1947-05-16 00:00:00,0.15767546,1.7464045,3.3924813,0.5147868
1947-06-15 12:00:00,0.6861064,1.6840513,4.4124866,0.38165584
1947-07-16 00:00:00,0.256829,1.9485352,1.7873157,1.090202
1947-08-16 00:00:00,0.12837857,1.9006075,2.0520725,0.92618924
1947-09-15 12:00:00,0.99634904,1.90991,1.9321829,0.98847264
1947-10-16 00:00:00,0.14729276,1.6142699,7.397888,0.21820685
1947-11-15 12:00:00,0.32988,1.6937158,4.2917376,0.39464572
1947-12-16 00:00:00,0.68979037,1.6818082,5.711149,0.2944781
1948-01-16 00:00:00,0.2275258,1.6433785,6.553313,0.25077066
1948-02-15 00:00:00,0.30864456,1.6594945,6.576134,0.25235108
1948-03-16 00:00:00,0.10339684,1.3394051,9.872566,0.1356694
1948-04-15 12:00:00,0.09279164,1.283114,10.231149,0.12541251
1948-05-16 00:00:00,0.27278185,1.6451058,6.349024,0.2591116
1948-06-15 12:00:00,0.54707813,1.7218354,3.2613044,0.5279591
1948-07-16 00:00:00,1.7688816,1.9378333,1.8479006,1.0486674
1948-08-16 00:00:00,1.3518609,1.9471089,1.7953727,1.0845151
1948-09-15 12:00:00,0.28541315,1.8993052,2.0513754,0.92586917
1948-10-16 00:00:00,0.41354337,1.7550387,3.4962626,0.50197566
1948-11-15 12:00:00,0.21704853,1.6698952,5.228388,0.31939006
1948-12-16 00:00:00,0.102493994,1.3531871,9.785725,0.13828175
1949-01-16 00:00:00,0.3542913,1.6605716,6.4604526,0.25703642
1949-02-14 12:00:00,0.086083986,1.5514746,8.21515,0.18885529
1949-03-16 00:00:00,0.11578881,1.2626143,10.363971,0.12182727
1949-04-15 12:00:00,0.06948332,1.714332,3.5646043,0.4809319
1949-05-16 00:00:00,0.074734144,1.64723,5.453506,0.30204973
1949-06-15 12:00:00,0.19256915,1.9346898,1.7993202,1.0752337
1949-07-16 00:00:00,0.284496,1.9500129,1.8211087,1.0707834
1949-08-16 00:00:00,1.6976764,1.9450008,1.8571937,1.0472795
1949-09-15 12:00:00,1.4628386,1.9114256,1.9142632,0.99851763
1949-10-16 00:00:00,0.742899,1.8457428,2.3137097,0.7977417
1949-11-15 12:00:00,0.318253,1.6579218,6.4997993,0.25507277
1949-12-16 00:00:00,0.24464464,1.6346514,7.225076,0.22624695
1950-01-16 00:00:00,0.07686198,1.2842541,10.211201,0.12576915
1950-02-14 12:00:00,0.37516165,1.6048039,7.595753,0.21127647
1950-03-16 00:00:00,0.4293513,1.6087928,7.379527,0.21800756
1950-04-15 12:00:00,0.34780586,1.665303,6.1244984,0.27190846
1950-05-16 00:00:00,0.93834674,1.6973141,4.1989746,0.4042211
1950-06-15 12:00:00,0.33171913,1.7971181,2.2746491,0.79006386
1950-07-16 00:00:00,1.4032351,1.94816,1.8884548,1.031616
1950-08-16 00:00:00,1.094431,1.9384118,1.8353423,1.0561582
1950-09-15 12:00:00,0.5582182,1.7521797,2.9332986,0.59734106
1950-10-16 00:00:00,0.29045245,1.5274632,8.432055,0.18114957
1950-11-15 12:00:00,0.15453695,1.3435391,9.806463,0.13700548
1950-12-16 00:00:00,0.005526925,1.4193996,9.278373,0.15297937
1951-01-16 00:00:00,0.03881718,1.3783875,9.56232,0.14414781
1951-02-14 12:00:00,0.3378785,1.5936328,7.6966286,0.20705596
1951-03-16 00:00:00,0.031663273,1.6667564,5.8774815,0.28358343
1951-04-15 12:00:00,0.32572228,1.659872,6.00614,0.2763625
1951-05-16 00:00:00,0.3199033,1.6825557,4.9047804,0.34304404
1951-06-15 12:00:00,0.9702935,1.9315351,1.9597937,0.98558086
1951-07-16 00:00:00,1.0307899,1.9439362,1.8476542,1.0521104
1951-08-16 00:00:00,0.37863088,1.8976647,1.9965303,0.9504813
1951-09-15 12:00:00,0.26437402,1.9103897,2.0192535,0.94608706
1951-10-16 00:00:00,0.12324203,1.6568565,5.680598,0.2916694
1951-11-15 12:00:00,0.49319696,1.5277588,8.407951,0.18170406
1951-12-16 00:00:00,0.18844615,1.2849954,10.197092,0.12601587
1952-01-16 00:00:00,0.098590694,1.2514275,10.423058,0.12006338
1952-02-15 00:00:00,0.19909279,1.561582,8.02144,0.19467603
1952-03-16 00:00:00,0.07408431,1.2912513,10.17166,0.12694597
1952-04-15 12:00:00,0.114601575,1.6411904,6.9341364,0.23668274
1952-05-16 00:00:00,0.09870696,1.7191373,3.8201175,0.4500221
1952-06-15 12:00:00,0.18419266,1.6995933,4.2859445,0.39655048
1952-07-16 00:00:00,1.3589649,1.8572388,2.2839737,0.8131612
1952-08-16 00:00:00,0.60935456,1.9467928,1.7986416,1.0823684
1952-09-15 12:00:00,0.401632,1.8058288,2.2896798,0.7886818
1952-10-16 00:00:00,2.002426,1.9415878,1.8210917,1.066167
1952-11-15 12:00:00,0.18121988,1.6152668,7.5393085,0.21424602
1952-12-16 00:00:00,0.044486765,1.2324356,10.551502,0.11680191
1953-01-16 00:00:00,0.043083083,1.4203665,9.262204,0.15335082
1953-02-14 12:00:00,1.7045765,1.7600713,2.7755294,0.63413894
1953-03-16 00:00:00,0.09077281,1.6170199,7.3403807,0.22029102
1953-04-15 12:00:00,0.17663646,1.6357071,7.0213823,0.23296084
1953-05-16 00:00:00,0.2181264,1.6445444,6.055181,0.27159294
1953-06-15 12:00:00,0.9776182,1.7179983,3.6721737,0.4678423
1953-07-16 00:00:00,0.5392785,1.9516062,1.855562,1.0517602
1953-08-16 00:00:00,1.1750152,1.8794776,2.1208642,0.8861848
1953-09-15 12:00:00,0.7615208,1.9328107,1.9786958,0.97681046
1953-10-16 00:00:00,0.61674994,1.6775185,3.9053109,0.429548
1953-11-15 12:00:00,0.5580615,1.6458534,6.6885085,0.24607182
1953-12-16 00:00:00,0.03732858,1.6947192,3.807111,0.44514573
1954-01-16 00:00:00,0.31348184,1.4145511,9.2979,0.15213662
1954-02-14 12:00:00,0.20560849,1.6120002,7.376336,0.2185367
1954-03-16 00:00:00,0.03403917,1.4328159,9.175076,0.15616393
1954-04-15 12:00:00,0.4384067,1.6791744,5.0331044,0.33362597
1954-05-16 00:00:00,1.0897144,1.8090264,2.9770036,0.60766685
1954-06-15 12:00:00,1.070406,1.7453992,3.5756423,0.48813584
1954-07-16 00:00:00,0.35828403,1.9473685,1.8891114,1.0308384
1954-08-16 00:00:00,0.16159193,1.9372612,1.8765873,1.0323321
1954-09-15 12:00:00,1.6811333,1.945482,1.7953904,1.0835984
1954-10-16 00:00:00,1.3462123,1.8998257,1.9770594,0.96093506
1954-11-15 12:00:00,0.08112855,1.6445876,7.115665,0.23112214
1954-12-16 00:00:00,0.1350756,1.5176542,8.474844,0.17907754
1955-01-16 00:00:00,0.07271485,1.5526692,8.231752,0.18861952
1955-02-14 12:00:00,0.5261071,1.6615864,6.213439,0.26741815
1955-03-16 00:00:00,0.18613365,1.7283947,3.1438687,0.54976684
1955-04-15 12:00:00,0.22866346,1.5686142,8.034814,0.1952272
1955-05-16 00:00:00,0.18238421,1.6925452,5.075038,0.33350393
1955-06-15 12:00:00,0.21164982,1.8737023,1.9324704,0.9695891
1955-07-16 00:00:00,0.6986533,1.9262128,1.8761674,1.0266743
1955-08-16 00:00:00,0.5410119,1.9498025,1.7977614,1.0845724
1955-09-15 12:00:00,3.8326807,1.8143389,2.3534636,0.77092284
1955-10-16 00:00:00,1.4761775,1.7936468,2.492289,0.71967846
1955-11-15 12:00:00,0.34340605,1.6397917,6.75645,0.24270019
1955-12-16 00:00:00,0.07127822,1.2363201,10.515577,0.117570356
1956-01-16 00:00:00,0.042421483,1.3542713,9.733735,0.13913172
1956-02-15 00:00:00,0.3217225,1.5939807,7.5550494,0.21098216
1956-03-16 00:00:00,0.7310147,1.7488992,3.0625627,0.57105744
1956-04-15 12:00:00,0.41883698,1.6269534,7.1364856,0.22797683
1956-05-16 00:00:00,0.19911799,1.6817361,5.2881384,0.31802043
1956-06-15 12:00:00,0.9121948,1.9258314,1.8496431,1.0411909
1956-07-16 00:00:00,1.2533889,1.9418253,2.013938,0.9641932
1956-08-16 00:00:00,1.0213226,1.9481342,1.8191156,1.0709238
1956-09-15 12:00:00,0.17500001,1.8664603,2.039948,0.91495484
1956-10-16 00:00:00,0.35862577,1.6443752,6.186688,0.2657925
1956-11-15 12:00:00,0.5119374,1.901375,2.0225425,0.94009155
1956-12-16 00:00:00,0.3988937,1.7223177,3.8783712,0.44408274
1957-01-16 00:00:00,0.20227726,1.5262344,8.469783,0.18019758
1957-02-14 12:00:00,0.16910698,1.5616356,8.069341,0.19352704
1957-03-16 00:00:00,0.2623459,1.5899628,7.6837497,0.20692538
1957-04-15 12:00:00,0.11017032,1.6610575,6.336287,0.26214996
1957-05-16 00:00:00,0.15678,1.5379314,8.248209,0.18645641
1957-06-15 12:00:00,0.52710634,1.9062055,2.0240016,0.9418004
1957-07-16 00:00:00,0.17476694,1.9307394,1.8311123,1.054408
1957-08-16 00:00:00,0.5216723,1.93672,1.7874029,1.0835387
1957-09-15 12:00:00,0.6093643,1.6769693,4.272114,0.39253855
1957-10-16 00:00:00,0.005302081,1.5816445,7.88837,0.20050333
1957-11-15 12:00:00,0.4634702,1.6627585,5.273346,0.31531376
1957-12-16 00:00:00,0.05214426,1.5472062,8.209726,0.18846014
1958-01-16 00:00:00,0.26628774,1.5612134,8.054871,0.19382228
1958-02-14 12:00:00,0.19213815,1.2301818,10.577663,0.11629996
1958-03-16 00:00:00,0.038057968,1.257419,10.401412,0.12088926
1958-04-15 12:00:00,0.03499411,1.3722776,9.6592045,0.14206943
1958-05-16 00:00:00,0.6361444,1.6861304,5.4062095,0.31188774
1958-06-15 12:00:00,0.21792412,1.7375072,2.8663518,0.60617375
1958-07-16 00:00:00,0.9028082,1.848824,2.1810122,0.8476908
1958-08-16 00:00:00,3.1807618,1.891865,2.010993,0.9407616
1958-09-15 12:00:00,0.5868625,1.8221617,2.8539822,0.63846284
1958-10-16 00:00:00,0.6499528,1.9306573,1.8409735,1.0487154
1958-11-15 12:00:00,0.25482917,1.7094674,3.8123891,0.44839793
1958-12-16 00:00:00,0.4593215,1.6987089,4.8639426,0.34924525
1959-01-16 00:00:00,0.1179518,1.3639339,9.716837,0.1403681
1959-02-14 12:00:00,0.11103209,1.2757443,10.285171,0.12403726
1959-03-16 00:00:00,0.19096531,1.689953,4.635298,0.36458346
1959-04-15 12:00:00,0.40595424,1.7370298,3.8150914,0.4553049
1959-05-16 00:00:00,0.7872766,1.6911304,3.2065322,0.5274016
1959-06-15 12:00:00,1.7295693,1.9089249,1.8525009,1.0304583
1959-07-16 00:00:00,0.50603384,1.9337348,1.8380556,1.0520545
1959-08-16 00:00:00,0.08808375,1.8418975,2.316037,0.79527986
1959-09-15 12:00:00,0.053831402,1.6948503,5.0310287,0.33687946
1959-10-16 00:00:00,1.1108125,1.9342927,1.84745,1.0470067
1959-11-15 12:00:00,0.6677062,1.9391364,1.8136709,1.0691776
1959-12-16 00:00:00,0.22338562,1.6870726,5.4812226,0.3077913
1960-01-16 00:00:00,0.0048615844,1.3970653,9.49162,0.14718933
1960-02-15 00:00:00,0.14544758,1.3304965,9.91677,0.13416632
1960-03-16 00:00:00,0.16586831,1.6133982,7.2396216,0.2228567
1960-04-15 12:00:00,0.6976457,1.6703416,6.2938952,0.26539075
1960-05-16 00:00:00,1.6595569,1.7145438,3.5626092,0.48126072
1960-06-15 12:00:00,1.4044373,1.9438101,1.8366479,1.0583466
1960-07-16 00:00:00,0.24846236,1.8341596,2.348086,0.7811296
1960-08-16 00:00:00,0.08270113,1.9468573,1.7884436,1.0885763
1960-09-15 12:00:00,0.42465863,1.9184002,1.9241316,0.99702126
1960-10-16 00:00:00,0.7260139,1.7473576,3.02468,0.5777
1960-11-15 12:00:00,0.17100196,1.4286066,9.237391,0.15465477
1960-12-16 00:00:00,0.03499135,1.6701801,6.3799787,0.26178458
1961-01-16 00:00:00,0.9603248,1.65963,6.6684403,0.24887827
1961-02-14 12:00:00,0.15278946,1.6609039,6.474899,0.25651428
1961-03-16 00:00:00,0.09204633,1.533857,8.378868,0.18306255
1961-04-15 12:00:00,0.38478664,1.6884307,4.672685,0.36134055
1961-05-16 00:00:00,0.24615574,1.6754079,5.719547,0.2929267
1961-06-15 12:00:00,0.11018701,1.8434807,2.1203592,0.8694191
1961-07-16 00:00:00,0.2709818,1.8965402,2.0550957,0.9228476
1961-08-16 00:00:00,0.47559962,1.7168204,3.0634832,0.5604145
1961-09-15 12:00:00,0.23989177,1.7555242,3.038984,0.57766813
1961-10-16 00:00:00,1.2584871,1.7841283,2.7284365,0.65390134
1961-11-15 12:00:00,0.13752808,1.5332856,8.433276,0.18181376
1961-12-16 00:00:00,0.08146836,1.6104685,7.587408,0.21225542
1962-01-16 00:00:00,0.45145392,1.6533535,6.5525556,0.25232193
1962-02-14 12:00:00,0.050269272,1.2341301,10.540657,0.11708285
1962-03-16 00:00:00,0.117149316,1.5602244,8.105613,0.19248691
1962-04-15 12:00:00,0.7696877,1.7797403,2.837048,0.6273212
1962-05-16 00:00:00,0.2393552,1.6721628,3.2598732,0.51295334
1962-06-15 12:00:00,0.7959874,1.8489982,2.2774572,0.81186956
1962-07-16 00:00:00,0.6424471,1.8760726,2.0918689,0.89684045
1962-08-16 00:00:00,1.3923855,1.902275,1.9627692,0.96917915
1962-09-15 12:00:00,0.7762194,1.908701,2.0101373,0.9495376
1962-10-16 00:00:00,0.095681466,1.4650207,8.902219,0.16456804
1962-11-15 12:00:00,0.22837926,1.688026,3.5480568,0.4757607
1962-12-16 00:00:00,0.52321416,1.6242754,7.472114,0.2173783
1963-01-16 00:00:00,0.10315758,1.3762218,9.604709,0.14328615
1963-02-14 12:00:00,0.16726594,1.5767128,7.9908586,0.19731458
1963-03-16 00:00:00,0.14555281,1.4261256,9.267015,0.15389265
1963-04-15 12:00:00,0.18751405,1.367595,9.665009,0.14149961
1963-05-16 00:00:00,0.45753023,1.6582417,5.068733,0.32715112
1963-06-15 12:00:00,2.7356477,1.7092906,2.9037986,0.5886395
1963-07-16 00:00:00,0.6344198,1.9455506,1.7837255,1.090723
1963-08-16 00:00:00,0.24037452,1.9124457,1.9297805,0.9910172
1963-09-15 12:00:00,0.3709863,1.8447765,2.6420336,0.6982411
1963-10-16 00:00:00,0.025698744,1.6740664,6.169005,0.27136734
1963-11-15 12:00:00,0.091889694,1.4008,9.436933,0.14843807
1963-12-16 00:00:00,0.76073855,1.7922214,2.7663403,0.6478673
1964-01-16 00:00:00,0.4366392,1.5394655,8.292429,0.18564712
1964-02-15 00:00:00,0.2512772,1.8185798,2.5620406,0.70981693
1964-03-16 00:00:00,0.13861111,1.5941958,7.763019,0.20535772
1964-04-15 12:00:00,0.07933394,1.7010573,3.753554,0.45318577
1964-05-16 00:00:00,0.59079874,1.6690016,4.3270793,0.3857109
1964-06-15 12:00:00,0.9288037,1.705101,3.7907248,0.44980872
1964-07-16 00:00:00,0.3315774,1.9415987,1.8429456,1.0535301
1964-08-16 00:00:00,0.34056097,1.886531,2.1731684,0.8681016
1964-09-15 12:00:00,0.19697477,1.9170612,1.8868307,1.0160218
1964-10-16 00:00:00,0.06902089,1.6974884,5.4120793,0.3136481
1964-11-15 12:00:00,0.50100094,1.460824,9.019379,0.16196504
1964-12-16 00:00:00,0.29897207,1.2363775,10.51085,0.117628686
1965-01-16 00:00:00,0.17846067,1.4170277,9.295551,0.15244149
1965-02-14 12:00:00,0.39211828,1.7190781,4.3949623,0.3911474
1965-03-16 00:00:00,0.12342909,1.6459545,7.0089097,0.23483746
1965-04-15 12:00:00,0.21225883,1.4767952,8.869035,0.16651137
1965-05-16 00:00:00,0.68613714,1.803383,2.3636475,0.76296616
1965-06-15 12:00:00,1.5436147,1.7295271,2.6398425,0.655163
1965-07-16 00:00:00,1.1110116,1.871682,2.1855073,0.8564062
1965-08-16 00:00:00,0.57128733,1.7467695,3.0764482,0.5677877
1965-09-15 12:00:00,2.582682,1.8548391,2.280877,0.81321305
1965-10-16 00:00:00,0.6193049,1.903445,2.0480552,0.92939144
1965-11-15 12:00:00,0.146001,1.2583257,10.391156,0.12109583
1965-12-16 00:00:00,0.07461736,1.4586363,9.002297,0.16202934
1966-01-16 00:00:00,0.030932141,1.6418792,7.0001087,0.23455054
1966-02-14 12:00:00,0.3555695,1.6372566,7.0988674,0.23063631
1966-03-16 00:00:00,0.05126973,1.6902686,4.3615103,0.38754204
1966-04-15 12:00:00,0.5206953,1.7410661,3.4271162,0.5080266
1966-05-16 00:00:00,0.86979115,1.797206,2.9103715,0.6175177
1966-06-15 12:00:00,0.6363752,1.9031097,2.1421869,0.8883957
1966-07-16 00:00:00,1.0278748,1.9152638,2.1086318,0.9082969
1966-08-16 00:00:00,2.2985141,1.9417428,1.8663112,1.0404174
1966-09-15 12:00:00,0.089474775,1.8570138,2.3101387,0.8038538
1966-10-16 00:00:00,2.155072,1.9403567,1.7992644,1.0784167
1966-11-15 12:00:00,0.026194979,1.4105124,9.370932,0.15051998
1966-12-16 00:00:00,0.4294281,1.3968931,9.473073,0.14745934
1967-01-16 00:00:00,0.21938796,1.2842195,10.197533,0.12593433
1967-02-14 12:00:00,0.4681052,1.7844871,2.8479996,0.62657565
1967-03-16 00:00:00,0.059520345,1.3366313,9.868567,0.1354433
1967-04-15 12:00:00,0.26216203,1.3161669,10.0096035,0.13149041
1967-05-16 00:00:00,0.6415252,1.7156844,3.400215,0.50458115
1967-06-15 12:00:00,0.23828715,1.6899838,4.102729,0.41191703
1967-07-16 00:00:00,0.24588403,1.9365671,1.8236473,1.0619198
1967-08-16 00:00:00,2.8530128,1.9387186,1.993293,0.97262096
1967-09-15 12:00:00,0.27960753,1.8656499,2.4703836,0.7552066
1967-10-16 00:00:00,0.88118553,1.7358725,3.280971,0.52907276
1967-11-15 12:00:00,0.34942243,1.6180483,7.4318585,0.21771786
1967-12-16 00:00:00,0.34400722,1.5955446,7.6555786,0.20841594
1968-01-16 00:00:00,0.13408229,1.4343534,9.198961,0.15592557
1968-02-15 00:00:00,0.44175804,1.6330618,7.031366,0.23225385
1968-03-16 00:00:00,0.8667232,1.5790597,7.987864,0.19768235
1968-04-15 12:00:00,1.036063,1.7596883,3.4950514,0.50347996
1968-05-16 00:00:00,0.28422868,1.7140052,3.6235626,0.4730166
1968-06-15 12:00:00,2.3510194,1.8639936,2.0507064,0.908952
1968-07-16 00:00:00,0.40623316,1.947557,1.9697582,0.988729
1968-08-16 00:00:00,0.26296145,1.801498,2.5934994,0.69462055
1968-09-15 12:00:00,0.3318616,1.9193431,1.8706315,1.0260402
1968-10-16 00:00:00,0.2678202,1.6927953,5.3745494,0.31496507
1968-11-15 12:00:00,0.5703843,1.6373514,7.027325,0.23299782
1968-12-16 00:00:00,0.26645485,1.3685225,9.659201,0.14168072
1969-01-16 00:00:00,0.17153719,1.2186786,10.6499195,0.11443078
1969-02-14 12:00:00,0.10956803,1.2346909,10.549029,0.117043085
1969-03-16 00:00:00,0.7556908,1.687672,5.5317564,0.30508792
1969-04-15 12:00:00,0.33670515,1.6492841,6.8135962,0.2420578
1969-05-16 00:00:00,0.6753987,1.8842216,2.1120164,0.8921434
1969-06-15 12:00:00,0.4402999,1.6431652,3.0970724,0.53055435
1969-07-16 00:00:00,0.5329023,1.9442382,1.8808079,1.033725
1969-08-16 00:00:00,0.5576311,1.9505885,1.7838278,1.0934848
1969-09-15 12:00:00,1.2212597,1.9377092,1.846957,1.049136
1969-10-16 00:00:00,0.40464947,1.6843262,4.7458267,0.3549068
1969-11-15 12:00:00,0.24973583,1.6841848,5.874447,0.28669673
1969-12-16 00:00:00,0.12267149,1.4691575,8.908483,0.1649167
1970-01-16 00:00:00,0.19122252,1.2435497,10.470826,0.11876328
1970-02-14 12:00:00,0.4271236,1.6521615,6.7898993,0.24332635
1970-03-16 00:00:00,0.1518194,1.6676875,6.35501,0.26242092
1970-04-15 12:00:00,1.246089,1.7049898,3.8628511,0.4413812
1970-05-16 00:00:00,0.41478446,1.9033374,1.9214942,0.99055064
1970-06-15 12:00:00,0.61193645,1.7088978,2.9154673,0.58614886
1970-07-16 00:00:00,0.6361303,1.94628,1.8605067,1.0461022
1970-08-16 00:00:00,1.7045599,1.94339,1.7880694,1.086865
1970-09-15 12:00:00,0.23114151,1.9326991,1.7758042,1.0883515
1970-10-16 00:00:00,0.15139212,1.7022167,4.057874,0.41948485
1970-11-15 12:00:00,0.73395824,1.283408,10.21511,0.1256382
1970-12-16 00:00:00,0.038887173,1.3209801,9.963672,0.13257964
1971-01-16 00:00:00,0.028832717,1.649302,6.2585006,0.2635299
1971-02-14 12:00:00,0.5890434,1.6932933,4.426503,0.38253522
1971-03-16 00:00:00,0.10216033,1.5846362,7.658302,0.20691743
1971-04-15 12:00:00,0.06969239,1.6878308,4.3524227,0.3877911
1971-05-16 00:00:00,0.07209287,1.6382171,5.4807296,0.29890493
1971-06-15 12:00:00,0.28784895,1.8158184,2.2167335,0.8191415
1971-07-16 00:00:00,0.75250506,1.9390268,1.8509454,1.0475873
1971-08-16 00:00:00,0.67757046,1.9493728,1.8550771,1.0508311
1971-09-15 12:00:00,1.2800058,1.83301,2.3066006,0.79468024
1971-10-16 00:00:00,0.79888386,1.7392231,2.9767811,0.584263
1971-11-15 12:00:00,0.1318892,1.652193,6.503665,0.2540403
1971-12-16 00:00:00,0.025335452,1.3139223,10.024623,0.1310695
1972-01-16 00:00:00,0.4860249,1.678924,5.228415,0.3211153
1972-02-15 00:00:00,0.06818047,1.6673472,5.5175233,0.30219123
1972-03-16 00:00:00,0.69201887,1.7523506,3.2854059,0.53337413
1972-04-15 12:00:00,0.2121557,1.6832936,5.2450604,0.3209293
1972-05-16 00:00:00,1.1310788,1.7807512,2.6803074,0.66438323
1972-06-15 12:00:00,0.36483407,1.7824374,2.75249,0.6475727
1972-07-16 00:00:00,3.062673,1.9327955,1.8476473,1.0460846
1972-08-16 00:00:00,1.2501526,1.9272445,1.8888652,1.0203187
1972-09-15 12:00:00,0.2709906,1.7354699,3.1433854,0.5521022
1972-10-16 00:00:00,0.14499131,1.6434944,6.855852,0.23972139
1972-11-15 12:00:00,0.13379201,1.3463174,9.824201,0.13704091
1972-12-16 00:00:00,0.15375732,1.5923481,7.665581,0.20772699
1973-01-16 00:00:00,0.00069612265,1.2921467,10.168614,0.12707205
1973-02-14 12:00:00,0.03136987,1.2528557,10.435874,0.12005278
1973-03-16 00:00:00,0.7260027,1.4819683,8.847761,0.16749641
1973-04-15 12:00:00,0.5733878,1.750499,3.0165768,0.5802932
1973-05-16 00:00:00,0.56003886,1.7653778,2.660478,0.6635566
1973-06-15 12:00:00,1.2172322,1.9361769,1.8759106,1.0321264
1973-07-16 00:00:00,3.0204864,1.9367123,1.8760012,1.032362
1973-08-16 00:00:00,1.3521091,1.9107687,2.0830662,0.91728663
1973-09-15 12:00:00,0.06620423,1.862056,2.28226,0.8158825
1973-10-16 00:00:00,0.22519092,1.6421688,6.896331,0.23812209
1973-11-15 12:00:00,0.20915031,1.2732371,10.268594,0.12399333
1973-12-16 00:00:00,0.21106999,1.4828936,8.797506,0.1685584
1974-01-16 00:00:00,0.12645636,1.3368417,9.884481,0.13524652
1974-02-14 12:00:00,0.1006961,1.6680448,5.9455643,0.2805528
1974-03-16 00:00:00,0.034930762,1.2844578,10.217057,0.125717
1974-04-15 12:00:00,0.25834668,1.6431537,6.6345134,0.24766755
1974-05-16 00:00:00,0.15887745,1.9045997,2.0609038,0.9241575
1974-06-15 12:00:00,0.38013276,1.8769996,2.291232,0.8192097
1974-07-16 00:00:00,0.554451,1.7171645,3.810039,0.45069474
1974-08-16 00:00:00,0.22109774,1.9193316,1.8749269,1.0236834
1974-09-15 12:00:00,1.3496765,1.9478905,1.7874134,1.0897818
1974-10-16 00:00:00,0.14623687,1.6682038,6.0271473,0.27678165
1974-11-15 12:00:00,0.21425807,1.6836381,5.3144464,0.31680405
1974-12-16 00:00:00,0.33178964,1.5017449,8.735018,0.17192236
1975-01-16 00:00:00,0.23575583,1.6553845,6.220396,0.26612204
1975-02-14 12:00:00,0.2545002,1.27637,10.26186,0.12437999
1975-03-16 00:00:00,0.06397622,1.2756428,10.268309,0.12423105
1975-04-15 12:00:00,0.3642178,1.630156,6.9973526,0.23296754
1975-05-16 00:00:00,0.18299426,1.8056939,2.475794,0.7293393
1975-06-15 12:00:00,1.0864178,1.8574429,2.0640678,0.8998943
1975-07-16 00:00:00,0.21195711,1.9371457,1.9214714,1.0081575
1975-08-16 00:00:00,0.33121118,1.7829309,2.6977065,0.6609062
1975-09-15 12:00:00,1.654937,1.8408008,2.1683285,0.8489492
1975-10-16 00:00:00,0.16494173,1.6034341,7.5002656,0.21378364
1975-11-15 12:00:00,0.26336616,1.6825312,4.287798,0.39239985
1975-12-16 00:00:00,0.3528381,1.7474777,3.3091948,0.52806735
1976-01-16 00:00:00,1.079333,1.8004384,2.506981,0.71817
1976-02-15 00:00:00,0.07486597,1.5646082,8.070992,0.19385573
1976-03-16 00:00:00,0.52565134,1.6894605,4.995797,0.33817637
1976-04-15 12:00:00,0.18528692,1.6382433,7.171389,0.22844157
1976-05-16 00:00:00,0.25032067,1.8957458,2.1355157,0.8877227
1976-06-15 12:00:00,0.09191224,1.83685,2.3335738,0.7871403
1976-07-16 00:00:00,0.47943392,1.8541863,2.269581,0.8169729
1976-08-16 00:00:00,0.12595652,1.6811908,5.693774,0.29526827
1976-09-15 12:00:00,0.12672956,1.6797662,5.5463004,0.30286247
1976-10-16 00:00:00,0.57423526,1.7636731,3.407167,0.51763624
1976-11-15 12:00:00,0.16790499,1.7235973,4.624457,0.37271345
1976-12-16 00:00:00,0.35691273,1.748382,4.256398,0.4107656
1977-01-16 00:00:00,0.521215,1.6661134,6.4834776,0.25697836
1977-02-14 12:00:00,0.67440873,1.6841974,4.832009,0.34855014
1977-03-16 00:00:00,0.16057494,1.6540523,6.7788286,0.24400267
1977-04-15 12:00:00,0.119132064,1.7709583,3.1476789,0.56262356
1977-05-16 00:00:00,0.053501725,1.6343577,6.6750913,0.24484424
1977-06-15 12:00:00,0.7922389,1.6992077,2.6235478,0.6476755
1977-07-16 00:00:00,1.3054572,1.9256722,1.8177031,1.0593987
1977-08-16 00:00:00,0.28006598,1.9031821,1.9651471,0.968468
1977-09-15 12:00:00,0.12985893,1.7345953,3.7655768,0.46064532
1977-10-16 00:00:00,0.2214879,1.7995734,3.1948967,0.56326497
1977-11-15 12:00:00,0.0069658603,1.6709365,6.3008842,0.26519078
1977-12-16 00:00:00,0.08531099,1.2965338,10.144894,0.12780161
1978-01-16 00:00:00,0.2343457,1.2317297,10.566948,0.11656438
1978-02-14 12:00:00,0.3324467,1.2993628,10.132472,0.12823749
1978-03-16 00:00:00,0.015360931,1.2669011,10.333573,0.12260049
1978-04-15 12:00:00,0.07818886,1.4433295,9.130387,0.15807976
1978-05-16 00:00:00,1.6138469,1.8149434,2.294974,0.79083395
1978-06-15 12:00:00,1.2131444,1.9119867,1.9356827,0.98775834
1978-07-16 00:00:00,0.3500026,1.9407871,1.8093413,1.0726484
1978-08-16 00:00:00,1.9119878,1.9361889,1.862024,1.0398303
1978-09-15 12:00:00,0.19705701,1.6447392,5.9964623,0.2742849
1978-10-16 00:00:00,0.9153821,1.9308802,1.8583531,1.0390276
1978-11-15 12:00:00,0.286337,1.6292298,7.2253733,0.22548728
1978-12-16 00:00:00,0.1457781,1.6806992,5.4219747,0.30997917
1979-01-16 00:00:00,0.4798549,1.3419669,9.865128,0.13603137
1979-02-14 12:00:00,0.29921922,1.3726635,9.649404,0.14225371
1979-03-16 00:00:00,0.09745494,1.4794748,8.894956,0.16632739
1979-04-15 12:00:00,0.43580163,1.6817024,4.58797,0.3665461
1979-05-16 00:00:00,0.90429395,1.7251155,3.3293147,0.51815933
1979-06-15 12:00:00,2.1058135,1.9144006,1.81808,1.0529794
1979-07-16 00:00:00,1.1460868,1.890758,1.9960163,0.94726586
1979-08-16 00:00:00,0.47984242,1.8419788,2.011133,0.9158911
1979-09-15 12:00:00,1.8681837,1.9175578,1.8962055,1.0112605
1979-10-16 00:00:00,0.4088351,1.6622205,6.283169,0.2645513
1979-11-15 12:00:00,0.3135567,1.6110525,7.5611515,0.21306974
1979-12-16 00:00:00,0.1660972,1.4139094,9.381253,0.15071648
1980-01-16 00:00:00,0.027047608,1.2948043,10.152956,0.12752979
1980-02-15 00:00:00,0.024055142,1.2547203,10.423065,0.12037921
1980-03-16 00:00:00,0.06800707,1.6289264,7.1715293,0.22713794
1980-04-15 12:00:00,0.3964828,1.6582125,6.3669605,0.2604402
1980-05-16 00:00:00,0.46080437,1.6554049,4.3407717,0.3813619
1980-06-15 12:00:00,0.400856,1.8355638,2.1080625,0.870735
1980-07-16 00:00:00,0.11545993,1.751803,3.3647456,0.5206346
1980-08-16 00:00:00,1.1640548,1.9338908,1.8716085,1.0332774
1980-09-15 12:00:00,0.31115645,1.870144,2.1164534,0.88362163
1980-10-16 00:00:00,0.45121083,1.7886479,2.7288568,0.65545684
1980-11-15 12:00:00,0.10127651,1.7620649,2.8849118,0.61078644
1980-12-16 00:00:00,0.13323654,1.623068,7.355438,0.22066231
1981-01-16 00:00:00,0.30074087,1.3428326,9.850923,0.1363154
1981-02-14 12:00:00,0.104964994,1.650877,6.8950377,0.23942973
1981-03-16 00:00:00,0.11638206,1.3646606,9.707287,0.14058106
1981-04-15 12:00:00,0.4862308,1.693977,4.424326,0.38287798
1981-05-16 00:00:00,0.5220456,1.6682425,4.1578555,0.40122664
1981-06-15 12:00:00,1.0884657,1.9481808,1.803198,1.0804032
1981-07-16 00:00:00,2.4663577,1.9400445,1.8265891,1.0621133
1981-08-16 00:00:00,1.8651218,1.9442337,1.8266644,1.0643628
1981-09-15 12:00:00,1.4156044,1.8678663,2.219359,0.84162426
1981-10-16 00:00:00,0.24154238,1.6163093,7.2097707,0.22418317
1981-11-15 12:00:00,0.09886413,1.3480034,9.78108,0.13781743
1981-12-16 00:00:00,0.17302014,1.4248834,9.24,0.15420815
1982-01-16 00:00:00,0.020613557,1.3480438,9.816061,0.13733043
1982-02-14 12:00:00,0.05520277,1.5259098,8.471877,0.18011472
1982-03-16 00:00:00,0.045801964,1.2402947,10.506716,0.1180478
1982-04-15 12:00:00,0.0136039555,1.4337168,9.230083,0.15533085
1982-05-16 00:00:00,1.4408348,1.8571364,2.173061,0.8546177
1982-06-15 12:00:00,0.4418879,1.6790593,4.544275,0.36948892
1982-07-16 00:00:00,1.0659494,1.9321455,1.884026,1.0255407
1982-08-16 00:00:00,3.9553692,1.9210789,2.010728,0.95541465
1982-09-15 12:00:00,0.20759587,1.6259545,6.8815565,0.23627715
1982-10-16 00:00:00,0.028277671,1.6022624,7.5101967,0.21334493
1982-11-15 12:00:00,0.19519418,1.307363,10.067104,0.12986486
1982-12-16 00:00:00,0.23335953,1.413072,9.343836,0.1512304
1983-01-16 00:00:00,0.24619079,1.2603183,10.383353,0.121378735
1983-02-14 12:00:00,0.10325486,1.2309353,10.574056,0.116410896
1983-03-16 00:00:00,0.10651831,1.2363821,10.536151,0.11734666
1983-04-15 12:00:00,0.061278965,1.350353,9.80428,0.13773097
1983-05-16 00:00:00,0.67692035,1.7395878,3.3463273,0.51984984
1983-06-15 12:00:00,0.52608204,1.8234113,2.2945197,0.7946811
1983-07-16 00:00:00,1.2663715,1.9148,1.8449904,1.0378374
1983-08-16 00:00:00,0.6145748,1.6531959,3.9524064,0.41827577
1983-09-15 12:00:00,0.3959526,1.6761156,4.8431396,0.3460804
1983-10-16 00:00:00,1.27677,1.6817333,4.562618,0.36858955
1983-11-15 12:00:00,0.15344365,1.2522604,10.419093,0.120189
1983-12-16 00:00:00,0.063625395,1.2591302,10.369775,0.1214231
1984-01-16 00:00:00,0.72433555,1.7858413,3.0855095,0.5787833
1984-02-15 00:00:00,0.06623945,1.6310252,7.038705,0.23172234
1984-03-16 00:00:00,0.03640902,1.6618376,6.12539,0.27130315
1984-04-15 12:00:00,0.13115144,1.677359,4.625408,0.3626402
1984-05-16 00:00:00,0.78987414,1.8016932,2.638144,0.68293965
1984-06-15 12:00:00,0.87461054,1.7636955,2.9284847,0.60225534
1984-07-16 00:00:00,0.45994523,1.8626578,2.302615,0.8089315
1984-08-16 00:00:00,1.4479802,1.8968959,2.055768,0.9227188
1984-09-15 12:00:00,0.87760293,1.8589758,2.3033895,0.80706096
1984-10-16 00:00:00,0.16107677,1.6527448,6.1054654,0.27069923
1984-11-15 12:00:00,0.30726424,1.2695745,10.313159,0.12310239
1984-12-16 00:00:00,0.13930833,1.5809171,8.080741,0.19564012
1985-01-16 00:00:00,0.8118064,1.7008183,4.6007805,0.36968037
1985-02-14 12:00:00,0.24793349,1.6505133,6.5098014,0.2535428
1985-03-16 00:00:00,0.02065007,1.4304196,9.2263565,0.15503624
1985-04-15 12:00:00,1.5406687,1.74972,3.311403,0.5283923
1985-05-16 00:00:00,0.8728109,1.9068549,1.9874058,0.9594693
1985-06-15 12:00:00,0.9096776,1.90275,2.202622,0.86385685
1985-07-16 00:00:00,0.45385805,1.8864931,2.2131894,0.85238665
1985-08-16 00:00:00,0.9568118,1.938889,1.8206927,1.0649184
1985-09-15 12:00:00,0.5925665,1.6754943,4.308793,0.38885468
1985-10-16 00:00:00,0.53368765,1.6924372,4.9237685,0.343728
1985-11-15 12:00:00,0.10277087,1.3832499,9.569284,0.14455102
1985-12-16 00:00:00,0.2649809,1.6026882,7.6263113,0.21015248
1986-01-16 00:00:00,0.24288379,1.3750143,9.633856,0.1427273
1986-02-14 12:00:00,0.08174461,1.2144465,10.677082,0.1137433
1986-03-16 00:00:00,0.03803046,1.3048462,10.095737,0.12924723
1986-04-15 12:00:00,0.5085509,1.6847243,4.96103,0.33959165
1986-05-16 00:00:00,0.23083864,1.7456448,3.2257383,0.5411613
1986-06-15 12:00:00,1.8633962,1.9284213,1.8321323,1.0525557
1986-07-16 00:00:00,1.065146,1.8906207,2.0784762,0.9096187
1986-08-16 00:00:00,0.4956722,1.9444621,1.8111436,1.0736101
1986-09-15 12:00:00,0.7394356,1.6686924,5.713744,0.29204884
1986-10-16 00:00:00,0.48332813,1.8060919,2.609591,0.69209766
1986-11-15 12:00:00,0.693566,1.8440623,2.5134358,0.73368186
1986-12-16 00:00:00,0.4972251,1.6954961,5.545203,0.30575904
1987-01-16 00:00:00,0.115195744,1.5078305,8.669307,0.17392746
1987-02-14 12:00:00,0.10145016,1.489648,8.803771,0.16920567
1987-03-16 00:00:00,0.11578384,1.4746453,8.921141,0.16529784
1987-04-15 12:00:00,0.4573842,1.7154866,3.694338,0.46435562
1987-05-16 00:00:00,0.32941568,1.656157,3.705824,0.44690657
1987-06-15 12:00:00,0.5218214,1.7902592,2.5692441,0.69680387
1987-07-16 00:00:00,1.4794728,1.8835093,1.9521711,0.96482795
1987-08-16 00:00:00,0.51375574,1.9441819,1.8541181,1.048575
1987-09-15 12:00:00,0.13806668,1.9443206,1.9106568,1.0176189
1987-10-16 00:00:00,0.016939837,1.6696371,6.473131,0.25793347
1987-11-15 12:00:00,0.10637488,1.6551226,6.676934,0.24788663
1987-12-16 00:00:00,0.34093398,1.398537,9.482207,0.14749067
1988-01-16 00:00:00,0.49218953,1.395975,9.483668,0.14719778
1988-02-15 00:00:00,0.3351593,1.7273735,4.534287,0.38095814
1988-03-16 00:00:00,0.7407888,1.8019881,2.756513,0.65372014
1988-04-15 12:00:00,0.18713783,1.6005974,7.6235657,0.2099539
1988-05-16 00:00:00,0.16825062,1.7052876,4.241871,0.4020131
1988-06-15 12:00:00,0.42247963,1.7415174,3.4297154,0.50777316
1988-07-16 00:00:00,1.4190737,1.9159772,1.9710739,0.9720474
1988-08-16 00:00:00,1.2500027,1.9064816,2.1609247,0.8822527
1988-09-15 12:00:00,0.3386761,1.8822063,1.9779919,0.9515743
1988-10-16 00:00:00,1.0172559,1.9092892,2.097961,0.910069
1988-11-15 12:00:00,0.27095243,1.5133961,8.492338,0.17820723
1988-12-16 00:00:00,0.14112216,1.5042527,8.682397,0.17325316
1989-01-16 00:00:00,0.19162996,1.6855565,5.1959553,0.3243978
1989-02-14 12:00:00,0.43598035,1.662391,6.0136623,0.2764357
1989-03-16 00:00:00,0.45910466,1.3276455,9.913837,0.13391843
1989-04-15 12:00:00,0.3495323,1.7015553,4.644053,0.36639446
1989-05-16 00:00:00,0.10888223,1.7007725,3.2038114,0.5308591
1989-06-15 12:00:00,1.0096606,1.782357,2.6898339,0.66262716
1989-07-16 00:00:00,1.3592025,1.9416928,1.7864746,1.0868852
1989-08-16 00:00:00,0.32386765,1.7935723,2.8012278,0.6402808
1989-09-15 12:00:00,0.1340728,1.6463275,6.816575,0.24151829
1989-10-16 00:00:00,0.3642064,1.6442916,6.7491074,0.24363098
1989-11-15 12:00:00,0.073147126,1.6856912,4.9335423,0.3416797
1989-12-16 00:00:00,1.4862106,1.9447904,1.8347721,1.0599629
1990-01-16 00:00:00,0.2568492,1.5079272,8.651864,0.17428929
1990-02-14 12:00:00,0.07339717,1.5979726,7.651457,0.20884554
1990-03-16 00:00:00,1.1375027,1.6748943,5.5571814,0.3013928
1990-04-15 12:00:00,0.55624396,1.6675476,4.4371934,0.37581134
1990-05-16 00:00:00,0.0685411,1.6046728,7.501299,0.21391933
1990-06-15 12:00:00,0.9891109,1.9272954,1.9719939,0.97733337
1990-07-16 00:00:00,0.3845064,1.8850694,2.2122974,0.8520868
1990-08-16 00:00:00,0.3593215,1.8761497,2.1565495,0.8699776
1990-09-15 12:00:00,1.2044969,1.7792068,3.2444544,0.54838395
1990-10-16 00:00:00,0.3618303,1.7995939,2.8101428,0.64039236
1990-11-15 12:00:00,0.28312048,1.745791,3.2818873,0.53194726
1990-12-16 00:00:00,0.31268805,1.6984562,4.888625,0.34743023
1991-01-16 00:00:00,0.2631645,1.7939137,3.3231351,0.5398257
1991-02-14 12:00:00,0.25619334,1.6555263,6.936847,0.23865688
1991-03-16 00:00:00,0.06460118,1.2163628,10.667666,0.11402333
1991-04-15 12:00:00,0.28049165,1.6950501,4.3808217,0.38692516
1991-05-16 00:00:00,0.18042696,1.6728383,3.7095764,0.4509513
1991-06-15 12:00:00,0.53742677,1.776975,2.794574,0.63586617
1991-07-16 00:00:00,0.30672896,1.9204962,2.0175881,0.95187724
1991-08-16 00:00:00,2.5380948,1.8891017,2.1508157,0.8783187
1991-09-15 12:00:00,2.4917462,1.8483739,2.0772936,0.88979906
1991-10-16 00:00:00,0.38639614,1.658582,6.171045,0.26876843
1991-11-15 12:00:00,1.1792707,1.6867183,4.4201813,0.38159484
1991-12-16 00:00:00,0.038464323,1.6068877,7.7482567,0.207387
1992-01-16 00:00:00,0.32070088,1.6780117,6.2166476,0.2699223
1992-02-15 00:00:00,0.012125723,1.2693499,10.332717,0.12284765
1992-03-16 00:00:00,0.21319598,1.5016658,8.729203,0.17202783
1992-04-15 12:00:00,0.43879798,1.7214609,3.9146807,0.43974492
1992-05-16 00:00:00,0.6434291,1.8807188,2.171763,0.8659872
1992-06-15 12:00:00,0.4496881,1.700059,3.4360774,0.4947674
1992-07-16 00:00:00,1.6323884,1.7851369,3.2094252,0.556217
1992-08-16 00:00:00,1.1614013,1.9142101,2.0705278,0.92450345
1992-09-15 12:00:00,2.2826388,1.9174551,1.870479,1.0251144
1992-10-16 00:00:00,0.054076742,1.6504837,6.6837277,0.2469406
1992-11-15 12:00:00,1.1106169,1.8044797,2.7481103,0.6566256
1992-12-16 00:00:00,0.22719865,1.2781675,10.241873,0.124798216
1993-01-16 00:00:00,0.34179604,1.226928,10.595859,0.11579316
1993-02-14 12:00:00,0.009796803,1.2719069,10.312841,0.12333234
1993-03-16 00:00:00,0.22180164,1.4692233,8.936276,0.16441113
1993-04-15 12:00:00,0.58917934,1.699596,4.1588726,0.4086675
1993-05-16 00:00:00,0.5184294,1.6758378,5.3362417,0.31404832
1993-06-15 12:00:00,0.6498785,1.6682476,4.0433664,0.41258878
1993-07-16 00:00:00,1.243518,1.9394269,1.7800332,1.0895454
1993-08-16 00:00:00,0.098543,1.9202509,1.8776033,1.0227139
1993-09-15 12:00:00,0.57460195,1.9217788,1.8501012,1.0387425
1993-10-16 00:00:00,0.31267428,1.6837901,4.6168623,0.36470443
1993-11-15 12:00:00,0.08396061,1.6773376,6.130763,0.2735936
1993-12-16 00:00:00,0.44270808,1.632339,7.1042094,0.22977068
1994-01-16 00:00:00,0.48724037,1.6640172,6.662781,0.24974816
1994-02-14 12:00:00,0.21737215,1.3859977,9.582119,0.14464417
1994-03-16 00:00:00,0.3779167,1.7207118,4.6634464,0.3689786
1994-04-15 12:00:00,0.36485177,1.6659764,6.3257685,0.26336348
1994-05-16 00:00:00,0.46716052,1.6707585,5.4667916,0.30561957
1994-06-15 12:00:00,1.0796593,1.9343888,1.8159938,1.0651957
1994-07-16 00:00:00,0.60295135,1.9394634,1.817187,1.0672889
1994-08-16 00:00:00,0.5520618,1.9443219,1.7949463,1.0832201
1994-09-15 12:00:00,0.13381092,1.8095186,3.000601,0.603052
1994-10-16 00:00:00,0.8519054,1.7121537,4.222628,0.4054711
1994-11-15 12:00:00,0.13005322,1.4272759,9.21914,0.1548166
1994-12-16 00:00:00,0.017217247,1.579287,7.9130836,0.19957922
1995-01-16 00:00:00,0.025593,1.2111261,10.704086,0.11314614
1995-02-14 12:00:00,0.23744819,1.6967118,4.678471,0.36266372
1995-03-16 00:00:00,0.019446382,1.2191492,10.646949,0.114506915
1995-04-15 12:00:00,0.10213273,1.5760964,7.871283,0.20023374
1995-05-16 00:00:00,0.3630207,1.6165717,6.817259,0.23712927
1995-06-15 12:00:00,0.27226424,1.6938525,4.267975,0.396875
1995-07-16 00:00:00,0.86004525,1.9206191,1.8989979,1.0113856
1995-08-16 00:00:00,1.2403169,1.9509013,1.7868403,1.0918162
1995-09-15 12:00:00,0.8173957,1.946476,1.8077606,1.0767332
1995-10-16 00:00:00,1.4528519,1.9443705,1.8060118,1.0766101
1995-11-15 12:00:00,0.5426365,1.8992033,1.9855775,0.9564992
1995-12-16 00:00:00,0.043700967,1.3180251,9.98574,0.13199073
1996-01-16 00:00:00,0.09799509,1.3102549,10.032512,0.13060088
1996-02-15 00:00:00,0.18309832,1.2573702,10.403442,0.12086098
1996-03-16 00:00:00,0.049131695,1.557644,8.124828,0.19171408
1996-04-15 12:00:00,0.14027256,1.6404414,6.799182,0.24127041
1996-05-16 00:00:00,0.097483456,1.6424676,6.639275,0.24738659
1996-06-15 12:00:00,0.7388602,1.8203222,2.3240044,0.78326964
1996-07-16 00:00:00,0.96270716,1.9369371,1.942835,0.9969643
1996-08-16 00:00:00,0.7586375,1.9323606,1.8612792,1.0381895
1996-09-15 12:00:00,0.68479264,1.8982599,2.0176547,0.940825
1996-10-16 00:00:00,0.68222386,1.6597027,6.6297483,0.2503417
1996-11-15 12:00:00,0.08990477,1.493024,8.729424,0.1710335
1996-12-16 00:00:00,0.14907159,1.2235467,10.610774,0.115311734
1997-01-16 00:00:00,0.023379179,1.2292067,10.575507,0.116231464
1997-02-14 12:00:00,1.0329189,1.7159631,3.5092292,0.48898578
1997-03-16 00:00:00,0.1120581,1.7209088,3.7825832,0.45495597
1997-04-15 12:00:00,1.2813427,1.74189,3.3342216,0.5224278
1997-05-16 00:00:00,0.088333264,1.8444155,2.4837852,0.74258256
1997-06-15 12:00:00,0.92432463,1.6960495,3.0972357,0.54760104
1997-07-16 00:00:00,0.44770482,1.9023423,2.1137109,0.90000117
1997-08-16 00:00:00,0.14168826,1.8485154,2.832028,0.65271795
1997-09-15 12:00:00,0.33117563,1.8049433,2.539217,0.71082675
1997-10-16 00:00:00,0.1112769,1.6941154,4.070649,0.4161782
1997-11-15 12:00:00,0.08670344,1.3942208,9.537223,0.14618729
1997-12-16 00:00:00,0.50587475,1.5599668,8.2567005,0.18893343
1998-01-16 00:00:00,0.015107376,1.2493604,10.44786,0.119580515
1998-02-14 12:00:00,0.061021626,1.2136941,10.691276,0.11352192
1998-03-16 00:00:00,0.30466914,1.4519286,9.056964,0.16031075
1998-04-15 12:00:00,0.24235433,1.6131176,7.3529983,0.21938229
1998-05-16 00:00:00,0.020506043,1.4620124,8.944796,0.1634484
1998-06-15 12:00:00,0.105614126,1.6690671,4.599095,0.3629121
1998-07-16 00:00:00,2.7985559,1.9159081,2.0035295,0.95626646
1998-08-16 00:00:00,0.85992396,1.9431977,1.7983239,1.0805604
1998-09-15 12:00:00,0.27584192,1.6699945,3.6270475,0.46042806
1998-10-16 00:00:00,0.109289385,1.728134,3.9535804,0.43710607
1998-11-15 12:00:00,0.18908636,1.4594951,8.983151,0.16247027
1998-12-16 00:00:00,0.40420473,1.6718771,5.1145105,0.32688898
1999-01-16 00:00:00,0.20277883,1.4442047,9.118843,0.15837587
1999-02-14 12:00:00,0.20223205,1.3474885,9.777574,0.13781421
1999-03-16 00:00:00,0.13485615,1.5705636,8.144327,0.19284141
1999-04-15 12:00:00,0.24030481,1.6452326,6.828911,0.24092166
1999-05-16 00:00:00,0.9241357,1.8133297,2.5755599,0.7040526
1999-06-15 12:00:00,0.45617095,1.8291575,2.4177997,0.75653803
1999-07-16 00:00:00,1.1299489,1.9371891,1.9480042,0.99444807
1999-08-16 00:00:00,0.13745579,1.864928,2.2416193,0.83195573
1999-09-15 12:00:00,1.2147226,1.9368564,1.9084116,1.014905
1999-10-16 00:00:00,0.49237645,1.7456454,3.0792217,0.5669112
1999-11-15 12:00:00,0.10573649,1.6582842,6.578214,0.2520873
1999-12-16 00:00:00,0.554877,1.8039275,2.664619,0.67699265
2000-01-16 00:00:00,0.25280255,1.2709885,10.305012,0.123336926
2000-02-15 00:00:00,0.39224073,1.232058,10.56168,0.11665361
2000-03-16 00:00:00,0.13326725,1.6566671,6.6526837,0.24902238
2000-04-15 12:00:00,0.12974447,1.6547581,6.761821,0.24472079
2000-05-16 00:00:00,0.42126185,1.679462,4.9456487,0.33958375
2000-06-15 12:00:00,0.3528336,1.8338675,2.7618492,0.6639999
2000-07-16 00:00:00,0.437842,1.9475958,1.8043381,1.0793962
2000-08-16 00:00:00,0.549824,1.908678,2.1821775,0.8746667
2000-09-15 12:00:00,0.5054827,1.7882693,2.7868805,0.64167416
2000-10-16 00:00:00,0.16555296,1.6112065,7.5580926,0.21317634
2000-11-15 12:00:00,1.0185424,1.7135247,3.7902656,0.45208564
2000-12-16 00:00:00,0.46123356,1.7259609,3.6339395,0.47495586
2001-01-16 00:00:00,0.029278265,1.4734974,8.960842,0.16443738
2001-02-14 12:00:00,0.065116614,1.3673408,9.701447,0.14094195
2001-03-16 00:00:00,0.024035685,1.625018,7.410345,0.21929047
2001-04-15 12:00:00,0.28088143,1.64406,6.75731,0.24330096
2001-05-16 00:00:00,0.7861883,1.9296654,1.827499,1.0559051
2001-06-15 12:00:00,0.78988403,1.8950132,2.0452936,0.9265238
2001-07-16 00:00:00,0.57227075,1.9010038,2.1318378,0.89172065
2001-08-16 00:00:00,1.3313303,1.9484084,1.8182694,1.071573
2001-09-15 12:00:00,0.8256792,1.8124559,2.7686594,0.65463305
2001-10-16 00:00:00,0.17319962,1.7360369,3.892184,0.44603157
2001-11-15 12:00:00,0.0016198049,1.4654027,8.983237,0.16312635
2001-12-16 00:00:00,0.061011042,1.288765,10.19549,0.1264054
2002-01-16 00:00:00,0.2069949,1.6426206,6.8468895,0.23990756
2002-02-14 12:00:00,0.3890283,1.6830705,5.384885,0.3125546
2002-03-16 00:00:00,0.15281904,1.6130663,7.453332,0.21642217
2002-04-15 12:00:00,0.9516208,1.6906433,4.3321633,0.3902538
2002-05-16 00:00:00,0.35261214,1.7232352,3.8324664,0.44964132
2002-06-15 12:00:00,0.23234884,1.9390384,1.8199937,1.0654094
2002-07-16 00:00:00,0.7087629,1.9305464,1.8679299,1.0335219
2002-08-16 00:00:00,0.4315534,1.949365,1.7985697,1.0838418
2002-09-15 12:00:00,0.9808477,1.906536,2.1477864,0.88767487
2002-10-16 00:00:00,1.8923278,1.935856,1.916737,1.0099747
2002-11-15 12:00:00,0.8464599,1.5554419,8.150761,0.19083396
2002-12-16 00:00:00,0.29907015,1.2416779,10.493307,0.118330464
2003-01-16 00:00:00,0.477151,1.6843591,5.457438,0.3086355
2003-02-14 12:00:00,0.18487637,1.6525695,6.9453235,0.2379399
2003-03-16 00:00:00,0.26052868,1.6444173,6.8291345,0.24079439
2003-04-15 12:00:00,0.02826033,1.4573072,9.018587,0.16158931
2003-05-16 00:00:00,0.08745819,1.6880599,5.618912,0.3004247
2003-06-15 12:00:00,0.8657408,1.9387046,1.8242038,1.0627675
2003-07-16 00:00:00,1.7941794,1.8838958,2.1385326,0.8809292
2003-08-16 00:00:00,0.04790941,1.7224866,3.688363,0.4670057
2003-09-15 12:00:00,0.9624772,1.9309036,1.8393296,1.0497866
2003-10-16 00:00:00,0.5965636,1.860743,2.3719728,0.7844707
2003-11-15 12:00:00,0.059851397,1.6623489,6.557638,0.2534981
2003-12-16 00:00:00,0.27071288,1.2797763,10.248484,0.1248747
2004-01-16 00:00:00,0.50537366,1.6301371,7.2515655,0.22479795
2004-02-15 00:00:00,0.01731234,1.3056313,10.08072,0.12951766
2004-03-16 00:00:00,0.069654346,1.7026453,4.414967,0.385653
2004-04-15 12:00:00,0.3388936,1.7781701,2.890924,0.61508715
2004-05-16 00:00:00,0.54667693,1.8000369,2.5670114,0.7012189
2004-06-15 12:00:00,1.0823097,1.8929338,1.9765898,0.95767665
2004-07-16 00:00:00,1.2037584,1.9393725,1.9172361,1.011546
2004-08-16 00:00:00,1.2562923,1.9297729,1.8556178,1.0399625
2004-09-15 12:00:00,0.82686615,1.9064083,2.0662591,0.9226376
2004-10-16 00:00:00,0.07614524,1.4789951,8.872787,0.16668889
2004-11-15 12:00:00,0.21388009,1.6539648,6.401014,0.25839105
2004-12-16 00:00:00,0.17873938,1.2700784,10.320142,0.12306792
2005-01-16 00:00:00,0.06692136,1.3329036,9.903373,0.13459088
2005-02-14 12:00:00,0.15354277,1.4507481,9.156851,0.15843308
2005-03-16 00:00:00,0.010916719,1.4031156,9.440918,0.14862068
2005-04-15 12:00:00,0.16087003,1.6607385,6.481909,0.25621134
2005-05-16 00:00:00,0.18634325,1.5975412,7.505984,0.21283568
2005-06-15 12:00:00,0.041970637,1.7218887,3.3874807,0.5083095
2005-07-16 00:00:00,3.0511153,1.9508324,1.8005073,1.0834904
2005-08-16 00:00:00,1.3108752,1.9378623,1.956339,0.99055547
2005-09-15 12:00:00,0.7244117,1.8710432,2.1764092,0.85969275
2005-10-16 00:00:00,1.3630749,1.7908812,2.8522787,0.62787735
2005-11-15 12:00:00,0.15006302,1.6701435,5.984763,0.27906594
2005-12-16 00:00:00,0.087356575,1.2332101,10.5329275,0.11708142
2006-01-16 00:00:00,0.13960186,1.3932574,9.505235,0.14657791
2006-02-14 12:00:00,0.23116426,1.5865722,7.8499246,0.20211305
2006-03-16 00:00:00,0.11338417,1.2535294,10.419073,0.12031103
2006-04-15 12:00:00,0.53473425,1.3210869,9.970316,0.132502
2006-05-16 00:00:00,0.88292724,1.6968923,4.812761,0.3525819
2006-06-15 12:00:00,1.8137597,1.8826952,2.001193,0.9407864
2006-07-16 00:00:00,1.3438891,1.9402859,1.9409865,0.99963903
2006-08-16 00:00:00,0.71405834,1.9430997,1.7936165,1.0833418
2006-09-15 12:00:00,0.5953638,1.9330573,1.798762,1.0746598
2006-10-16 00:00:00,0.956777,1.7694402,3.1388447,0.5637234
2006-11-15 12:00:00,0.29283205,1.6660963,6.0225296,0.27664393
2006-12-16 00:00:00,0.12350867,1.558487,8.194935,0.19017687
2007-01-16 00:00:00,0.27237165,1.7182171,4.247874,0.40448874
2007-02-14 12:00:00,0.070058316,1.3690739,9.647536,0.14190917
2007-03-16 00:00:00,0.2992899,1.7458769,3.5079322,0.49769405
2007-04-15 12:00:00,0.5055148,1.680791,5.665795,0.29665583
2007-05-16 00:00:00,0.5245655,1.7753787,2.8988416,0.61244416
2007-06-15 12:00:00,0.2553101,1.9021804,1.9040776,0.9990036
2007-07-16 00:00:00,0.6606605,1.9012052,2.0873685,0.91081434
2007-08-16 00:00:00,0.30714688,1.9384452,1.8448757,1.0507185
2007-09-15 12:00:00,1.9794627,1.771084,2.918455,0.6068567
2007-10-16 00:00:00,0.8925769,1.6913422,5.092581,0.33211887
2007-11-15 12:00:00,0.2530578,1.7661282,3.247667,0.5438144
2007-12-16 00:00:00,0.071270496,1.5471404,8.23647,0.18784022
2008-01-16 00:00:00,0.055459913,1.2339925,10.553627,0.11692591
2008-02-15 00:00:00,0.25145856,1.4918056,8.767067,0.17016016
2008-03-16 00:00:00,0.25641888,1.7489382,3.0409758,0.575124
2008-04-15 12:00:00,0.20592289,1.8514762,2.4697278,0.7496681
2008-05-16 00:00:00,0.21757762,1.7011361,3.1525822,0.5396009
2008-06-15 12:00:00,1.2169935,1.9310111,1.8125235,1.0653716
2008-07-16 00:00:00,0.5427812,1.9455146,1.837498,1.0587846
2008-08-16 00:00:00,1.9699389,1.9426372,1.8545197,1.047515
2008-09-15 12:00:00,2.291809,1.9447063,1.8046888,1.0775855
2008-10-16 00:00:00,0.6423632,1.7229676,3.7176633,0.46345446
2008-11-15 12:00:00,0.22662069,1.6525198,6.657571,0.24821663
2008-12-16 00:00:00,0.08569021,1.5908147,7.730278,0.2057901
2009-01-16 00:00:00,0.07131321,1.6630416,5.9815564,0.27802825
2009-02-14 12:00:00,0.021968715,1.2975354,10.150199,0.1278335
2009-03-16 00:00:00,0.21861497,1.5868565,7.7284994,0.2053253
2009-04-15 12:00:00,0.1695308,1.703818,4.3338704,0.39314005
2009-05-16 00:00:00,0.16668025,1.6843469,5.043781,0.3339453
2009-06-15 12:00:00,0.88324136,1.7007576,3.372378,0.50431997
2009-07-16 00:00:00,2.400256,1.9472375,1.8426212,1.0567758
2009-08-16 00:00:00,0.3112846,1.9012434,2.0189643,0.9416925
2009-09-15 12:00:00,2.1715586,1.9136643,2.1006362,0.91099274
2009-10-16 00:00:00,0.21099006,1.581702,7.9450526,0.19908011
2009-11-15 12:00:00,0.14104046,1.7221463,3.4016385,0.50626963
2009-12-16 00:00:00,0.1305681,1.5042064,8.681141,0.1732729
2010-01-16 00:00:00,0.015708609,1.2472639,10.46916,0.11913696
2010-02-14 12:00:00,0.17498755,1.4188124,9.341822,0.1518775
2010-03-16 00:00:00,0.20252952,1.6154193,7.4017377,0.21824865
2010-04-15 12:00:00,0.24131352,1.4599541,9.01642,0.16192171
2010-05-16 00:00:00,1.0208313,1.6804373,5.099938,0.32950154
2010-06-15 12:00:00,1.0852329,1.9001704,1.9767169,0.961276
2010-07-16 00:00:00,0.29242915,1.9446589,1.833834,1.0604334
2010-08-16 00:00:00,0.9524247,1.928908,1.8848717,1.023363
2010-09-15 12:00:00,0.10330005,1.9147713,1.9874297,0.963441
2010-10-16 00:00:00,0.13828608,1.5817201,7.6691346,0.20624493
2010-11-15 12:00:00,0.12789267,1.5727696,7.941733,0.1980386
2010-12-16 00:00:00,0.063485175,1.2377988,10.522166,0.11763726
2011-01-16 00:00:00,0.27468354,1.6558535,6.973989,0.23743276
2011-02-14 12:00:00,0.61352396,1.4239359,9.299113,0.15312599
2011-03-16 00:00:00,0.21418689,1.2429454,10.478258,0.11862138
2011-04-15 12:00:00,0.19101267,1.6797456,4.252049,0.3950438
2011-05-16 00:00:00,0.31785324,1.6663275,5.8456573,0.2850539
2011-06-15 12:00:00,0.14809988,1.6670545,6.089328,0.2737666
2011-07-16 00:00:00,1.0129242,1.9407932,1.8762872,1.0343796
2011-08-16 00:00:00,3.2842798,1.949811,1.8105718,1.0769035
2011-09-15 12:00:00,0.098260835,1.9015949,2.1493835,0.8847164
2011-10-16 00:00:00,0.15627562,1.6843526,5.5626354,0.3027976
2011-11-15 12:00:00,0.40102506,1.6804894,6.409362,0.26219293
2011-12-16 00:00:00,2.7230756,1.9036696,2.2081404,0.86211437
2012-01-16 00:00:00,0.23468788,1.56041,8.095471,0.19275098
2012-02-15 00:00:00,0.14250419,1.6765821,5.8187838,0.28813273
2012-03-16 00:00:00,0.09006394,1.3576396,9.7238035,0.13962021
2012-04-15 12:00:00,0.301157,1.596411,7.71833,0.20683374
2012-05-16 00:00:00,1.3774488,1.8748463,2.1153543,0.8863037
2012-06-15 12:00:00,0.5223463,1.8404121,2.346439,0.78434265
2012-07-16 00:00:00,2.2911735,1.9428442,1.8290254,1.0622292
2012-08-16 00:00:00,1.7391573,1.9456619,1.8437325,1.0552843
2012-09-15 12:00:00,0.8966885,1.9312782,1.8479694,1.0450813
2012-10-16 00:00:00,0.057603978,1.6983838,4.651923,0.36509284
2012-11-15 12:00:00,0.16082056,1.398964,9.475268,0.14764374
2012-12-16 00:00:00,0.07240563,1.2725149,10.286001,0.12371328
2013-01-16 00:00:00,0.2841058,1.7091371,4.870106,0.35094452
2013-02-14 12:00:00,0.27096108,1.7644793,3.4698944,0.50851095
2013-03-16 00:00:00,0.473186,1.6875916,5.49864,0.30691072
2013-04-15 12:00:00,0.06860786,1.7221941,3.543627,0.48599756
2013-05-16 00:00:00,0.56665564,1.7542816,2.8728948,0.61063206
2013-06-15 12:00:00,0.8725222,1.7999074,2.7453542,0.6556194
2013-07-16 00:00:00,1.1129442,1.9127319,2.0598376,0.92858386
2013-08-16 00:00:00,2.0680575,1.9129332,2.0258212,0.94427544
2013-09-15 12:00:00,0.5979332,1.7705276,3.0096207,0.58828926
2013-10-16 00:00:00,0.5233652,1.81957,2.3373032,0.7784912
2013-11-15 12:00:00,0.5796927,1.6941278,4.484631,0.37776303
2013-12-16 00:00:00,0.21672596,1.7444383,3.3856509,0.5152446
2014-01-16 00:00:00,0.92752165,1.7055144,3.5735636,0.47725874
2014-02-14 12:00:00,0.04079011,1.3479581,9.809222,0.13741742
2014-03-16 00:00:00,0.26056123,1.5834695,7.8391156,0.20199594
2014-04-15 12:00:00,0.15068029,1.6970929,5.1696177,0.3282821
2014-05-16 00:00:00,1.1320587,1.7772534,2.5518634,0.69645315
2014-06-15 12:00:00,0.40604982,1.9389651,1.8327806,1.0579363
2014-07-16 00:00:00,0.8487012,1.8644507,2.281666,0.81714445
2014-08-16 00:00:00,0.996979,1.8346674,2.169302,0.8457409
2014-09-15 12:00:00,0.35882476,1.7484645,2.780226,0.6288929
2014-10-16 00:00:00,1.1048188,1.7140889,4.5306616,0.37833083
2014-11-15 12:00:00,0.52821577,1.6668712,6.2298656,0.26756135
2014-12-16 00:00:00,0.080120474,1.2613553,10.381353,0.121502005
2015-01-16 00:00:00,0.17750794,1.9073216,2.1260438,0.89712244
2015-02-14 12:00:00,0.09570482,1.5680186,8.035172,0.19514436
2015-03-16 00:00:00,0.4061448,1.8132925,2.6734364,0.6782628
2015-04-15 12:00:00,0.062596604,1.6875138,5.1749005,0.3260959
2015-05-16 00:00:00,0.6540982,1.6626192,4.129077,0.40266123
2015-06-15 12:00:00,0.51318693,1.8492765,2.4778118,0.74633455
2015-07-16 00:00:00,0.31452274,1.7379524,3.272117,0.53114
2015-08-16 00:00:00,2.1925318,1.9299538,1.8749526,1.0293348
2015-09-15 12:00:00,0.6704953,1.867461,2.3078942,0.80916226
2015-10-16 00:00:00,0.18222308,1.7080541,3.8551352,0.44305944
2015-11-15 12:00:00,0.45521247,1.6193651,7.263843,0.22293504
2015-12-16 00:00:00,0.055463444,1.4438912,9.095088,0.15875505
2016-01-16 00:00:00,0.12302869,1.258013,10.390016,0.12107903
2016-02-15 00:00:00,0.3315731,1.7121326,4.2572937,0.40216455
2016-03-16 00:00:00,0.11561052,1.3012893,10.102215,0.12881228
2016-04-15 12:00:00,0.29831752,1.6731108,5.8656197,0.28524026
2016-05-16 00:00:00,0.28883395,1.6739705,4.620717,0.36227503
2016-06-15 12:00:00,0.38475978,1.9176984,1.9784892,0.96927416
2016-07-16 00:00:00,1.3098942,1.9469719,1.7933809,1.0856433
2016-08-16 00:00:00,0.42868492,1.9417142,1.8217331,1.065861
2016-09-15 12:00:00,0.6935847,1.9298464,1.8309414,1.0540186
2016-10-16 00:00:00,0.24784115,1.462661,8.938361,0.1636386
2016-11-15 12:00:00,0.10594261,1.6451751,6.9590664,0.23640744
2016-12-16 00:00:00,0.11537133,1.4196466,9.296269,0.15271144
2017-01-16 00:00:00,0.15772478,1.2121658,10.693053,0.11336012
2017-02-14 12:00:00,0.50084805,1.2230186,10.619168,0.11517085
2017-03-16 00:00:00,0.23981078,1.5927328,7.725965,0.20615324
2017-04-15 12:00:00,0.28668806,1.5785632,7.8618865,0.20078683
2017-05-16 00:00:00,1.2501678,1.7993542,2.7665882,0.6503874
2017-06-15 12:00:00,0.8353447,1.7958152,2.5668557,0.69961673
2017-07-16 00:00:00,0.9007418,1.9305928,1.8002949,1.0723759
2017-08-16 00:00:00,1.6318668,1.8716877,2.067238,0.905405
2017-09-15 12:00:00,0.49422446,1.8208464,2.6096652,0.69773185
2017-10-16 00:00:00,0.66784954,1.8346213,2.4454288,0.75022477
2017-11-15 12:00:00,0.30324626,1.5523794,8.027432,0.19338429
2017-12-16 00:00:00,1.7274865,1.8493483,2.2364368,0.8269173
2018-01-16 00:00:00,0.16182598,1.5108724,8.641168,0.17484586
2018-02-14 12:00:00,0.5856108,1.7253736,3.6253183,0.47592336
2018-03-16 00:00:00,0.19476266,1.2616926,10.360982,0.12177346
2018-04-15 12:00:00,0.32638633,1.6438152,6.791082,0.24205497
2018-05-16 00:00:00,0.18546134,1.6762683,3.4880023,0.4805812
2018-06-15 12:00:00,0.32359606,1.9300516,1.7928743,1.0765125
2018-07-16 00:00:00,0.49122798,1.9262402,1.9356264,0.9951508
2018-08-16 00:00:00,0.4120272,1.9470935,1.8231187,1.0680015
2018-09-15 12:00:00,0.52698755,1.9433954,1.7983657,1.0806452
2018-10-16 00:00:00,0.2483304,1.7594026,3.2607563,0.5395689
2018-11-15 12:00:00,0.33853695,1.5157125,8.600796,0.17622933
2018-12-16 00:00:00,0.25678256,1.6268474,7.31394,0.22243105
2019-01-16 00:00:00,0.11589042,1.283829,10.22989,0.12549783
2019-02-14 12:00:00,0.10182391,1.2195042,10.643,0.114582755
2019-03-16 00:00:00,0.058278628,1.3436853,9.823694,0.13678004
2019-04-15 12:00:00,0.09421101,1.6743506,4.815831,0.34767637
2019-05-16 00:00:00,0.14909409,1.5234172,8.464291,0.17998168
2019-06-15 12:00:00,1.0659,1.9179915,2.0324035,0.9437061
2019-07-16 00:00:00,1.8280318,1.9303367,1.8438569,1.0469016
2019-08-16 00:00:00,0.763307,1.9202268,1.8676571,1.0281475
2019-09-15 12:00:00,0.9857041,1.7349343,2.7520401,0.6304175
2019-10-16 00:00:00,0.44059965,1.9339428,1.8066229,1.070474
2019-11-15 12:00:00,1.0663497,1.674065,6.2652116,0.26720008
2019-12-16 00:00:00,0.06522352,1.2947563,10.171782,0.12728904
2020-01-16 00:00:00,0.16684042,1.673217,5.742672,0.2913656
2020-02-15 00:00:00,0.08806757,1.8996687,1.9738798,0.9624034
2020-03-16 00:00:00,0.2023209,1.4955809,8.744547,0.17103012
2020-04-15 12:00:00,0.1752103,1.6434034,6.933308,0.2370302
2020-05-16 00:00:00,1.066801,1.6825304,4.8196716,0.34909648
2020-06-15 12:00:00,0.1678152,1.8862494,2.0504591,0.9199156
2020-07-16 00:00:00,0.29877463,1.9339086,1.8867066,1.0250182
2020-08-16 00:00:00,1.4591224,1.9074802,1.9120398,0.99761534
2020-09-15 12:00:00,0.40746328,1.9478244,1.8040346,1.0797045
2020-10-16 00:00:00,1.878458,1.9414041,1.7901281,1.0845057
2020-11-15 12:00:00,0.40677437,1.6788197,4.616138,0.3636849
2020-12-16 00:00:00,0.120800436,1.6732072,5.939946,0.28168726
2021-01-16 00:00:00,0.4538085,1.3847945,9.566231,0.14475863
2021-02-14 12:00:00,0.38271558,1.6751325,5.035813,0.33264393
2021-03-16 00:00:00,0.5457643,1.6574234,6.549954,0.2530435
2021-04-15 12:00:00,0.59416556,1.8181747,2.6539385,0.6850855
2021-05-16 00:00:00,1.5628517,1.8580135,2.0610716,0.90147936
2021-06-15 12:00:00,1.3792304,1.9371803,1.8935084,1.023064
2021-07-16 00:00:00,2.0559633,1.9114759,2.0354075,0.9391121
2021-08-16 00:00:00,0.6598685,1.9477234,1.8022242,1.0807332
2021-09-15 12:00:00,0.6467152,1.8852743,2.0187786,0.93386877
2021-10-16 00:00:00,0.19870779,1.408609,9.326558,0.15103203
2021-11-15 12:00:00,0.9898363,1.7244052,4.2049055,0.41009367
2021-12-16 00:00:00,0.0580371,1.2424523,10.487854,0.118465826
2022-01-16 00:00:00,0.8243493,1.8430986,2.3911352,0.7708049
2022-02-14 12:00:00,0.30494487,1.8132656,2.4614608,0.7366624
2022-03-16 00:00:00,0.73088735,1.6907074,5.602618,0.30177096
2022-04-15 12:00:00,0.7150468,1.6600461,5.923889,0.2802291
2022-05-16 00:00:00,1.2644492,1.8395908,2.2202094,0.8285664
2022-06-15 12:00:00,1.0720655,1.8346268,2.384155,0.7695082
2022-07-16 00:00:00,1.0851692,1.9435834,1.8613832,1.0441608
2022-08-16 00:00:00,0.10674448,1.8760267,2.0570598,0.9119943
2022-09-15 12:00:00,0.09346066,1.6977841,4.901154,0.34640497
2022-10-16 00:00:00,2.1686158,1.9304516,1.8532957,1.0416317
2022-11-15 12:00:00,0.31383663,1.6471205,6.826468,0.24128443
2022-12-16 00:00:00,0.094215944,1.2260222,10.59249,0.11574448
2023-01-16 00:00:00,0.03951895,1.2233601,10.62283,0.11516329
2023-02-14 12:00:00,0.21444911,1.4139403,9.352083,0.15118988
2023-03-16 00:00:00,0.005789758,1.2284129,10.587602,0.11602371
2023-04-15 12:00:00,1.2135255,1.7796674,2.79869,0.635893
2023-05-16 00:00:00,0.20042701,1.6795835,4.9446964,0.33967376
2023-06-15 12:00:00,0.25890675,1.7185683,3.4216933,0.5022567
2023-07-16 00:00:00,1.1886656,1.9499235,1.8173975,1.0729208
2023-08-16 00:00:00,2.1919763,1.7127806,3.4528732,0.49604502
2023-09-15 12:00:00,0.95076025,1.700706,3.4102876,0.4986987
2023-10-16 00:00:00,1.0865265,1.7873224,2.8114526,0.63572913
2023-11-15 12:00:00,0.54071623,1.677478,6.0481753,0.27735272
2023-12-16 00:00:00,0.12897532,1.5279274,8.557905,0.17853989
2024-01-16 00:00:00,0.17199473,1.3721664,9.657121,0.14208856
2024-02-15 00:00:00,0.017493207,1.2512354,10.443253,0.1198128
2024-03-16 00:00:00,0.0881581,1.3964254,9.461177,0.14759532
2024-04-15 12:00:00,0.27304718,1.6713562,6.285888,0.2658902
2024-05-16 00:00:00,1.0745511,1.7220895,3.99997,0.4305256
2024-06-15 12:00:00,1.7597208,1.9393355,1.8415593,1.0530943
2024-07-16 00:00:00,0.89723235,1.9233035,1.8806057,1.0227042
2024-08-16 00:00:00,0.82835865,1.8895911,2.000048,0.9447729
2024-09-15 12:00:00,0.58162624,1.8976996,2.1170006,0.8964096
2024-10-16 00:00:00,0.79717416,1.7938496,2.4001975,0.74737585
2024-11-15 12:00:00,0.24058215,1.4520215,9.06853,0.16011652
2024-12-16 00:00:00,0.27669373,1.5239234,8.476538,0.17978135
2025-01-16 00:00:00,0.5599185,1.7107866,4.040637,0.42339528
2025-02-14 12:00:00,0.58324194,1.3123438,10.021549,0.1309522
2025-03-16 00:00:00,0.15463263,1.4277079,9.2497835,0.15435041
2025-04-15 12:00:00,0.08834262,1.7066401,4.1091986,0.4153219
2025-05-16 00:00:00,0.2588805,1.8146808,2.4704692,0.73454905
2025-06-15 12:00:00,0.36249107,1.935,1.8737601,1.0326829
