time,latent,latent_dim
1940-01-16 00:00:00,-0.54673386,0
1940-02-15 00:00:00,-0.41269392,0
1940-03-16 00:00:00,-0.6486713,0
1940-04-15 12:00:00,-0.9410608,0
1940-05-16 00:00:00,-0.97964,0
1940-06-15 12:00:00,-0.99359435,0
1940-07-16 00:00:00,-1.0158043,0
1940-08-16 00:00:00,-1.0208323,0
1940-09-15 12:00:00,-0.9749435,0
1940-10-16 00:00:00,-0.8984783,0
1940-11-15 12:00:00,-0.94442844,0
1940-12-16 00:00:00,-0.4837247,0
1941-01-16 00:00:00,-0.611918,0
1941-02-14 12:00:00,-0.49008167,0
1941-03-16 00:00:00,-0.728214,0
1941-04-15 12:00:00,-0.778877,0
1941-05-16 00:00:00,-0.8900968,0
1941-06-15 12:00:00,-0.98140526,0
1941-07-16 00:00:00,-1.0119631,0
1941-08-16 00:00:00,-0.9944826,0
1941-09-15 12:00:00,-1.0174676,0
1941-10-16 00:00:00,-0.9747853,0
1941-11-15 12:00:00,-0.8745542,0
1941-12-16 00:00:00,-0.5018051,0
1942-01-16 00:00:00,-0.6436794,0
1942-02-14 12:00:00,-0.6901983,0
1942-03-16 00:00:00,-0.87401754,0
1942-04-15 12:00:00,-0.7342117,0
1942-05-16 00:00:00,-0.8770484,0
1942-06-15 12:00:00,-1.0094817,0
1942-07-16 00:00:00,-1.0226028,0
1942-08-16 00:00:00,-1.0197029,0
1942-09-15 12:00:00,-1.024594,0
1942-10-16 00:00:00,-0.98657,0
1942-11-15 12:00:00,-0.61844337,0
1942-12-16 00:00:00,-0.89694715,0
1943-01-16 00:00:00,-0.5342364,0
1943-02-14 12:00:00,-0.8632255,0
1943-03-16 00:00:00,-0.7280593,0
1943-04-15 12:00:00,-0.89226234,0
1943-05-16 00:00:00,-1.0113184,0
1943-06-15 12:00:00,-0.9918442,0
1943-07-16 00:00:00,-1.0134269,0
1943-08-16 00:00:00,-1.0242469,0
1943-09-15 12:00:00,-1.0243833,0
1943-10-16 00:00:00,-0.9356109,0
1943-11-15 12:00:00,-0.9820524,0
1943-12-16 00:00:00,-0.83524966,0
1944-01-16 00:00:00,-0.79425275,0
1944-02-15 00:00:00,-0.649625,0
1944-03-16 00:00:00,-0.8482368,0
1944-04-15 12:00:00,-0.86556476,0
1944-05-16 00:00:00,-0.9597095,0
1944-06-15 12:00:00,-0.98452854,0
1944-07-16 00:00:00,-1.0203449,0
1944-08-16 00:00:00,-1.0247482,0
1944-09-15 12:00:00,-1.0197355,0
1944-10-16 00:00:00,-0.93426824,0
1944-11-15 12:00:00,-0.70376974,0
1944-12-16 00:00:00,-0.80008113,0
1945-01-16 00:00:00,-0.9713179,0
1945-02-14 12:00:00,-0.6990358,0
1945-03-16 00:00:00,-0.6875342,0
1945-04-15 12:00:00,-0.96072763,0
1945-05-16 00:00:00,-0.9175731,0
1945-06-15 12:00:00,-0.9978583,0
1945-07-16 00:00:00,-1.0235621,0
1945-08-16 00:00:00,-1.0204101,0
1945-09-15 12:00:00,-1.0197529,0
1945-10-16 00:00:00,-0.8200545,0
1945-11-15 12:00:00,-0.7898736,0
1945-12-16 00:00:00,-0.6032952,0
1946-01-16 00:00:00,-0.89426386,0
1946-02-14 12:00:00,-0.8797895,0
1946-03-16 00:00:00,-0.75358754,0
1946-04-15 12:00:00,-0.99312806,0
1946-05-16 00:00:00,-0.9814297,0
1946-06-15 12:00:00,-1.0231218,0
1946-07-16 00:00:00,-1.0142523,0
1946-08-16 00:00:00,-1.0210775,0
1946-09-15 12:00:00,-1.0204499,0
1946-10-16 00:00:00,-0.9540939,0
1946-11-15 12:00:00,-0.67571235,0
1946-12-16 00:00:00,-0.82517654,0
1947-01-16 00:00:00,-0.9260842,0
1947-02-14 12:00:00,-0.80379003,0
1947-03-16 00:00:00,-0.7536906,0
1947-04-15 12:00:00,-0.9495795,0
1947-05-16 00:00:00,-0.9645555,0
1947-06-15 12:00:00,-0.936148,0
1947-07-16 00:00:00,-1.0232025,0
1947-08-16 00:00:00,-1.0095518,0
1947-09-15 12:00:00,-1.012451,0
1947-10-16 00:00:00,-0.8166274,0
1947-11-15 12:00:00,-0.9440031,0
1947-12-16 00:00:00,-0.8920599,0
1948-01-16 00:00:00,-0.8463098,0
1948-02-15 00:00:00,-0.86092055,0
1948-03-16 00:00:00,-0.64221764,0
1948-04-15 12:00:00,-0.5808861,0
1948-05-16 00:00:00,-0.866455,0
1948-06-15 12:00:00,-0.9781219,0
1948-07-16 00:00:00,-1.0211523,0
1948-08-16 00:00:00,-1.0225513,0
1948-09-15 12:00:00,-1.0119089,0
1948-10-16 00:00:00,-0.9718392,0
1948-11-15 12:00:00,-0.9019424,0
1948-12-16 00:00:00,-0.6695389,0
1949-01-16 00:00:00,-0.85968477,0
1949-02-14 12:00:00,-0.7779604,0
1949-03-16 00:00:00,-0.56688744,0
1949-04-15 12:00:00,-0.9631746,0
1949-05-16 00:00:00,-0.8937469,0
1949-06-15 12:00:00,-1.0198519,0
1949-07-16 00:00:00,-1.0223329,0
1949-08-16 00:00:00,-1.0195736,0
1949-09-15 12:00:00,-1.0131662,0
1949-10-16 00:00:00,-1.0033617,0
1949-11-15 12:00:00,-0.85788834,0
1949-12-16 00:00:00,-0.82850224,0
1950-01-16 00:00:00,-0.57039976,0
1950-02-14 12:00:00,-0.8023437,0
1950-03-16 00:00:00,-0.8079376,0
1950-04-15 12:00:00,-0.87478757,0
1950-05-16 00:00:00,-0.93974257,0
1950-06-15 12:00:00,-0.99277055,0
1950-07-16 00:00:00,-1.0187324,0
1950-08-16 00:00:00,-1.0201474,0
1950-09-15 12:00:00,-0.98282754,0
1950-10-16 00:00:00,-0.7463583,0
1950-11-15 12:00:00,-0.6325842,0
1950-12-16 00:00:00,-0.6800291,0
1951-01-16 00:00:00,-0.65999985,0
1951-02-14 12:00:00,-0.80045366,0
1951-03-16 00:00:00,-0.87543404,0
1951-04-15 12:00:00,-0.87825555,0
1951-05-16 00:00:00,-0.91154456,0
1951-06-15 12:00:00,-1.0151546,0
1951-07-16 00:00:00,-1.019553,0
1951-08-16 00:00:00,-1.0098237,0
1951-09-15 12:00:00,-1.0142541,0
1951-10-16 00:00:00,-0.88297486,0
1951-11-15 12:00:00,-0.7585475,0
1951-12-16 00:00:00,-0.5771912,0
1952-01-16 00:00:00,-0.51265407,0
1952-02-15 00:00:00,-0.7739714,0
1952-03-16 00:00:00,-0.6109239,0
1952-04-15 12:00:00,-0.8507264,0
1952-05-16 00:00:00,-0.9590058,0
1952-06-15 12:00:00,-0.9368023,0
1952-07-16 00:00:00,-0.998135,0
1952-08-16 00:00:00,-1.0216184,0
1952-09-15 12:00:00,-0.9997572,0
1952-10-16 00:00:00,-1.021619,0
1952-11-15 12:00:00,-0.8247786,0
1952-12-16 00:00:00,-0.44099665,0
1953-01-16 00:00:00,-0.6831194,0
1953-02-14 12:00:00,-0.9811075,0
1953-03-16 00:00:00,-0.81567603,0
1953-04-15 12:00:00,-0.83424723,0
1953-05-16 00:00:00,-0.8677327,0
1953-06-15 12:00:00,-0.95829904,0
1953-07-16 00:00:00,-1.0221978,0
1953-08-16 00:00:00,-1.0039619,0
1953-09-15 12:00:00,-1.0149603,0
1953-10-16 00:00:00,-0.947457,0
1953-11-15 12:00:00,-0.83841693,0
1953-12-16 00:00:00,-0.94871384,0
1954-01-16 00:00:00,-0.6770559,0
1954-02-14 12:00:00,-0.8120066,0
1954-03-16 00:00:00,-0.69759613,0
1954-04-15 12:00:00,-0.909508,0
1954-05-16 00:00:00,-0.99218667,0
1954-06-15 12:00:00,-0.9662815,0
1954-07-16 00:00:00,-1.0185051,0
1954-08-16 00:00:00,-1.0207157,0
1954-09-15 12:00:00,-1.0234083,0
1954-10-16 00:00:00,-1.0137155,0
1954-11-15 12:00:00,-0.8179822,0
1954-12-16 00:00:00,-0.72397596,0
1955-01-16 00:00:00,-0.7709502,0
1955-02-14 12:00:00,-0.86630356,0
1955-03-16 00:00:00,-0.9673456,0
1955-04-15 12:00:00,-0.77984285,0
1955-05-16 00:00:00,-0.9163167,0
1955-06-15 12:00:00,-1.0088042,0
1955-07-16 00:00:00,-1.0172192,0
1955-08-16 00:00:00,-1.02408,0
1955-09-15 12:00:00,-0.98960537,0
1955-10-16 00:00:00,-0.9903543,0
1955-11-15 12:00:00,-0.8406641,0
1955-12-16 00:00:00,-0.42040032,0
1956-01-16 00:00:00,-0.62629455,0
1956-02-15 00:00:00,-0.7820964,0
1956-03-16 00:00:00,-0.97172695,0
1956-04-15 12:00:00,-0.83408636,0
1956-05-16 00:00:00,-0.9085317,0
1956-06-15 12:00:00,-1.0223767,0
1956-07-16 00:00:00,-1.0153255,0
1956-08-16 00:00:00,-1.0199884,0
1956-09-15 12:00:00,-1.0103903,0
1956-10-16 00:00:00,-0.8626976,0
1956-11-15 12:00:00,-1.014564,0
1956-12-16 00:00:00,-0.95312357,0
1957-01-16 00:00:00,-0.7512985,0
1957-02-14 12:00:00,-0.7700209,0
1957-03-16 00:00:00,-0.7918693,0
1957-04-15 12:00:00,-0.8624276,0
1957-05-16 00:00:00,-0.7536222,0
1957-06-15 12:00:00,-1.0137298,0
1957-07-16 00:00:00,-1.019366,0
1957-08-16 00:00:00,-1.0220902,0
1957-09-15 12:00:00,-0.93987787,0
1957-10-16 00:00:00,-0.8043629,0
1957-11-15 12:00:00,-0.8939347,0
1957-12-16 00:00:00,-0.7559954,0
1958-01-16 00:00:00,-0.77134246,0
1958-02-14 12:00:00,-0.4487651,0
1958-03-16 00:00:00,-0.5386367,0
1958-04-15 12:00:00,-0.664255,0
1958-05-16 00:00:00,-0.91417557,0
1958-06-15 12:00:00,-0.97675955,0
1958-07-16 00:00:00,-1.0014982,0
1958-08-16 00:00:00,-1.0126183,0
1958-09-15 12:00:00,-0.9917274,0
1958-10-16 00:00:00,-1.0208988,0
1958-11-15 12:00:00,-0.9548659,0
1958-12-16 00:00:00,-0.92530847,0
1959-01-16 00:00:00,-0.66273534,0
1959-02-14 12:00:00,-0.56463194,0
1959-03-16 00:00:00,-0.9260711,0
1959-04-15 12:00:00,-0.97023404,0
1959-05-16 00:00:00,-0.9582259,0
1959-06-15 12:00:00,-1.013342,0
1959-07-16 00:00:00,-1.0196716,0
1959-08-16 00:00:00,-1.001623,0
1959-09-15 12:00:00,-0.91817456,0
1959-10-16 00:00:00,-1.0203804,0
1959-11-15 12:00:00,-1.0242964,0
1959-12-16 00:00:00,-0.8898972,0
1960-01-16 00:00:00,-0.65643,0
1960-02-15 00:00:00,-0.632372,0
1960-03-16 00:00:00,-0.81111735,0
1960-04-15 12:00:00,-0.87291336,0
1960-05-16 00:00:00,-0.953094,0
1960-06-15 12:00:00,-1.0203937,0
1960-07-16 00:00:00,-1.0002527,0
1960-08-16 00:00:00,-1.0234267,0
1960-09-15 12:00:00,-1.0150388,0
1960-10-16 00:00:00,-0.9789589,0
1960-11-15 12:00:00,-0.69042945,0
1960-12-16 00:00:00,-0.8651531,0
1961-01-16 00:00:00,-0.84873354,0
1961-02-14 12:00:00,-0.85912466,0
1961-03-16 00:00:00,-0.7645211,0
1961-04-15 12:00:00,-0.9257773,0
1961-05-16 00:00:00,-0.88756675,0
1961-06-15 12:00:00,-1.0043802,0
1961-07-16 00:00:00,-1.0143201,0
1961-08-16 00:00:00,-0.9673557,0
1961-09-15 12:00:00,-0.981046,0
1961-10-16 00:00:00,-0.98156077,0
1961-11-15 12:00:00,-0.7396591,0
1961-12-16 00:00:00,-0.8044934,0
1962-01-16 00:00:00,-0.86052144,0
1962-02-14 12:00:00,-0.4511279,0
1962-03-16 00:00:00,-0.7846729,0
1962-04-15 12:00:00,-0.98397326,0
1962-05-16 00:00:00,-0.9523654,0
1962-06-15 12:00:00,-1.0021062,0
1962-07-16 00:00:00,-1.0053753,0
1962-08-16 00:00:00,-1.0149368,0
1962-09-15 12:00:00,-1.0099465,0
1962-10-16 00:00:00,-0.6876832,0
1962-11-15 12:00:00,-0.950605,0
1962-12-16 00:00:00,-0.8244378,0
1963-01-16 00:00:00,-0.6391948,0
1963-02-14 12:00:00,-0.7871432,0
1963-03-16 00:00:00,-0.6981087,0
1963-04-15 12:00:00,-0.6695039,0
1963-05-16 00:00:00,-0.90430915,0
1963-06-15 12:00:00,-0.9753569,0
1963-07-16 00:00:00,-1.023756,0
1963-08-16 00:00:00,-1.0164293,0
1963-09-15 12:00:00,-1.0009373,0
1963-10-16 00:00:00,-0.8983926,0
1963-11-15 12:00:00,-0.68922496,0
1963-12-16 00:00:00,-0.990327,0
1964-01-16 00:00:00,-0.7568023,0
1964-02-15 00:00:00,-0.9930631,0
1964-03-16 00:00:00,-0.8076739,0
1964-04-15 12:00:00,-0.9578584,0
1964-05-16 00:00:00,-0.92844003,0
1964-06-15 12:00:00,-0.9587557,0
1964-07-16 00:00:00,-1.0194852,0
1964-08-16 00:00:00,-1.0129477,0
1964-09-15 12:00:00,-1.0171375,0
1964-10-16 00:00:00,-0.91318035,0
1964-11-15 12:00:00,-0.72966695,0
1964-12-16 00:00:00,-0.4386847,0
1965-01-16 00:00:00,-0.6775888,0
1965-02-14 12:00:00,-0.9411147,0
1965-03-16 00:00:00,-0.845875,0
1965-04-15 12:00:00,-0.7386865,0
1965-05-16 00:00:00,-0.99685556,0
1965-06-15 12:00:00,-0.9783356,0
1965-07-16 00:00:00,-1.00264,0
1965-08-16 00:00:00,-0.9736527,0
1965-09-15 12:00:00,-1.0044408,0
1965-10-16 00:00:00,-1.0139403,0
1965-11-15 12:00:00,-0.52801555,0
1965-12-16 00:00:00,-0.72608364,0
1966-01-16 00:00:00,-0.8369505,0
1966-02-14 12:00:00,-0.82374704,0
1966-03-16 00:00:00,-0.9366639,0
1966-04-15 12:00:00,-0.9682036,0
1966-05-16 00:00:00,-0.99064195,0
1966-06-15 12:00:00,-1.0129594,0
1966-07-16 00:00:00,-1.0151333,0
1966-08-16 00:00:00,-1.0204244,0
1966-09-15 12:00:00,-1.0057845,0
1966-10-16 00:00:00,-1.022886,0
1966-11-15 12:00:00,-0.6912669,0
1966-12-16 00:00:00,-0.68355495,0
1967-01-16 00:00:00,-0.5526501,0
1967-02-14 12:00:00,-0.985248,0
1967-03-16 00:00:00,-0.63207716,0
1967-04-15 12:00:00,-0.6345545,0
1967-05-16 00:00:00,-0.9617497,0
1967-06-15 12:00:00,-0.9433656,0
1967-07-16 00:00:00,-1.022166,0
1967-08-16 00:00:00,-1.0134001,0
1967-09-15 12:00:00,-1.0073227,0
1967-10-16 00:00:00,-0.9718487,0
1967-11-15 12:00:00,-0.83675504,0
1967-12-16 00:00:00,-0.8050928,0
1968-01-16 00:00:00,-0.6894459,0
1968-02-15 00:00:00,-0.8214452,0
1968-03-16 00:00:00,-0.7960892,0
1968-04-15 12:00:00,-0.9676294,0
1968-05-16 00:00:00,-0.95786947,0
1968-06-15 12:00:00,-1.0065856,0
1968-07-16 00:00:00,-1.018373,0
1968-08-16 00:00:00,-0.99579823,0
1968-09-15 12:00:00,-1.0180646,0
1968-10-16 00:00:00,-0.9169087,0
1968-11-15 12:00:00,-0.8392401,0
1968-12-16 00:00:00,-0.6654931,0
1969-01-16 00:00:00,-0.3621456,0
1969-02-14 12:00:00,-0.48233336,0
1969-03-16 00:00:00,-0.9041057,0
1969-04-15 12:00:00,-0.842271,0
1969-05-16 00:00:00,-1.0096095,0
1969-06-15 12:00:00,-0.96019274,0
1969-07-16 00:00:00,-1.0193754,0
1969-08-16 00:00:00,-1.0248735,0
1969-09-15 12:00:00,-1.0205245,0
1969-10-16 00:00:00,-0.91994226,0
1969-11-15 12:00:00,-0.89656925,0
1969-12-16 00:00:00,-0.71645176,0
1970-01-16 00:00:00,-0.46660584,0
1970-02-14 12:00:00,-0.8494357,0
1970-03-16 00:00:00,-0.87657744,0
1970-04-15 12:00:00,-0.9537405,0
1970-05-16 00:00:00,-1.0117166,0
1970-06-15 12:00:00,-0.9701903,0
1970-07-16 00:00:00,-1.0205387,0
1970-08-16 00:00:00,-1.0221187,0
1970-09-15 12:00:00,-1.0206076,0
1970-10-16 00:00:00,-0.94858074,0
1970-11-15 12:00:00,-0.5621431,0
1970-12-16 00:00:00,-0.61107874,0
1971-01-16 00:00:00,-0.8655687,0
1971-02-14 12:00:00,-0.93131274,0
1971-03-16 00:00:00,-0.78436685,0
1971-04-15 12:00:00,-0.93423885,0
1971-05-16 00:00:00,-0.8836309,0
1971-06-15 12:00:00,-0.9939707,0
1971-07-16 00:00:00,-1.016038,0
1971-08-16 00:00:00,-1.0212752,0
1971-09-15 12:00:00,-0.99709857,0
1971-10-16 00:00:00,-0.9809763,0
1971-11-15 12:00:00,-0.8446408,0
1971-12-16 00:00:00,-0.6010141,0
1972-01-16 00:00:00,-0.89303654,0
1972-02-15 00:00:00,-0.88973725,0
1972-03-16 00:00:00,-0.9711736,0
1972-04-15 12:00:00,-0.9042486,0
1972-05-16 00:00:00,-0.99240345,0
1972-06-15 12:00:00,-0.98920035,0
1972-07-16 00:00:00,-1.0178418,0
1972-08-16 00:00:00,-1.01593,0
1972-09-15 12:00:00,-0.97242534,0
1972-10-16 00:00:00,-0.8476481,0
1972-11-15 12:00:00,-0.6599158,0
1972-12-16 00:00:00,-0.7929169,0
1973-01-16 00:00:00,-0.5944817,0
1973-02-14 12:00:00,-0.53768516,0
1973-03-16 00:00:00,-0.7509313,0
1973-04-15 12:00:00,-0.9781444,0
1973-05-16 00:00:00,-0.98173106,0
1973-06-15 12:00:00,-1.0171379,0
1973-07-16 00:00:00,-1.0165206,0
1973-08-16 00:00:00,-1.0058501,0
1973-09-15 12:00:00,-0.9992598,0
1973-10-16 00:00:00,-0.838108,0
1973-11-15 12:00:00,-0.5196037,0
1973-12-16 00:00:00,-0.7260078,0
1974-01-16 00:00:00,-0.6443927,0
1974-02-14 12:00:00,-0.87154514,0
1974-03-16 00:00:00,-0.5645994,0
1974-04-15 12:00:00,-0.85390174,0
1974-05-16 00:00:00,-1.0115336,0
1974-06-15 12:00:00,-1.0061002,0
1974-07-16 00:00:00,-0.96310395,0
1974-08-16 00:00:00,-1.0167309,0
1974-09-15 12:00:00,-1.024198,0
1974-10-16 00:00:00,-0.87860864,0
1974-11-15 12:00:00,-0.905889,0
1974-12-16 00:00:00,-0.734195,0
1975-01-16 00:00:00,-0.8663646,0
1975-02-14 12:00:00,-0.5530729,0
1975-03-16 00:00:00,-0.5721175,0
1975-04-15 12:00:00,-0.83752847,0
1975-05-16 00:00:00,-0.9919015,0
1975-06-15 12:00:00,-1.0069691,0
1975-07-16 00:00:00,-1.015541,0
1975-08-16 00:00:00,-0.9878359,0
1975-09-15 12:00:00,-1.0014378,0
1975-10-16 00:00:00,-0.8055907,0
1975-11-15 12:00:00,-0.93745553,0
1975-12-16 00:00:00,-0.9764136,0
1976-01-16 00:00:00,-0.9933848,0
1976-02-15 00:00:00,-0.7768877,0
1976-03-16 00:00:00,-0.9144199,0
1976-04-15 12:00:00,-0.8464099,0
1976-05-16 00:00:00,-1.0090811,0
1976-06-15 12:00:00,-1.0017279,0
1976-07-16 00:00:00,-1.0025425,0
1976-08-16 00:00:00,-0.8785118,0
1976-09-15 12:00:00,-0.91162,0
1976-10-16 00:00:00,-0.983623,0
1976-11-15 12:00:00,-0.94087386,0
1976-12-16 00:00:00,-0.9586876,0
1977-01-16 00:00:00,-0.8601151,0
1977-02-14 12:00:00,-0.91370887,0
1977-03-16 00:00:00,-0.8587332,0
1977-04-15 12:00:00,-0.9818267,0
1977-05-16 00:00:00,-0.8504448,0
1977-06-15 12:00:00,-0.9757665,0
1977-07-16 00:00:00,-1.0202615,0
1977-08-16 00:00:00,-1.010185,0
1977-09-15 12:00:00,-0.9639133,0
1977-10-16 00:00:00,-0.98278344,0
1977-11-15 12:00:00,-0.86850065,0
1977-12-16 00:00:00,-0.5962266,0
1978-01-16 00:00:00,-0.4514038,0
1978-02-14 12:00:00,-0.61525923,0
1978-03-16 00:00:00,-0.5710225,0
1978-04-15 12:00:00,-0.7128288,0
1978-05-16 00:00:00,-0.992729,0
1978-06-15 12:00:00,-1.0122547,0
1978-07-16 00:00:00,-1.0198774,0
1978-08-16 00:00:00,-1.0184721,0
1978-09-15 12:00:00,-0.8798876,0
1978-10-16 00:00:00,-1.019162,0
1978-11-15 12:00:00,-0.83397186,0
1978-12-16 00:00:00,-0.9028846,0
1979-01-16 00:00:00,-0.62772316,0
1979-02-14 12:00:00,-0.67868084,0
1979-03-16 00:00:00,-0.7543385,0
1979-04-15 12:00:00,-0.9287476,0
1979-05-16 00:00:00,-0.9651635,0
1979-06-15 12:00:00,-1.0169507,0
1979-07-16 00:00:00,-1.0132066,0
1979-08-16 00:00:00,-1.003939,0
1979-09-15 12:00:00,-1.0198385,0
1979-10-16 00:00:00,-0.8595995,0
1979-11-15 12:00:00,-0.8179467,0
1979-12-16 00:00:00,-0.67720854,0
1980-01-16 00:00:00,-0.6049661,0
1980-02-15 00:00:00,-0.5392731,0
1980-03-16 00:00:00,-0.8322439,0
1980-04-15 12:00:00,-0.8669466,0
1980-05-16 00:00:00,-0.92298347,0
1980-06-15 12:00:00,-1.0009658,0
1980-07-16 00:00:00,-0.9745761,0
1980-08-16 00:00:00,-1.0158663,0
1980-09-15 12:00:00,-1.007956,0
1980-10-16 00:00:00,-0.98888737,0
1980-11-15 12:00:00,-0.98010206,0
1980-12-16 00:00:00,-0.82838285,0
1981-01-16 00:00:00,-0.6497261,0
1981-02-14 12:00:00,-0.8477839,0
1981-03-16 00:00:00,-0.675796,0
1981-04-15 12:00:00,-0.9463414,0
1981-05-16 00:00:00,-0.9369382,0
1981-06-15 12:00:00,-1.0243263,0
1981-07-16 00:00:00,-1.0221361,0
1981-08-16 00:00:00,-1.0205412,0
1981-09-15 12:00:00,-1.0063039,0
1981-10-16 00:00:00,-0.8232957,0
1981-11-15 12:00:00,-0.62638336,0
1981-12-16 00:00:00,-0.6904203,0
1982-01-16 00:00:00,-0.63853407,0
1982-02-14 12:00:00,-0.76015884,0
1982-03-16 00:00:00,-0.49258256,0
1982-04-15 12:00:00,-0.70879877,0
1982-05-16 00:00:00,-1.0013782,0
1982-06-15 12:00:00,-0.9351464,0
1982-07-16 00:00:00,-1.0179392,0
1982-08-16 00:00:00,-1.012993,0
1982-09-15 12:00:00,-0.83957654,0
1982-10-16 00:00:00,-0.8015277,0
1982-11-15 12:00:00,-0.62361306,0
1982-12-16 00:00:00,-0.6953648,0
1983-01-16 00:00:00,-0.5539327,0
1983-02-14 12:00:00,-0.46147227,0
1983-03-16 00:00:00,-0.47129607,0
1983-04-15 12:00:00,-0.66833556,0
1983-05-16 00:00:00,-0.9680989,0
1983-06-15 12:00:00,-0.99213636,0
1983-07-16 00:00:00,-1.0166869,0
1983-08-16 00:00:00,-0.94917893,0
1983-09-15 12:00:00,-0.9279321,0
1983-10-16 00:00:00,-0.9322493,0
1983-11-15 12:00:00,-0.50596803,0
1983-12-16 00:00:00,-0.5142349,0
1984-01-16 00:00:00,-0.98552686,0
1984-02-15 00:00:00,-0.8232884,0
1984-03-16 00:00:00,-0.86735064,0
1984-04-15 12:00:00,-0.9232021,0
1984-05-16 00:00:00,-0.98551124,0
1984-06-15 12:00:00,-0.97399634,0
1984-07-16 00:00:00,-1.0017452,0
1984-08-16 00:00:00,-1.0076468,0
1984-09-15 12:00:00,-1.0090618,0
1984-10-16 00:00:00,-0.87285596,0
1984-11-15 12:00:00,-0.54940265,0
1984-12-16 00:00:00,-0.7780475,0
1985-01-16 00:00:00,-0.9397698,0
1985-02-14 12:00:00,-0.8542961,0
1985-03-16 00:00:00,-0.716683,0
1985-04-15 12:00:00,-0.9686726,0
1985-05-16 00:00:00,-1.0125093,0
1985-06-15 12:00:00,-1.0077413,0
1985-07-16 00:00:00,-1.0059029,0
1985-08-16 00:00:00,-1.0212766,0
1985-09-15 12:00:00,-0.9346576,0
1985-10-16 00:00:00,-0.92577434,0
1985-11-15 12:00:00,-0.67695916,0
1985-12-16 00:00:00,-0.79991525,0
1986-01-16 00:00:00,-0.659585,0
1986-02-14 12:00:00,-0.28501576,0
1986-03-16 00:00:00,-0.62938654,0
1986-04-15 12:00:00,-0.91262656,0
1986-05-16 00:00:00,-0.9685418,0
1986-06-15 12:00:00,-1.0188124,0
1986-07-16 00:00:00,-1.0084568,0
1986-08-16 00:00:00,-1.0223452,0
1986-09-15 12:00:00,-0.8797321,0
1986-10-16 00:00:00,-0.9948294,0
1986-11-15 12:00:00,-0.9957868,0
1986-12-16 00:00:00,-0.8986193,0
1987-01-16 00:00:00,-0.75038636,0
1987-02-14 12:00:00,-0.72860134,0
1987-03-16 00:00:00,-0.72786576,0
1987-04-15 12:00:00,-0.9558697,0
1987-05-16 00:00:00,-0.93452734,0
1987-06-15 12:00:00,-0.98969847,0
1987-07-16 00:00:00,-1.0076557,0
1987-08-16 00:00:00,-1.0207449,0
1987-09-15 12:00:00,-1.0192398,0
1987-10-16 00:00:00,-0.8859422,0
1987-11-15 12:00:00,-0.8595849,0
1987-12-16 00:00:00,-0.68388,0
1988-01-16 00:00:00,-0.67830884,0
1988-02-15 00:00:00,-0.9493624,0
1988-03-16 00:00:00,-0.9910247,0
1988-04-15 12:00:00,-0.812146,0
1988-05-16 00:00:00,-0.94796425,0
1988-06-15 12:00:00,-0.9673,0
1988-07-16 00:00:00,-1.0145078,0
1988-08-16 00:00:00,-1.0059566,0
1988-09-15 12:00:00,-1.0102154,0
1988-10-16 00:00:00,-1.0097141,0
1988-11-15 12:00:00,-0.7350925,0
1988-12-16 00:00:00,-0.75567836,0
1989-01-16 00:00:00,-0.90016276,0
1989-02-14 12:00:00,-0.87639403,0
1989-03-16 00:00:00,-0.59750825,0
1989-04-15 12:00:00,-0.93297136,0
1989-05-16 00:00:00,-0.9624921,0
1989-06-15 12:00:00,-0.9802512,0
1989-07-16 00:00:00,-1.023189,0
1989-08-16 00:00:00,-0.98983645,0
1989-09-15 12:00:00,-0.8479404,0
1989-10-16 00:00:00,-0.83638406,0
1989-11-15 12:00:00,-0.9154576,0
1989-12-16 00:00:00,-1.021279,0
1990-01-16 00:00:00,-0.75490785,0
1990-02-14 12:00:00,-0.80389786,0
1990-03-16 00:00:00,-0.89137304,0
1990-04-15 12:00:00,-0.9239661,0
1990-05-16 00:00:00,-0.8132152,0
1990-06-15 12:00:00,-1.014797,0
1990-07-16 00:00:00,-0.9998457,0
1990-08-16 00:00:00,-1.0047654,0
1990-09-15 12:00:00,-0.97787994,0
1990-10-16 00:00:00,-0.99025595,0
1990-11-15 12:00:00,-0.9700764,0
1990-12-16 00:00:00,-0.92357874,0
1991-01-16 00:00:00,-0.97772384,0
1991-02-14 12:00:00,-0.8451948,0
1991-03-16 00:00:00,-0.35072172,0
1991-04-15 12:00:00,-0.93673795,0
1991-05-16 00:00:00,-0.9405803,0
1991-06-15 12:00:00,-0.9872615,0
1991-07-16 00:00:00,-1.011323,0
1991-08-16 00:00:00,-1.0029259,0
1991-09-15 12:00:00,-1.0076452,0
1991-10-16 00:00:00,-0.8710073,0
1991-11-15 12:00:00,-0.93289185,0
1991-12-16 00:00:00,-0.8090144,0
1992-01-16 00:00:00,-0.8797017,0
1992-02-15 00:00:00,-0.57281536,0
1992-03-16 00:00:00,-0.7731523,0
1992-04-15 12:00:00,-0.96643364,0
1992-05-16 00:00:00,-1.0083126,0
1992-06-15 12:00:00,-0.9588192,0
1992-07-16 00:00:00,-0.99201125,0
1992-08-16 00:00:00,-1.0101589,0
1992-09-15 12:00:00,-1.018854,0
1992-10-16 00:00:00,-0.8578483,0
1992-11-15 12:00:00,-0.99080694,0
1992-12-16 00:00:00,-0.5642683,0
1993-01-16 00:00:00,-0.4286844,0
1993-02-14 12:00:00,-0.56960016,0
1993-03-16 00:00:00,-0.73257273,0
1993-04-15 12:00:00,-0.93828344,0
1993-05-16 00:00:00,-0.9086569,0
1993-06-15 12:00:00,-0.93496776,0
1993-07-16 00:00:00,-1.0221386,0
1993-08-16 00:00:00,-1.0129471,0
1993-09-15 12:00:00,-1.0167519,0
1993-10-16 00:00:00,-0.9356208,0
1993-11-15 12:00:00,-0.87310517,0
1993-12-16 00:00:00,-0.83289206,0
1994-01-16 00:00:00,-0.8647276,0
1994-02-14 12:00:00,-0.6973648,0
1994-03-16 00:00:00,-0.9382036,0
1994-04-15 12:00:00,-0.8763181,0
1994-05-16 00:00:00,-0.8998569,0
1994-06-15 12:00:00,-1.0221889,0
1994-07-16 00:00:00,-1.0211653,0
1994-08-16 00:00:00,-1.02324,0
1994-09-15 12:00:00,-0.99462354,0
1994-10-16 00:00:00,-0.9547031,0
1994-11-15 12:00:00,-0.69361544,0
1994-12-16 00:00:00,-0.7821922,0
1995-01-16 00:00:00,-0.24934316,0
1995-02-14 12:00:00,-0.93595827,0
1995-03-16 00:00:00,-0.3728435,0
1995-04-15 12:00:00,-0.78183645,0
1995-05-16 00:00:00,-0.82858914,0
1995-06-15 12:00:00,-0.9290897,0
1995-07-16 00:00:00,-1.0163652,0
1995-08-16 00:00:00,-1.0251408,0
1995-09-15 12:00:00,-1.0216686,0
1995-10-16 00:00:00,-1.0221832,0
1995-11-15 12:00:00,-1.013029,0
1995-12-16 00:00:00,-0.61545557,0
1996-01-16 00:00:00,-0.60891336,0
1996-02-15 00:00:00,-0.5401592,0
1996-03-16 00:00:00,-0.7928529,0
1996-04-15 12:00:00,-0.83731383,0
1996-05-16 00:00:00,-0.83129185,0
1996-06-15 12:00:00,-1.0016766,0
1996-07-16 00:00:00,-1.0171084,0
1996-08-16 00:00:00,-1.0202127,0
1996-09-15 12:00:00,-1.01068,0
1996-10-16 00:00:00,-0.86295104,0
1996-11-15 12:00:00,-0.7427668,0
1996-12-16 00:00:00,-0.37642258,0
1997-01-16 00:00:00,-0.41213804,0
1997-02-14 12:00:00,-0.96261126,0
1997-03-16 00:00:00,-0.9643312,0
1997-04-15 12:00:00,-0.96898425,0
1997-05-16 00:00:00,-0.99669886,0
1997-06-15 12:00:00,-0.97151726,0
1997-07-16 00:00:00,-1.0119148,0
1997-08-16 00:00:00,-0.98692054,0
1997-09-15 12:00:00,-0.99923277,0
1997-10-16 00:00:00,-0.94747484,0
1997-11-15 12:00:00,-0.69424176,0
1997-12-16 00:00:00,-0.7873196,0
1998-01-16 00:00:00,-0.52047384,0
1998-02-14 12:00:00,-0.3191793,0
1998-03-16 00:00:00,-0.7291609,0
1998-04-15 12:00:00,-0.81851876,0
1998-05-16 00:00:00,-0.73642445,0
1998-06-15 12:00:00,-0.9250852,0
1998-07-16 00:00:00,-1.0086095,0
1998-08-16 00:00:00,-1.0237612,0
1998-09-15 12:00:00,-0.95630205,0
1998-10-16 00:00:00,-0.96116346,0
1998-11-15 12:00:00,-0.7110363,0
1998-12-16 00:00:00,-0.9047032,0
1999-01-16 00:00:00,-0.6986168,0
1999-02-14 12:00:00,-0.6153981,0
1999-03-16 00:00:00,-0.785397,0
1999-04-15 12:00:00,-0.84281373,0
1999-05-16 00:00:00,-0.99016815,0
1999-06-15 12:00:00,-0.9982739,0
1999-07-16 00:00:00,-1.0182745,0
1999-08-16 00:00:00,-1.0036523,0
1999-09-15 12:00:00,-1.0185983,0
1999-10-16 00:00:00,-0.97624654,0
1999-11-15 12:00:00,-0.854661,0
1999-12-16 00:00:00,-0.9884188,0
2000-01-16 00:00:00,-0.52423596,0
2000-02-15 00:00:00,-0.44925642,0
2000-03-16 00:00:00,-0.8625791,0
2000-04-15 12:00:00,-0.85231566,0
2000-05-16 00:00:00,-0.918024,0
2000-06-15 12:00:00,-0.995568,0
2000-07-16 00:00:00,-1.0213821,0
2000-08-16 00:00:00,-1.0124282,0
2000-09-15 12:00:00,-0.9901001,0
2000-10-16 00:00:00,-0.8179794,0
2000-11-15 12:00:00,-0.9563513,0
2000-12-16 00:00:00,-0.95841146,0
2001-01-16 00:00:00,-0.74138796,0
2001-02-14 12:00:00,-0.668203,0
2001-03-16 00:00:00,-0.8322146,0
2001-04-15 12:00:00,-0.85176384,0
2001-05-16 00:00:00,-1.0212101,0
2001-06-15 12:00:00,-1.0159469,0
2001-07-16 00:00:00,-1.0062652,0
2001-08-16 00:00:00,-1.020717,0
2001-09-15 12:00:00,-0.99557877,0
2001-10-16 00:00:00,-0.96385413,0
2001-11-15 12:00:00,-0.7173798,0
2001-12-16 00:00:00,-0.56882113,0
2002-01-16 00:00:00,-0.8487593,0
2002-02-14 12:00:00,-0.89742005,0
2002-03-16 00:00:00,-0.8255046,0
2002-04-15 12:00:00,-0.9247461,0
2002-05-16 00:00:00,-0.96306425,0
2002-06-15 12:00:00,-1.0173907,0
2002-07-16 00:00:00,-1.0180341,0
2002-08-16 00:00:00,-1.0221962,0
2002-09-15 12:00:00,-1.0115094,0
2002-10-16 00:00:00,-1.0156581,0
2002-11-15 12:00:00,-0.7840917,0
2002-12-16 00:00:00,-0.473212,0
2003-01-16 00:00:00,-0.909238,0
2003-02-14 12:00:00,-0.839754,0
2003-03-16 00:00:00,-0.83622783,0
2003-04-15 12:00:00,-0.7200022,0
2003-05-16 00:00:00,-0.89577377,0
2003-06-15 12:00:00,-1.0189704,0
2003-07-16 00:00:00,-1.00732,0
2003-08-16 00:00:00,-0.9730424,0
2003-09-15 12:00:00,-1.0194305,0
2003-10-16 00:00:00,-1.0035139,0
2003-11-15 12:00:00,-0.84674746,0
2003-12-16 00:00:00,-0.5708221,0
2004-01-16 00:00:00,-0.8259612,0
2004-02-15 00:00:00,-0.6129919,0
2004-03-16 00:00:00,-0.94138,0
2004-04-15 12:00:00,-0.98404133,0
2004-05-16 00:00:00,-0.9861064,0
2004-06-15 12:00:00,-1.0098488,0
2004-07-16 00:00:00,-1.0150664,0
2004-08-16 00:00:00,-1.0152491,0
2004-09-15 12:00:00,-1.0126768,0
2004-10-16 00:00:00,-0.7363042,0
2004-11-15 12:00:00,-0.86608005,0
2004-12-16 00:00:00,-0.5689041,0
2005-01-16 00:00:00,-0.6475041,0
2005-02-14 12:00:00,-0.71817636,0
2005-03-16 00:00:00,-0.6941881,0
2005-04-15 12:00:00,-0.8650039,0
2005-05-16 00:00:00,-0.81372106,0
2005-06-15 12:00:00,-0.96407485,0
2005-07-16 00:00:00,-1.0226601,0
2005-08-16 00:00:00,-1.016829,0
2005-09-15 12:00:00,-1.0124408,0
2005-10-16 00:00:00,-0.9843884,0
2005-11-15 12:00:00,-0.86123794,0
2005-12-16 00:00:00,-0.40634406,0
2006-01-16 00:00:00,-0.67668873,0
2006-02-14 12:00:00,-0.7930248,0
2006-03-16 00:00:00,-0.5383683,0
2006-04-15 12:00:00,-0.63302845,0
2006-05-16 00:00:00,-0.9323977,0
2006-06-15 12:00:00,-1.0133998,0
2006-07-16 00:00:00,-1.0182873,0
2006-08-16 00:00:00,-1.0224738,0
2006-09-15 12:00:00,-1.022051,0
2006-10-16 00:00:00,-0.9705939,0
2006-11-15 12:00:00,-0.8620923,0
2006-12-16 00:00:00,-0.77624506,0
2007-01-16 00:00:00,-0.9441574,0
2007-02-14 12:00:00,-0.6685813,0
2007-03-16 00:00:00,-0.9639236,0
2007-04-15 12:00:00,-0.8919064,0
2007-05-16 00:00:00,-0.98060566,0
2007-06-15 12:00:00,-1.0153536,0
2007-07-16 00:00:00,-1.0115728,0
2007-08-16 00:00:00,-1.0193383,0
2007-09-15 12:00:00,-0.98267484,0
2007-10-16 00:00:00,-0.9114936,0
2007-11-15 12:00:00,-0.97632986,0
2007-12-16 00:00:00,-0.77172416,0
2008-01-16 00:00:00,-0.4284479,0
2008-02-15 00:00:00,-0.7453625,0
2008-03-16 00:00:00,-0.96957433,0
2008-04-15 12:00:00,-0.9956119,0
2008-05-16 00:00:00,-0.96747506,0
2008-06-15 12:00:00,-1.0220562,0
2008-07-16 00:00:00,-1.0204939,0
2008-08-16 00:00:00,-1.0212917,0
2008-09-15 12:00:00,-1.0229392,0
2008-10-16 00:00:00,-0.9580841,0
2008-11-15 12:00:00,-0.8474713,0
2008-12-16 00:00:00,-0.8008822,0
2009-01-16 00:00:00,-0.87644064,0
2009-02-14 12:00:00,-0.5945615,0
2009-03-16 00:00:00,-0.7903965,0
2009-04-15 12:00:00,-0.9401633,0
2009-05-16 00:00:00,-0.91180754,0
2009-06-15 12:00:00,-0.9646515,0
2009-07-16 00:00:00,-1.0196517,0
2009-08-16 00:00:00,-1.0123302,0
2009-09-15 12:00:00,-1.0142124,0
2009-10-16 00:00:00,-0.7935375,0
2009-11-15 12:00:00,-0.9646604,0
2009-12-16 00:00:00,-0.74534035,0
2010-01-16 00:00:00,-0.513889,0
2010-02-14 12:00:00,-0.7022394,0
2010-03-16 00:00:00,-0.8186074,0
2010-04-15 12:00:00,-0.7317391,0
2010-05-16 00:00:00,-0.9060234,0
2010-06-15 12:00:00,-1.0097561,0
2010-07-16 00:00:00,-1.0222342,0
2010-08-16 00:00:00,-1.0153644,0
2010-09-15 12:00:00,-1.0173478,0
2010-10-16 00:00:00,-0.79435706,0
2010-11-15 12:00:00,-0.79051304,0
2010-12-16 00:00:00,-0.48170197,0
2011-01-16 00:00:00,-0.854916,0
2011-02-14 12:00:00,-0.6995946,0
2011-03-16 00:00:00,-0.48348528,0
2011-04-15 12:00:00,-0.9276756,0
2011-05-16 00:00:00,-0.87299806,0
2011-06-15 12:00:00,-0.87395686,0
2011-07-16 00:00:00,-1.0181838,0
2011-08-16 00:00:00,-1.0198733,0
2011-09-15 12:00:00,-1.0101845,0
2011-10-16 00:00:00,-0.90370595,0
2011-11-15 12:00:00,-0.86232316,0
2011-12-16 00:00:00,-1.0092809,0
2012-01-16 00:00:00,-0.7792797,0
2012-02-15 00:00:00,-0.8786925,0
2012-03-16 00:00:00,-0.6420488,0
2012-04-15 12:00:00,-0.8105485,0
2012-05-16 00:00:00,-1.0048047,0
2012-06-15 12:00:00,-1.0015217,0
2012-07-16 00:00:00,-1.0194023,0
2012-08-16 00:00:00,-1.022022,0
2012-09-15 12:00:00,-1.02274,0
2012-10-16 00:00:00,-0.9247649,0
2012-11-15 12:00:00,-0.67185766,0
2012-12-16 00:00:00,-0.5383222,0
2013-01-16 00:00:00,-0.92337215,0
2013-02-14 12:00:00,-0.9698989,0
2013-03-16 00:00:00,-0.8947785,0
2013-04-15 12:00:00,-0.9616427,0
2013-05-16 00:00:00,-0.9784909,0
2013-06-15 12:00:00,-0.9912535,0
2013-07-16 00:00:00,-1.0107455,0
2013-08-16 00:00:00,-1.0101954,0
2013-09-15 12:00:00,-0.97668856,0
2013-10-16 00:00:00,-0.996492,0
2013-11-15 12:00:00,-0.9465433,0
2013-12-16 00:00:00,-0.97123975,0
2014-01-16 00:00:00,-0.95792574,0
2014-02-14 12:00:00,-0.64678895,0
2014-03-16 00:00:00,-0.79110086,0
2014-04-15 12:00:00,-0.91626745,0
2014-05-16 00:00:00,-0.98615843,0
2014-06-15 12:00:00,-1.0199337,0
2014-07-16 00:00:00,-1.0033345,0
2014-08-16 00:00:00,-1.000294,0
2014-09-15 12:00:00,-0.9862854,0
2014-10-16 00:00:00,-0.9474435,0
2014-11-15 12:00:00,-0.8747072,0
2014-12-16 00:00:00,-0.5555828,0
2015-01-16 00:00:00,-1.0152413,0
2015-02-14 12:00:00,-0.7781645,0
2015-03-16 00:00:00,-0.99289894,0
2015-04-15 12:00:00,-0.91452575,0
2015-05-16 00:00:00,-0.9246938,0
2015-06-15 12:00:00,-1.0019494,0
2015-07-16 00:00:00,-0.9655923,0
2015-08-16 00:00:00,-1.0174347,0
2015-09-15 12:00:00,-1.0051305,0
2015-10-16 00:00:00,-0.9582538,0
2015-11-15 12:00:00,-0.82402205,0
2015-12-16 00:00:00,-0.7058215,0
2016-01-16 00:00:00,-0.5205614,0
2016-02-15 00:00:00,-0.9435415,0
2016-03-16 00:00:00,-0.58840823,0
2016-04-15 12:00:00,-0.8945121,0
2016-05-16 00:00:00,-0.91737205,0
2016-06-15 12:00:00,-1.0166502,0
2016-07-16 00:00:00,-1.0219887,0
2016-08-16 00:00:00,-1.0204031,0
2016-09-15 12:00:00,-1.0197269,0
2016-10-16 00:00:00,-0.70273113,0
2016-11-15 12:00:00,-0.84562844,0
2016-12-16 00:00:00,-0.68966526,0
2017-01-16 00:00:00,-0.27173963,0
2017-02-14 12:00:00,-0.37277082,0
2017-03-16 00:00:00,-0.7933757,0
2017-04-15 12:00:00,-0.78633076,0
2017-05-16 00:00:00,-0.98650604,0
2017-06-15 12:00:00,-0.9909318,0
2017-07-16 00:00:00,-1.0187583,0
2017-08-16 00:00:00,-1.0064907,0
2017-09-15 12:00:00,-0.9898442,0
2017-10-16 00:00:00,-0.9980511,0
2017-11-15 12:00:00,-0.7626585,0
2017-12-16 00:00:00,-1.0039473,0
2018-01-16 00:00:00,-0.7330023,0
2018-02-14 12:00:00,-0.96050715,0
2018-03-16 00:00:00,-0.5380559,0
2018-04-15 12:00:00,-0.8435063,0
2018-05-16 00:00:00,-0.95010537,0
2018-06-15 12:00:00,-1.0218211,0
2018-07-16 00:00:00,-1.0137174,0
2018-08-16 00:00:00,-1.0204399,0
2018-09-15 12:00:00,-1.0248938,0
2018-10-16 00:00:00,-0.98140997,0
2018-11-15 12:00:00,-0.7684493,0
2018-12-16 00:00:00,-0.82775885,0
2019-01-16 00:00:00,-0.56887156,0
2019-02-14 12:00:00,-0.36433917,0
2019-03-16 00:00:00,-0.64421725,0
2019-04-15 12:00:00,-0.9155321,0
2019-05-16 00:00:00,-0.7757718,0
2019-06-15 12:00:00,-1.0127565,0
2019-07-16 00:00:00,-1.016145,0
2019-08-16 00:00:00,-1.0145335,0
2019-09-15 12:00:00,-0.9723917,0
2019-10-16 00:00:00,-1.0236732,0
2019-11-15 12:00:00,-0.87614167,0
2019-12-16 00:00:00,-0.56435686,0
2020-01-16 00:00:00,-0.88483953,0
2020-02-15 00:00:00,-1.0128442,0
2020-03-16 00:00:00,-0.75142956,0
2020-04-15 12:00:00,-0.85197294,0
2020-05-16 00:00:00,-0.92029256,0
2020-06-15 12:00:00,-1.0091397,0
2020-07-16 00:00:00,-1.0154654,0
2020-08-16 00:00:00,-1.0128756,0
2020-09-15 12:00:00,-1.0229276,0
2020-10-16 00:00:00,-1.0244473,0
2020-11-15 12:00:00,-0.91729796,0
2020-12-16 00:00:00,-0.87664664,0
2021-01-16 00:00:00,-0.67665285,0
2021-02-14 12:00:00,-0.90313506,0
2021-03-16 00:00:00,-0.8580883,0
2021-04-15 12:00:00,-0.99319214,0
2021-05-16 00:00:00,-1.0039202,0
2021-06-15 12:00:00,-1.0155289,0
2021-07-16 00:00:00,-1.0097603,0
2021-08-16 00:00:00,-1.0224751,0
2021-09-15 12:00:00,-1.010142,0
2021-10-16 00:00:00,-0.66633725,0
2021-11-15 12:00:00,-0.9430641,0
2021-12-16 00:00:00,-0.49069363,0
2022-01-16 00:00:00,-0.9969698,0
2022-02-14 12:00:00,-0.9969496,0
2022-03-16 00:00:00,-0.8945439,0
2022-04-15 12:00:00,-0.8716756,0
2022-05-16 00:00:00,-0.99999547,0
2022-06-15 12:00:00,-0.99675,0
2022-07-16 00:00:00,-1.0182865,0
2022-08-16 00:00:00,-1.0055144,0
2022-09-15 12:00:00,-0.92295766,0
2022-10-16 00:00:00,-1.0188713,0
2022-11-15 12:00:00,-0.8404622,0
2022-12-16 00:00:00,-0.3954623,0
2023-01-16 00:00:00,-0.4073186,0
2023-02-14 12:00:00,-0.6978037,0
2023-03-16 00:00:00,-0.4446268,0
2023-04-15 12:00:00,-0.9814065,0
2023-05-16 00:00:00,-0.90851504,0
2023-06-15 12:00:00,-0.96200585,0
2023-07-16 00:00:00,-1.0214884,0
2023-08-16 00:00:00,-0.9651072,0
2023-09-15 12:00:00,-0.9611752,0
2023-10-16 00:00:00,-0.99570525,0
2023-11-15 12:00:00,-0.8844849,0
2023-12-16 00:00:00,-0.7810509,0
2024-01-16 00:00:00,-0.6634517,0
2024-02-15 00:00:00,-0.523772,0
2024-03-16 00:00:00,-0.6764457,0
2024-04-15 12:00:00,-0.87758,0
2024-05-16 00:00:00,-0.94734925,0
2024-06-15 12:00:00,-1.0198542,0
2024-07-16 00:00:00,-1.0155761,0
2024-08-16 00:00:00,-1.0098376,0
2024-09-15 12:00:00,-1.01391,0
2024-10-16 00:00:00,-0.9909235,0
2024-11-15 12:00:00,-0.7133322,0
2024-12-16 00:00:00,-0.7530735,0
2025-01-16 00:00:00,-0.9598499,0
2025-02-14 12:00:00,-0.59599215,0
2025-03-16 00:00:00,-0.7032,0
2025-04-15 12:00:00,-0.9434736,0
2025-05-16 00:00:00,-0.9888676,0
2025-06-15 12:00:00,-1.0167559,0
