time,latent,mu,logvar,latent_dim
1940-01-16 00:00:00,-0.33189276,-0.0048757493,-0.0014917254,0
1940-02-15 00:00:00,0.04511323,-0.0066065043,-0.00093384087,0
1940-03-16 00:00:00,-0.21943036,-0.0031624883,-0.00083714724,0
1940-04-15 12:00:00,2.5488954,-0.0021204203,-0.0024841577,0
1940-05-16 00:00:00,-0.20936514,-0.00045095384,-0.0013473928,0
1940-06-15 12:00:00,-0.40882775,-0.0007215142,-0.0015257746,0
1940-07-16 00:00:00,-0.4784276,-0.00020115077,-0.0014203489,0
1940-08-16 00:00:00,-0.58727825,-0.00021861494,-0.0013140738,0
1940-09-15 12:00:00,1.3494798,-0.0015013963,-0.0017283559,0
1940-10-16 00:00:00,-0.19612099,-0.002262473,-0.0009511858,0
1940-11-15 12:00:00,-1.6853261,-0.0012219101,-0.00090044737,0
1940-12-16 00:00:00,-0.040810067,-0.0062586367,-0.0018612593,0
1941-01-16 00:00:00,-1.9282527,-0.0048335344,-0.0015155226,0
1941-02-14 12:00:00,0.69217134,-0.0066794753,-0.0029665679,0
1941-03-16 00:00:00,0.11010573,-0.004469916,-0.0022795498,0
1941-04-15 12:00:00,-0.68517184,-0.003052324,-0.0013856292,0
1941-05-16 00:00:00,1.2528979,-0.0016479492,-0.002279684,0
1941-06-15 12:00:00,-0.94457287,-0.00013031065,-0.0016791672,0
1941-07-16 00:00:00,-1.8979616,-0.0001949817,-0.0011711419,0
1941-08-16 00:00:00,-1.6336093,-0.00030213594,-0.0009060651,0
1941-09-15 12:00:00,-1.0294869,-0.00038160384,-0.0013674945,0
1941-10-16 00:00:00,-0.20727937,-0.0006573051,-0.0012919754,0
1941-11-15 12:00:00,-0.8134542,-0.0012891442,-0.0008351952,0
1941-12-16 00:00:00,-0.45326427,-0.0053828657,-0.0011250973,0
1942-01-16 00:00:00,-1.4580224,-0.0039716363,-0.0007133931,0
1942-02-14 12:00:00,1.0590991,-0.0028935224,-0.0008452982,0
1942-03-16 00:00:00,-1.0257622,-0.001846835,-0.0010567158,0
1942-04-15 12:00:00,0.37444627,-0.0034586936,-0.0020542592,0
1942-05-16 00:00:00,0.035243824,-0.0024912804,-0.0014884919,0
1942-06-15 12:00:00,-0.022581635,-0.00048179924,-0.0015310198,0
1942-07-16 00:00:00,0.82517725,-0.00015173852,-0.001420334,0
1942-08-16 00:00:00,0.2826033,-0.0001526475,-0.0013882816,0
1942-09-15 12:00:00,-0.10962256,-0.00022725761,-0.0014744401,0
1942-10-16 00:00:00,-0.69222254,-0.0014373809,-0.0023824126,0
1942-11-15 12:00:00,-0.7646575,-0.0042868704,0.00016064942,0
1942-12-16 00:00:00,0.97221,-0.00077199936,-0.00052547455,0
1943-01-16 00:00:00,1.191877,-0.0046676546,0.00042127073,0
1943-02-14 12:00:00,1.5032865,-0.001056239,-0.0005593449,0
1943-03-16 00:00:00,-0.72174954,-0.0027961582,-0.0015679598,0
1943-04-15 12:00:00,0.46609387,-0.0010444224,-0.0006993264,0
1943-05-16 00:00:00,-0.9645409,-0.00022278726,-0.0015666634,0
1943-06-15 12:00:00,-0.39211565,-0.000622645,-0.0014996231,0
1943-07-16 00:00:00,-0.484313,-0.00022484362,-0.001441896,0
1943-08-16 00:00:00,-0.36524725,-0.00022800267,-0.0014322549,0
1943-09-15 12:00:00,0.36891133,-0.00018672645,-0.0015978366,0
1943-10-16 00:00:00,0.052678034,-0.00078217685,-0.0011115968,0
1943-11-15 12:00:00,0.27039564,-0.0008249581,-0.0013644248,0
1943-12-16 00:00:00,-0.86582047,-0.0018468648,-0.0013785809,0
1944-01-16 00:00:00,1.2938914,-0.0026087612,-0.0005258173,0
1944-02-15 00:00:00,0.7453397,-0.003420189,-0.00049449503,0
1944-03-16 00:00:00,-0.31296897,-0.0015699714,-0.00025245547,0
1944-04-15 12:00:00,0.31555504,-0.0027342588,-0.0021895468,0
1944-05-16 00:00:00,-1.4113021,-0.0014777482,-0.002422914,0
1944-06-15 12:00:00,1.2664034,-0.0008081347,-0.0016203225,0
1944-07-16 00:00:00,-1.1197194,-0.00019402802,-0.0014927834,0
1944-08-16 00:00:00,-0.69779485,-0.00021715462,-0.0014223456,0
1944-09-15 12:00:00,2.345896,-0.00042369962,-0.0014571548,0
1944-10-16 00:00:00,1.7645701,-0.0007094592,-0.0014239997,0
1944-11-15 12:00:00,-1.6264185,-0.0029669553,-0.00045712292,0
1944-12-16 00:00:00,0.6074167,-0.0028838068,-0.0014256239,0
1945-01-16 00:00:00,0.6717052,-0.00053580105,-0.0014528781,0
1945-02-14 12:00:00,0.6899831,-0.0024491847,0.00014603138,0
1945-03-16 00:00:00,0.5681289,-0.0025280714,-0.00019197166,0
1945-04-15 12:00:00,-1.3508314,-0.00083990395,-0.0012947768,0
1945-05-16 00:00:00,1.9407656,-0.0013440251,-0.0018879324,0
1945-06-15 12:00:00,1.519016,-0.0005354881,-0.0017517507,0
1945-07-16 00:00:00,0.89508355,-5.824864e-05,-0.0014574081,0
1945-08-16 00:00:00,-1.5889587,-6.465614e-05,-0.0015345365,0
1945-09-15 12:00:00,1.0865811,-0.00015367568,-0.0014709532,0
1945-10-16 00:00:00,-0.92249465,-0.003513217,-0.0022063553,0
1945-11-15 12:00:00,-0.1242839,-0.003019169,-0.00027053058,0
1945-12-16 00:00:00,-1.6390185,-0.0040343553,-0.0009345114,0
1946-01-16 00:00:00,-0.97578627,-0.0011140555,-0.00053556263,0
1946-02-14 12:00:00,-1.7134026,-0.0017899126,-0.0013164729,0
1946-03-16 00:00:00,0.18603803,-0.0019800514,-0.00029821694,0
1946-04-15 12:00:00,0.67096144,-0.00019653141,-0.0011541694,0
1946-05-16 00:00:00,0.66052973,-0.0011131316,-0.0016904324,0
1946-06-15 12:00:00,-0.8683616,-0.00019262731,-0.0014120042,0
1946-07-16 00:00:00,-0.6618302,-0.00010755658,-0.0012092441,0
1946-08-16 00:00:00,-0.25039464,-0.00027278066,-0.0014258772,0
1946-09-15 12:00:00,0.6996921,-0.0001847148,-0.0014097393,0
1946-10-16 00:00:00,-1.3697298,-0.0012930781,-0.0011937469,0
1946-11-15 12:00:00,3.0154984,-0.0027021617,-0.0006970614,0
1946-12-16 00:00:00,1.1501216,-0.0027427375,-0.00056801736,0
1947-01-16 00:00:00,0.45141095,-0.0009114295,-0.0006675571,0
1947-02-14 12:00:00,0.9781897,-0.002336517,-0.0011781752,0
1947-03-16 00:00:00,-0.3884946,-0.0018661469,-8.1807375e-06,0
1947-04-15 12:00:00,-0.77908003,-0.001410678,-0.0015608966,0
1947-05-16 00:00:00,-0.7802,-0.0009856969,-0.0019262284,0
1947-06-15 12:00:00,1.0418522,-0.0009790212,-0.001394853,0
1947-07-16 00:00:00,2.23786,-0.0002193898,-0.0013275892,0
1947-08-16 00:00:00,0.743972,-0.0003171414,-0.0012125224,0
1947-09-15 12:00:00,1.6059754,-0.0003093928,-0.0014435202,0
1947-10-16 00:00:00,1.1568241,-0.0020194948,-0.0007054955,0
1947-11-15 12:00:00,1.20272,-0.0013846904,-0.0010114014,0
1947-12-16 00:00:00,-1.1765112,-0.0017127246,-0.0014431626,0
1948-01-16 00:00:00,-0.11527416,-0.0023466945,-0.0014314502,0
1948-02-15 00:00:00,0.3522076,-0.0016076267,-0.00028298795,0
1948-03-16 00:00:00,1.7315536,-0.0038967729,-0.00045643747,0
1948-04-15 12:00:00,-2.254415,-0.0039344877,-0.000590235,0
1948-05-16 00:00:00,-2.4678814,-0.0018344373,-0.0015584081,0
1948-06-15 12:00:00,-0.9792005,-7.532537e-05,-0.00091579556,0
1948-07-16 00:00:00,0.608261,-0.00024601817,-0.0014080256,0
1948-08-16 00:00:00,-0.45963848,-0.0002591461,-0.0013571382,0
1948-09-15 12:00:00,1.1009964,-0.0003323108,-0.0017147958,0
1948-10-16 00:00:00,0.73043793,-0.00083464384,-0.0015811473,0
1948-11-15 12:00:00,-1.1739972,-0.0014256388,-0.00086791813,0
1948-12-16 00:00:00,1.9126028,-0.003660038,-1.2114644e-05,0
1949-01-16 00:00:00,1.9478755,-0.0011896044,0.0007407814,0
1949-02-14 12:00:00,-0.63638777,-0.0025499016,-0.001049459,0
1949-03-16 00:00:00,0.564431,-0.0053607076,-0.0019868016,0
1949-04-15 12:00:00,-0.7784718,-0.0009088218,-0.0006143302,0
1949-05-16 00:00:00,1.6055639,-0.0016662031,-0.00059226155,0
1949-06-15 12:00:00,0.25610512,-0.00021110475,-0.0014115125,0
1949-07-16 00:00:00,1.1183839,-0.00018747151,-0.0014396459,0
1949-08-16 00:00:00,-1.6886225,-0.00019596517,-0.0013014227,0
1949-09-15 12:00:00,0.89002246,-0.00044311583,-0.0014258325,0
1949-10-16 00:00:00,1.5074949,-0.00055141747,-0.001371935,0
1949-11-15 12:00:00,1.0655849,-0.0017348677,-0.000100806355,0
1949-12-16 00:00:00,-0.28303862,-0.0013753027,-0.0005057901,0
1950-01-16 00:00:00,0.9590583,-0.0044536293,-0.0004220158,0
1950-02-14 12:00:00,-0.13101315,-0.0019228905,-0.0009523481,0
1950-03-16 00:00:00,-0.04727998,-0.0021678805,-0.0005889088,0
1950-04-15 12:00:00,-0.23676983,-0.0010541528,0.00011733174,0
1950-05-16 00:00:00,-1.6032345,-0.00087982416,-0.0010041147,0
1950-06-15 12:00:00,-1.3447545,-0.0008672774,-0.0018955916,0
1950-07-16 00:00:00,-1.4449314,-0.00017535686,-0.0014861822,0
1950-08-16 00:00:00,0.7399711,-0.00029444695,-0.0015426576,0
1950-09-15 12:00:00,-0.5514299,-0.0007594228,-0.0013092756,0
1950-10-16 00:00:00,0.600756,-0.0015399903,-0.0007239133,0
1950-11-15 12:00:00,-0.036005355,-0.0027294904,-0.00047127903,0
1950-12-16 00:00:00,-1.521847,-0.00339216,-8.061528e-05,0
1951-01-16 00:00:00,0.9068995,-0.004059747,-0.00046862662,0
1951-02-14 12:00:00,0.26573753,-0.0021028072,-0.000585109,0
1951-03-16 00:00:00,0.7643793,-0.001064077,-0.00062550604,0
1951-04-15 12:00:00,-0.0606769,-0.0022043437,-0.0007664263,0
1951-05-16 00:00:00,0.36132675,-0.0017984658,-0.0015375912,0
1951-06-15 12:00:00,0.35839352,0.000310719,-0.0015299618,0
1951-07-16 00:00:00,-0.07968573,-3.0979514e-05,-0.0014261752,0
1951-08-16 00:00:00,1.3558494,-0.00036095083,-0.001133725,0
1951-09-15 12:00:00,0.4294352,-0.00038145483,-0.001487866,0
1951-10-16 00:00:00,0.29686463,-0.0015679002,-0.0008691251,0
1951-11-15 12:00:00,1.1066436,-0.0017490834,-0.00019933283,0
1951-12-16 00:00:00,0.5249791,-0.004104629,-0.00072585046,0
1952-01-16 00:00:00,-1.534761,-0.004241213,-0.0011065453,0
1952-02-15 00:00:00,-1.0761867,-0.0021412224,-0.00038178265,0
1952-03-16 00:00:00,-0.57150406,-0.0039498806,-0.0011825562,0
1952-04-15 12:00:00,-0.18711217,-0.0022130907,-0.0009197444,0
1952-05-16 00:00:00,0.22042933,-0.00046223402,-0.0009836406,0
1952-06-15 12:00:00,-0.4789443,-0.0012162179,-0.0020081252,0
1952-07-16 00:00:00,-1.4890525,0.00011308491,-0.0010686368,0
1952-08-16 00:00:00,-1.649718,-0.000170663,-0.0014225096,0
1952-09-15 12:00:00,0.50250244,-0.0010104626,-0.001703158,0
1952-10-16 00:00:00,0.7934613,-0.0003632158,-0.001487419,0
1952-11-15 12:00:00,-0.40395528,-0.002583772,-0.00056000054,0
1952-12-16 00:00:00,0.15257983,-0.0062259585,-0.000529632,0
1953-01-16 00:00:00,-0.4292404,-0.003809914,-0.0012168586,0
1953-02-14 12:00:00,-0.50678825,-0.00053964555,-0.00083884597,0
1953-03-16 00:00:00,0.8158295,-0.0018827468,-0.00094234943,0
1953-04-15 12:00:00,0.07211189,-0.0012652427,-0.0001283437,0
1953-05-16 00:00:00,1.7211721,-0.0021297485,-0.0021236092,0
1953-06-15 12:00:00,-0.33547592,-0.0003387481,-0.0015032887,0
1953-07-16 00:00:00,0.2103132,-0.00015102327,-0.0015692115,0
1953-08-16 00:00:00,0.48291057,-0.00047172606,-0.0014390945,0
1953-09-15 12:00:00,0.4141407,-0.00045068562,-0.0014729947,0
1953-10-16 00:00:00,-0.36836442,-0.0015787184,-0.0009354353,0
1953-11-15 12:00:00,-2.4207318,-0.0021355897,-0.0008111894,0
1953-12-16 00:00:00,-0.20879892,-0.0006092489,-0.0007621348,0
1954-01-16 00:00:00,-0.094274476,-0.0026135296,-0.00079123676,0
1954-02-14 12:00:00,-1.2396761,-0.0010989457,-0.0006109029,0
1954-03-16 00:00:00,0.18265556,-0.0033983737,-0.0006490648,0
1954-04-15 12:00:00,1.9211645,-0.0014454126,-0.00178954,0
1954-05-16 00:00:00,-0.33989722,-0.00060622394,-0.0019158274,0
1954-06-15 12:00:00,1.328466,-0.0007953495,-0.0020173043,0
1954-07-16 00:00:00,1.0775285,-6.610155e-05,-0.0014537722,0
1954-08-16 00:00:00,-1.3511604,-0.00031207502,-0.0014159232,0
1954-09-15 12:00:00,-0.5767153,-0.00024063885,-0.0014664531,0
1954-10-16 00:00:00,1.3619303,-0.0003450364,-0.0015033036,0
1954-11-15 12:00:00,1.3099539,-0.0023419708,-0.00033985078,0
1954-12-16 00:00:00,-1.1494955,-0.0024585724,0.00046867132,0
1955-01-16 00:00:00,-0.077754095,-0.0024410337,0.00027675927,0
1955-02-14 12:00:00,0.08628748,-0.0005865246,-0.0004941076,0
1955-03-16 00:00:00,0.088587016,-0.0007107407,-0.0011080056,0
1955-04-15 12:00:00,-0.0808135,-0.0021562576,-0.000196293,0
1955-05-16 00:00:00,0.06584291,-0.001126036,-0.0009358078,0
1955-06-15 12:00:00,0.32978636,-0.00056920946,-0.0015456825,0
1955-07-16 00:00:00,0.026794836,-0.00011487305,-0.0014541894,0
1955-08-16 00:00:00,-1.2887243,-0.00015950203,-0.0014524609,0
1955-09-15 12:00:00,0.6286601,-0.00026369095,-0.0016449541,0
1955-10-16 00:00:00,-0.21569423,-0.00072966516,-0.0011963993,0
1955-11-15 12:00:00,0.5918034,-0.0018395633,1.7270446e-05,0
1955-12-16 00:00:00,-0.05554032,-0.004508555,5.748868e-05,0
1956-01-16 00:00:00,-0.40273282,-0.0036418438,0.00069256127,0
1956-02-15 00:00:00,0.39273828,-0.0016409755,-0.00093372166,0
1956-03-16 00:00:00,-0.71236145,-0.0001770109,-0.0005711317,0
1956-04-15 12:00:00,-0.79765606,-0.0020314306,-0.0009790361,0
1956-05-16 00:00:00,1.635227,-0.0021284372,-0.0014154613,0
1956-06-15 12:00:00,0.24032928,-0.00045986474,-0.0015095025,0
1956-07-16 00:00:00,0.57106304,9.521842e-05,-0.0015755147,0
1956-08-16 00:00:00,-1.026495,-0.00020048022,-0.0013310164,0
1956-09-15 12:00:00,-0.50580394,-0.0005529225,-0.0013443232,0
1956-10-16 00:00:00,-0.05281768,-0.0014137328,0.0003671795,0
1956-11-15 12:00:00,-2.057362,-0.00030846894,-0.001459226,0
1956-12-16 00:00:00,-0.89139175,-0.00026786327,-0.0006941557,0
1957-01-16 00:00:00,0.12134885,-0.0028741807,-0.0007315725,0
1957-02-14 12:00:00,-0.30483592,-0.0007697493,8.158386e-05,0
1957-03-16 00:00:00,-1.3566849,-0.0026188046,8.367002e-05,0
1957-04-15 12:00:00,-0.56545156,-0.0015230924,-0.0005016327,0
1957-05-16 00:00:00,-0.51361597,-0.0032517165,-0.0017234534,0
1957-06-15 12:00:00,-0.81806636,-0.00020729005,-0.0015238523,0
1957-07-16 00:00:00,-0.5593722,-0.00025127828,-0.0013584942,0
1957-08-16 00:00:00,0.24961445,-0.00019684434,-0.0013693124,0
1957-09-15 12:00:00,-0.34165007,-0.0012618452,-0.0009072572,0
1957-10-16 00:00:00,1.4485824,-0.0018666685,-0.0016705394,0
1957-11-15 12:00:00,0.49138147,-0.0015573949,-0.00046275556,0
1957-12-16 00:00:00,0.8065845,-0.0014799833,0.00019071996,0
1958-01-16 00:00:00,0.5470437,-0.0020642579,5.289912e-06,0
1958-02-14 12:00:00,0.25313517,-0.0062294602,-0.0017899871,0
1958-03-16 00:00:00,1.6925743,-0.00420253,-0.0012823045,0
1958-04-15 12:00:00,0.080580205,-0.0034353137,-0.0009921938,0
1958-05-16 00:00:00,-0.5100478,-0.00063183904,-0.00082565844,0
1958-06-15 12:00:00,1.4741769,-0.0009845644,-0.0020478517,0
1958-07-16 00:00:00,-0.6226523,-0.00019530952,-0.0012266487,0
1958-08-16 00:00:00,0.9378134,-0.00015245378,-0.0016014874,0
1958-09-15 12:00:00,-1.8832324,-0.00038346648,-0.0012768209,0
1958-10-16 00:00:00,-0.9632249,-0.00020125508,-0.0013680309,0
1958-11-15 12:00:00,-2.4516885,-0.0010007173,-0.0008227974,0
1958-12-16 00:00:00,0.08491681,-0.0013043284,-0.0019197613,0
1959-01-16 00:00:00,0.04546709,-0.0034027845,-0.0005310178,0
1959-02-14 12:00:00,-1.4481616,-0.0035310537,-0.0014120489,0
1959-03-16 00:00:00,0.4717161,-0.0009890646,-0.0009585172,0
1959-04-15 12:00:00,1.2947571,-0.00046025217,-0.0016287416,0
1959-05-16 00:00:00,-0.32503015,-0.0010121018,-0.00066043437,0
1959-06-15 12:00:00,0.6399052,-2.9593706e-05,-0.0016254932,0
1959-07-16 00:00:00,0.3471582,-6.772578e-05,-0.0013848841,0
1959-08-16 00:00:00,-2.1120641,-0.00078238547,-0.002306208,0
1959-09-15 12:00:00,-0.10098913,-0.00021348894,-0.00017796457,0
1959-10-16 00:00:00,-1.7031194,-0.00024786592,-0.001315698,0
1959-11-15 12:00:00,0.36029547,-0.00026373565,-0.0014709085,0
1959-12-16 00:00:00,1.0369925,-0.0018440932,-0.0015775114,0
1960-01-16 00:00:00,1.3041762,-0.0021218508,5.7965517e-06,0
1960-02-15 00:00:00,0.20099209,-0.0037273765,-0.0011502206,0
1960-03-16 00:00:00,-0.26772088,-0.0013374537,-0.00049589574,0
1960-04-15 12:00:00,0.5788764,-0.0011342913,-1.5482306e-05,0
1960-05-16 00:00:00,-1.4088737,-0.000691399,-0.001394853,0
1960-06-15 12:00:00,1.2268953,-0.00020512938,-0.0015410781,0
1960-07-16 00:00:00,-0.48712468,-0.0005774498,-0.002043113,0
1960-08-16 00:00:00,-1.1275129,-0.00017163157,-0.0013968498,0
1960-09-15 12:00:00,-1.0027145,-0.000120311975,-0.0014471859,0
1960-10-16 00:00:00,-0.096818745,-2.090633e-05,-0.00068730116,0
1960-11-15 12:00:00,-0.22770837,-0.0033443123,-0.00047324598,0
1960-12-16 00:00:00,0.25626528,-0.0012550205,-0.00092448294,0
1961-01-16 00:00:00,3.1035585,-0.002712369,-0.0022525042,0
1961-02-14 12:00:00,0.56050646,-0.0021035671,-0.0010447949,0
1961-03-16 00:00:00,-0.9587736,-0.0030180514,-0.00015759468,0
1961-04-15 12:00:00,-1.5696119,-0.0009125322,-0.00071142614,0
1961-05-16 00:00:00,-1.4409301,-0.0010942072,-0.0010985136,0
1961-06-15 12:00:00,-0.5055602,-0.00044886768,-0.001682803,0
1961-07-16 00:00:00,-0.9685936,-0.00028297305,-0.0016928464,0
1961-08-16 00:00:00,-1.1068292,-0.0006465614,-0.0015737116,0
1961-09-15 12:00:00,0.69605917,-0.0008446127,-0.0010824054,0
1961-10-16 00:00:00,1.1869316,-0.0003401488,-0.0009788871,0
1961-11-15 12:00:00,0.6195127,-0.002482742,-0.00040078163,0
1961-12-16 00:00:00,0.96834874,-0.0026052743,-0.0006451607,0
1962-01-16 00:00:00,-1.0578525,-0.0019019693,-0.0006275326,0
1962-02-14 12:00:00,0.61449856,-0.0038550347,-0.0005506128,0
1962-03-16 00:00:00,-0.7632166,-0.0025910437,-0.0011931807,0
1962-04-15 12:00:00,0.76359606,-0.0006842315,-0.0013137609,0
1962-05-16 00:00:00,0.20981534,-0.0015518218,-0.0018223375,0
1962-06-15 12:00:00,0.25786048,-0.0002913475,-0.0015568584,0
1962-07-16 00:00:00,-2.2662423,-0.00011964142,-0.0010185391,0
1962-08-16 00:00:00,-0.82918787,-0.00035618246,-0.0014342666,0
1962-09-15 12:00:00,0.9813827,-0.0003299117,-0.0012779385,0
1962-10-16 00:00:00,0.0018002014,-0.0033653826,0.0005761236,0
1962-11-15 12:00:00,-2.216699,-0.0008061379,-0.0011377931,0
1962-12-16 00:00:00,-2.229995,-0.0003386885,-0.0016247481,0
1963-01-16 00:00:00,-0.048857704,-0.0034484267,-0.00013668835,0
1963-02-14 12:00:00,-0.8094376,-0.0024464577,-0.00082704425,0
1963-03-16 00:00:00,2.0398207,-0.002616778,1.5720725e-05,0
1963-04-15 12:00:00,0.20863397,-0.0031903237,-0.00033421814,0
1963-05-16 00:00:00,1.2954417,-0.0018263608,-0.0012365729,0
1963-06-15 12:00:00,0.6640613,-0.001059264,-0.0014891922,0
1963-07-16 00:00:00,-0.041612335,-0.00019566715,-0.001440838,0
1963-08-16 00:00:00,-0.7836095,-0.00023631752,-0.0016266108,0
1963-09-15 12:00:00,0.54424405,-0.0003414005,-0.0012404174,0
1963-10-16 00:00:00,1.018567,-0.00077418983,-0.0011400133,0
1963-11-15 12:00:00,-2.4537904,-0.0027691275,-0.00052414834,0
1963-12-16 00:00:00,1.0069523,-0.00043417513,-0.0010945499,0
1964-01-16 00:00:00,-1.9240637,-0.0019128621,0.0004931092,0
1964-02-15 00:00:00,-0.6778021,-0.00013752282,-0.0010484904,0
1964-03-16 00:00:00,3.0426652,-0.001845628,-6.492436e-05,0
1964-04-15 12:00:00,0.81943345,-0.00071792305,-0.0010320693,0
1964-05-16 00:00:00,0.96131015,-0.0017322898,-0.0010930151,0
1964-06-15 12:00:00,0.05795483,-0.0010893643,-0.00092227757,0
1964-07-16 00:00:00,-1.2956288,-0.00015643239,-0.0014791638,0
1964-08-16 00:00:00,-0.7770703,-0.00056162477,-0.001710847,0
1964-09-15 12:00:00,0.45986092,-6.2808394e-05,-0.001443848,0
1964-10-16 00:00:00,0.50294363,-0.0017665327,-0.001257047,0
1964-11-15 12:00:00,0.046424095,-0.002398923,-0.00014096498,0
1964-12-16 00:00:00,1.0863178,-0.0045182854,0.00019095838,0
1965-01-16 00:00:00,0.24109314,-0.0028521568,-0.0007611513,0
1965-02-14 12:00:00,-0.37373292,-0.00038085878,-0.0007452071,0
1965-03-16 00:00:00,0.77928245,-0.001884073,-0.0007943362,0
1965-04-15 12:00:00,1.9370037,-0.0039006323,-0.0010359436,0
1965-05-16 00:00:00,1.8532256,-0.0006648451,-0.0017840266,0
1965-06-15 12:00:00,-1.507998,-0.0008892566,-0.001291886,0
1965-07-16 00:00:00,-0.25604367,-0.00025255978,-0.0009480268,0
1965-08-16 00:00:00,0.89123213,-0.00022438169,-0.001178503,0
1965-09-15 12:00:00,0.58350605,-0.00050236285,-0.0013373345,0
1965-10-16 00:00:00,-1.9259006,-0.000219509,-0.0014186054,0
1965-11-15 12:00:00,1.4006172,-0.004565254,-0.0007610023,0
1965-12-16 00:00:00,1.6074463,-0.0025124997,0.00021143258,0
1966-01-16 00:00:00,1.1425523,-0.0030099005,-0.0020727366,0
1966-02-14 12:00:00,1.0599785,-0.0012506694,0.00027148426,0
1966-03-16 00:00:00,-0.45739478,-0.0010429472,-0.0015707612,0
1966-04-15 12:00:00,1.7794586,-0.00020740926,-0.001112923,0
1966-05-16 00:00:00,-1.8187562,-0.00025470555,-0.0012705922,0
1966-06-15 12:00:00,-0.18106158,-0.0005200356,-0.0018240362,0
1966-07-16 00:00:00,0.085065335,-3.9115548e-05,-0.0015782267,0
1966-08-16 00:00:00,-1.751353,-2.4750829e-05,-0.0014345199,0
1966-09-15 12:00:00,-0.21120626,-0.00024595857,-0.0016042143,0
1966-10-16 00:00:00,0.0575696,-0.00024819374,-0.001437962,0
1966-11-15 12:00:00,-0.69175816,-0.002925858,-0.0011757016,0
1966-12-16 00:00:00,0.47895133,-0.002766505,-0.00048418343,0
1967-01-16 00:00:00,0.4884737,-0.0044256,-0.0004990846,0
1967-02-14 12:00:00,1.0383614,-0.00025697052,-0.0011236519,0
1967-03-16 00:00:00,0.33941567,-0.003142178,-0.00044335425,0
1967-04-15 12:00:00,-0.5836946,-0.003434077,-0.00014458597,0
1967-05-16 00:00:00,1.3007894,-0.0003566593,-0.00078462064,0
1967-06-15 12:00:00,0.37029967,-0.0017700195,-0.0019667894,0
1967-07-16 00:00:00,0.13171397,-0.0001193732,-0.0017198622,0
1967-08-16 00:00:00,0.5879536,0.00015616417,-0.0012567788,0
1967-09-15 12:00:00,0.5590725,-0.0008472949,-0.0016556531,0
1967-10-16 00:00:00,1.1125913,-0.0008838028,-0.0013537556,0
1967-11-15 12:00:00,-1.543823,-0.0031640679,-0.0007648766,0
1967-12-16 00:00:00,-1.4001225,-0.0016401112,0.00043554604,0
1968-01-16 00:00:00,-0.4670379,-0.003395766,-0.0006354302,0
1968-02-15 00:00:00,-0.5578722,-0.0016136616,-0.0003722757,0
1968-03-16 00:00:00,0.24042663,-0.0021917522,-0.00037829578,0
1968-04-15 12:00:00,0.6931417,-0.00063583255,-0.0010500103,0
1968-05-16 00:00:00,-1.3889881,-0.0010925084,-0.0011996031,0
1968-06-15 12:00:00,-0.7504412,-0.00087994337,-0.0016748905,0
1968-07-16 00:00:00,-0.71041524,-0.00037907064,-0.0021476,0
1968-08-16 00:00:00,0.837184,-0.00029541552,-0.0021740347,0
1968-09-15 12:00:00,1.2916085,-0.00037936866,-0.0014001876,0
1968-10-16 00:00:00,-0.53541744,-0.00049957633,-0.00049959123,0
1968-11-15 12:00:00,-0.2435857,-0.0021699816,-9.959936e-05,0
1968-12-16 00:00:00,0.344761,-0.003548339,-0.00052420795,0
1969-01-16 00:00:00,-0.17688647,-0.0052440166,-0.0016497821,0
1969-02-14 12:00:00,0.6507529,-0.005722791,-0.0017807484,0
1969-03-16 00:00:00,-1.3635279,-0.00070361793,-0.0008879751,0
1969-04-15 12:00:00,2.813338,-0.0016367137,0.00031529367,0
1969-05-16 00:00:00,1.5253392,-0.0006404817,-0.0014556646,0
1969-06-15 12:00:00,-1.0855509,-0.0016716421,-0.0015728921,0
1969-07-16 00:00:00,0.6617209,-0.0001295507,-0.0015478879,0
1969-08-16 00:00:00,1.1898366,-0.00015699863,-0.0014429241,0
1969-09-15 12:00:00,-0.12049176,-0.00021035969,-0.0014367551,0
1969-10-16 00:00:00,-1.1347909,-0.0012788028,-0.0013696402,0
1969-11-15 12:00:00,-0.7303964,-0.0019341856,-0.00058217347,0
1969-12-16 00:00:00,0.10517391,-0.002800718,-0.00070412457,0
1970-01-16 00:00:00,-0.6684645,-0.0046200305,-0.0003888309,0
1970-02-14 12:00:00,1.2769377,-0.0014511198,-0.00062687695,0
1970-03-16 00:00:00,-2.4500017,-0.0005234778,-0.000786528,0
1970-04-15 12:00:00,0.27875394,-0.0013127029,-0.0013631135,0
1970-05-16 00:00:00,-0.16927147,-0.00032567978,-0.0015034527,0
1970-06-15 12:00:00,0.63240504,-0.001277551,-0.0012148768,0
1970-07-16 00:00:00,0.49761546,-0.00019401312,-0.0016434938,0
1970-08-16 00:00:00,-1.5869222,-0.00017003715,-0.001568824,0
1970-09-15 12:00:00,1.6092314,-0.00032140315,-0.0014471859,0
1970-10-16 00:00:00,-0.34123665,-0.0011421889,-0.0012622327,0
1970-11-15 12:00:00,-0.75437564,-0.0037441403,0.0003633052,0
1970-12-16 00:00:00,0.3042332,-0.0034038872,-0.0013406128,0
1971-01-16 00:00:00,-1.4281597,-0.0006453544,0.00021490455,0
1971-02-14 12:00:00,1.7002805,-0.00089780986,-0.00036610663,0
1971-03-16 00:00:00,0.54187113,-0.0021751374,0.00010512769,0
1971-04-15 12:00:00,-0.18700914,-0.001473859,-0.0015335828,0
1971-05-16 00:00:00,0.36056,-0.0017742366,-0.00021404028,0
1971-06-15 12:00:00,0.124350116,-0.0006633848,-0.0014670938,0
1971-07-16 00:00:00,1.6447095,2.4750829e-05,-0.0013549924,0
1971-08-16 00:00:00,0.38942164,-0.00015746057,-0.0015411228,0
1971-09-15 12:00:00,0.59643906,-0.00040955842,-0.0013222843,0
1971-10-16 00:00:00,0.26358902,-0.0009472221,-0.0013170391,0
1971-11-15 12:00:00,2.111944,-0.001226455,0.00019040704,0
1971-12-16 00:00:00,-1.5101744,-0.0037467629,-0.0008113533,0
1972-01-16 00:00:00,0.6319679,-0.0004991591,-0.0009561926,0
1972-02-15 00:00:00,0.048695605,-0.0011937022,-0.00041136146,0
1972-03-16 00:00:00,-0.6177286,-0.00080530345,-0.0015371889,0
1972-04-15 12:00:00,1.1274759,-0.00067695975,-0.0006558001,0
1972-05-16 00:00:00,0.53939396,-0.0007965714,-0.001658529,0
1972-06-15 12:00:00,-0.37701425,-0.00013774633,-0.0011095405,0
1972-07-16 00:00:00,0.8400668,-0.00018249452,-0.0013697892,0
1972-08-16 00:00:00,0.19333902,-0.00011090934,-0.0014579445,0
1972-09-15 12:00:00,-0.36674625,-0.0006041974,-0.0017200559,0
1972-10-16 00:00:00,-0.38544452,-0.0021009594,-0.0013227016,0
1972-11-15 12:00:00,-1.2726312,-0.004586205,-0.0013096482,0
1972-12-16 00:00:00,0.5657384,-0.0024550557,9.0911984e-05,0
1973-01-16 00:00:00,-1.7646872,-0.00485076,-0.0012362152,0
1973-02-14 12:00:00,-0.26217705,-0.004216358,-0.0013794452,0
1973-03-16 00:00:00,-0.7561582,-0.003117755,-0.0010045618,0
1973-04-15 12:00:00,-0.47858977,-0.0006507486,-0.0014350265,0
1973-05-16 00:00:00,1.3388709,-0.00066019595,-0.0016592294,0
1973-06-15 12:00:00,1.3349104,-0.00029595196,-0.0013367683,0
1973-07-16 00:00:00,0.55045706,-0.000184834,-0.001231432,0
1973-08-16 00:00:00,1.2735528,0.00016374886,-0.00086320937,0
1973-09-15 12:00:00,-2.1971617,-0.00044763088,-0.0014795214,0
1973-10-16 00:00:00,0.5052431,-0.002146408,-0.0014483482,0
1973-11-15 12:00:00,1.1664433,-0.005140722,-0.0015017837,0
1973-12-16 00:00:00,-1.2663952,-0.0028485805,-0.0005774647,0
1974-01-16 00:00:00,-0.16037406,-0.0034881532,-0.0015523583,0
1974-02-14 12:00:00,0.00904783,-0.0018307418,-0.0014527887,0
1974-03-16 00:00:00,-0.60368234,-0.00405474,-0.001913622,0
1974-04-15 12:00:00,1.2517055,-0.0020991564,-0.0006248802,0
1974-05-16 00:00:00,-1.0569147,-0.00026476383,-0.0014000982,0
1974-06-15 12:00:00,0.82169014,-0.0007394403,-0.0015210956,0
1974-07-16 00:00:00,0.8252764,-0.0006478578,-0.0005698949,0
1974-08-16 00:00:00,-0.80551106,-0.00027780235,-0.001469031,0
1974-09-15 12:00:00,0.6558653,-0.00018294156,-0.0014566332,0
1974-10-16 00:00:00,1.1639981,-0.0023418516,-0.0017160624,0
1974-11-15 12:00:00,-0.6676663,-0.0010990798,-0.0009811223,0
1974-12-16 00:00:00,-0.6449762,-0.004010573,-0.0010918528,0
1975-01-16 00:00:00,0.059844997,-0.0016091019,-0.00032371283,0
1975-02-14 12:00:00,-0.8976867,-0.0035559386,0.00011153519,0
1975-03-16 00:00:00,2.3490205,-0.004159093,-0.0005929917,0
1975-04-15 12:00:00,-1.1470466,-0.0015551299,-0.00077076256,0
1975-05-16 00:00:00,1.1329525,-0.0005803257,-0.0012672395,0
1975-06-15 12:00:00,-0.095879294,-0.00080280006,-0.0016373843,0
1975-07-16 00:00:00,0.0150106,-4.659593e-05,-0.0013386607,0
1975-08-16 00:00:00,0.37487042,0.00020362437,-0.0014208406,0
1975-09-15 12:00:00,1.5852265,-0.00033916533,-0.0014718324,0
1975-10-16 00:00:00,-1.1506848,-0.0018437058,-0.00063459575,0
1975-11-15 12:00:00,0.74774027,-0.001403287,-0.0008100867,0
1975-12-16 00:00:00,0.32572058,-0.0003285408,-0.00089271367,0
1976-01-16 00:00:00,1.8895264,-0.00036470592,-0.0014204532,0
1976-02-15 00:00:00,-0.60261285,-0.002040416,-7.463992e-05,0
1976-03-16 00:00:00,-2.1159475,-0.0007402152,2.2605062e-05,0
1976-04-15 12:00:00,2.1317434,-0.0025020689,-0.0014187247,0
1976-05-16 00:00:00,1.8484406,-0.00071279705,-0.0017573833,0
1976-06-15 12:00:00,-0.9288611,-0.0007634312,-0.0016363114,0
1976-07-16 00:00:00,1.288131,-0.00055997074,-0.0016738921,0
1976-08-16 00:00:00,1.3854212,-0.0023399293,-0.0013656765,0
1976-09-15 12:00:00,0.021015761,-0.0019592792,-0.0015298575,0
1976-10-16 00:00:00,-1.5897809,-0.0010951012,-0.0011987388,0
1976-11-15 12:00:00,0.49112502,-0.0012835562,-0.0020036846,0
1976-12-16 00:00:00,0.11938111,-0.0008904934,-0.0010043085,0
1977-01-16 00:00:00,1.9462683,-0.0022013038,-0.00055873394,0
1977-02-14 12:00:00,0.16703779,-0.0014061928,-0.0013418347,0
1977-03-16 00:00:00,1.5576653,-0.0014815181,-0.00014968216,0
1977-04-15 12:00:00,0.718534,-0.0007068813,-0.0014507622,0
1977-05-16 00:00:00,0.40350842,-0.0018155426,-0.00042504072,0
1977-06-15 12:00:00,-0.19523199,-0.0013860017,-0.001993969,0
1977-07-16 00:00:00,1.460058,-0.00024917722,-0.0016019195,0
1977-08-16 00:00:00,-0.57213485,-0.00021132827,-0.0014188737,0
1977-09-15 12:00:00,-0.1539052,-0.00046087801,-0.0014109612,0
1977-10-16 00:00:00,-0.20280574,-0.00040699542,-0.0013989657,0
1977-11-15 12:00:00,-0.1355001,-0.0016953498,-0.0007523447,0
1977-12-16 00:00:00,0.40157163,-0.0040213317,-0.0015021414,0
1978-01-16 00:00:00,0.16034411,-0.0050872266,-0.0013016611,0
1978-02-14 12:00:00,1.3589617,-0.0037311316,-0.001015231,0
1978-03-16 00:00:00,0.780777,-0.0030688792,-0.0018295497,0
1978-04-15 12:00:00,1.0920341,-0.0028046519,-0.0008857101,0
1978-05-16 00:00:00,0.2074627,-0.00016377866,-0.001109317,0
1978-06-15 12:00:00,1.541236,-0.00032754242,-0.0013091117,0
1978-07-16 00:00:00,-0.72998744,-0.00020128489,-0.0014390498,0
1978-08-16 00:00:00,0.7885952,-0.00017853081,-0.0016040057,0
1978-09-15 12:00:00,-1.2859813,-0.0010802746,-0.00052542984,0
1978-10-16 00:00:00,-1.4043552,-0.00037892163,-0.0015249401,0
1978-11-15 12:00:00,-0.4963606,0.0001437217,-4.9635768e-05,0
1978-12-16 00:00:00,0.6466501,-0.00081685185,-0.00026971102,0
1979-01-16 00:00:00,-0.63493645,-0.0039808303,-0.0015213639,0
1979-02-14 12:00:00,0.8726061,-0.0033040047,-0.00057560205,0
1979-03-16 00:00:00,-0.70977616,-0.0031368732,-0.0005301237,0
1979-04-15 12:00:00,-0.5047384,-0.0011262745,-0.00085404515,0
1979-05-16 00:00:00,-0.7589742,-0.00068745017,-0.0013420731,0
1979-06-15 12:00:00,0.85511345,-0.00029690564,-0.0013538599,0
1979-07-16 00:00:00,-0.0050058593,-0.00041247904,-0.0012409985,0
1979-08-16 00:00:00,-0.63413715,-0.00082434714,-0.0015351027,0
1979-09-15 12:00:00,2.0089288,-0.00024926662,-0.0015780777,0
1979-10-16 00:00:00,1.5189464,-0.0017948598,-0.0013031512,0
1979-11-15 12:00:00,-0.07118392,-0.0031678975,-0.001883015,0
1979-12-16 00:00:00,-1.1347957,-0.003835246,-0.0007482618,0
1980-01-16 00:00:00,0.6263951,-0.0030474514,0.00026021898,0
1980-02-15 00:00:00,-0.8960256,-0.0041850954,-0.0010985136,0
1980-03-16 00:00:00,0.08494495,-0.0018439144,-0.0016357154,0
1980-04-15 12:00:00,-0.23660281,-0.0015458316,-0.00020083785,0
1980-05-16 00:00:00,0.1413535,-0.002147302,-0.0013251305,0
1980-06-15 12:00:00,0.22525819,-8.0659986e-05,-0.0011554062,0
1980-07-16 00:00:00,0.46939248,-0.00084744394,-0.0017610639,0
1980-08-16 00:00:00,1.0398443,-0.0003053993,-0.0013525635,0
1980-09-15 12:00:00,0.09251735,-0.00054077804,-0.001211226,0
1980-10-16 00:00:00,-0.6324609,-0.00032059848,-0.0012802035,0
1980-11-15 12:00:00,0.31509656,-0.00084255636,-0.0016170889,0
1980-12-16 00:00:00,-0.31357253,-0.0018004924,-0.001178965,0
1981-01-16 00:00:00,-1.3179907,-0.004431352,-0.0017758757,0
1981-02-14 12:00:00,1.8614335,-0.0013479441,-0.00045232475,0
1981-03-16 00:00:00,-0.3074913,-0.0035420805,-0.0011979789,0
1981-04-15 12:00:00,-0.89172345,-0.00021137297,-0.00040626526,0
1981-05-16 00:00:00,-2.3321154,-0.0017379075,-0.00179331,0
1981-06-15 12:00:00,0.63664,-0.00016342103,-0.001566127,0
1981-07-16 00:00:00,-0.2535165,-0.00020240247,-0.0015170425,0
1981-08-16 00:00:00,-0.77429616,-0.00032629073,-0.0014875531,0
1981-09-15 12:00:00,-2.35891,-0.0004606098,-0.0015407652,0
1981-10-16 00:00:00,-0.7166203,-0.002281472,-0.0006016642,0
1981-11-15 12:00:00,0.684432,-0.0036234409,-0.0005734712,0
1981-12-16 00:00:00,-0.5022531,-0.0038350374,-0.00020302832,0
1982-01-16 00:00:00,-0.6985279,-0.0036931485,0.0004377514,0
1982-02-14 12:00:00,-0.9353665,-0.0027153343,-0.0008060783,0
1982-03-16 00:00:00,0.2355761,-0.0038283318,-0.0011472851,0
1982-04-15 12:00:00,0.23197015,-0.002220586,-0.000699684,0
1982-05-16 00:00:00,0.30174667,-0.00039613247,-0.0013936311,0
1982-06-15 12:00:00,-0.052919984,-0.0015748888,-0.0013460666,0
1982-07-16 00:00:00,0.23309706,-0.00024570525,-0.0015050918,0
1982-08-16 00:00:00,-0.20019273,-0.00017918646,-0.0014639646,0
1982-09-15 12:00:00,-1.3856184,-0.002091214,-0.0008088201,0
1982-10-16 00:00:00,0.014048366,-0.001977995,-0.0009673089,0
1982-11-15 12:00:00,-0.25229174,-0.0041370094,-0.00082851946,0
1982-12-16 00:00:00,-0.8188478,-0.0033155233,-0.0003556162,0
1983-01-16 00:00:00,-0.24879947,-0.005394876,-0.0017614514,0
1983-02-14 12:00:00,-0.7187363,-0.0057532936,-0.002008304,0
1983-03-16 00:00:00,-0.22343665,-0.0044210106,-0.002499029,0
1983-04-15 12:00:00,-0.56337404,-0.00393185,-0.0015704334,0
1983-05-16 00:00:00,-0.8855785,-0.00060507655,-0.0013536662,0
1983-06-15 12:00:00,1.7849934,-0.00042064488,-0.0014391243,0
1983-07-16 00:00:00,3.5005295,-0.00013755262,-0.0013252944,0
1983-08-16 00:00:00,-1.0167704,-0.0017230362,-0.0012407452,0
1983-09-15 12:00:00,-1.4658291,-0.0006015152,-0.00072196126,0
1983-10-16 00:00:00,-0.01216687,-0.0016196817,-0.001085192,0
1983-11-15 12:00:00,-0.614036,-0.005420506,-0.00026498735,0
1983-12-16 00:00:00,-0.47205126,-0.005236104,-0.0007839203,0
1984-01-16 00:00:00,-0.34232223,-0.0006366074,-0.00095818937,0
1984-02-15 00:00:00,-0.31153888,-0.0017692298,-0.00014775991,0
1984-03-16 00:00:00,1.695486,-0.0018568486,-0.0012956858,0
1984-04-15 12:00:00,0.2978632,-0.0010547191,-0.001329273,0
1984-05-16 00:00:00,-0.32111114,-0.0008787066,-0.0014785677,0
1984-06-15 12:00:00,0.39918077,-0.0004285723,-0.0008788854,0
1984-07-16 00:00:00,0.5432368,-0.0003837794,-0.0021507293,0
1984-08-16 00:00:00,-0.60957646,-0.00026251376,-0.0014541,0
1984-09-15 12:00:00,1.6858466,-0.0006313771,-0.0016387701,0
1984-10-16 00:00:00,0.367328,-0.0021995753,-0.00017051399,0
1984-11-15 12:00:00,0.63484395,-0.005378738,-0.00085161626,0
1984-12-16 00:00:00,0.18942837,-0.0024931878,-0.00068221986,0
1985-01-16 00:00:00,-0.31460416,-0.00078226626,-0.0011929721,0
1985-02-14 12:00:00,-1.5758765,-0.0016591996,-0.00077293813,0
1985-03-16 00:00:00,1.9489597,-0.003175363,0.00014446676,0
1985-04-15 12:00:00,-0.5732186,-0.00065910816,-0.0006477535,0
1985-05-16 00:00:00,1.2267513,-0.0001630634,-0.0014069527,0
1985-06-15 12:00:00,-0.29277432,-0.000392735,-0.0016327351,0
1985-07-16 00:00:00,0.7760819,-0.00042238832,-0.001748398,0
1985-08-16 00:00:00,-1.0561259,-0.00023426116,-0.0014673322,0
1985-09-15 12:00:00,0.33841687,-0.00123474,-0.0012799054,0
1985-10-16 00:00:00,0.10563937,-0.0014638603,-0.0012636334,0
1985-11-15 12:00:00,-0.07508072,-0.00250642,0.0007048696,0
1985-12-16 00:00:00,1.509615,-0.0019990802,-0.0006310791,0
1986-01-16 00:00:00,-0.29993808,-0.0038168877,-0.00070489943,0
1986-02-14 12:00:00,1.1167843,-0.006012082,-0.00039857626,0
1986-03-16 00:00:00,-0.47027767,-0.004218444,-0.0011989325,0
1986-04-15 12:00:00,-1.8940276,-0.0011583865,-0.0017623454,0
1986-05-16 00:00:00,-1.2512213,-0.0005812794,-0.0011793524,0
1986-06-15 12:00:00,1.5970986,-0.00022749603,-0.0014321208,0
1986-07-16 00:00:00,1.5747948,-0.00082594156,-0.0018929094,0
1986-08-16 00:00:00,-0.73143196,-0.00014515221,-0.001316756,0
1986-09-15 12:00:00,-1.0725428,-0.0013667196,-0.0009908229,0
1986-10-16 00:00:00,-0.075821124,-0.00070923567,-0.001470685,0
1986-11-15 12:00:00,0.5903734,-0.00084753335,-0.0013089925,0
1986-12-16 00:00:00,-0.09933734,-0.0015662014,-0.0015166104,0
1987-01-16 00:00:00,1.4441214,-0.0033415705,-0.0013581067,0
1987-02-14 12:00:00,1.0021847,-0.0031542033,-0.0011444092,0
1987-03-16 00:00:00,-0.26200932,-0.0027603358,-0.00046135485,0
1987-04-15 12:00:00,0.61547977,-0.0014162511,-0.0014660209,0
1987-05-16 00:00:00,0.0141346045,-0.002937585,-0.0026754886,0
1987-06-15 12:00:00,-1.796762,-0.0006580949,-0.001504302,0
1987-07-16 00:00:00,0.32660204,-0.00030060112,-0.0014144033,0
1987-08-16 00:00:00,1.3520671,-0.0002988726,-0.0016595423,0
1987-09-15 12:00:00,0.12996845,-0.00014160573,-0.0014970899,0
1987-10-16 00:00:00,0.9886991,-0.0013278574,-0.0010048449,0
1987-11-15 12:00:00,-0.9427829,-0.0021928102,-0.0013130158,0
1987-12-16 00:00:00,0.6003986,-0.0033016354,-0.00064329803,0
1988-01-16 00:00:00,0.16746569,-0.004141137,-0.0012992322,0
1988-02-15 00:00:00,-0.35815,-0.0011309236,-0.0013067871,0
1988-03-16 00:00:00,0.8107395,-9.3474984e-05,-0.0008343309,0
1988-04-15 12:00:00,-1.3600016,-0.0027748346,-0.0010609478,0
1988-05-16 00:00:00,3.0803008,-0.0013531297,-0.0013276339,0
1988-06-15 12:00:00,0.45923805,-0.0013671368,-0.0018415004,0
1988-07-16 00:00:00,-1.2645581,-4.6893954e-05,-0.0014826506,0
1988-08-16 00:00:00,-0.6001794,-6.006658e-05,-0.0015886575,0
1988-09-15 12:00:00,1.3885205,-0.00025999546,-0.0011855364,0
1988-10-16 00:00:00,0.35275513,-0.0002283305,-0.0015594512,0
1988-11-15 12:00:00,-0.9543358,-0.0034385026,-0.00051508844,0
1988-12-16 00:00:00,0.66011554,-0.0027843714,5.7131052e-05,0
1989-01-16 00:00:00,0.096249506,-0.0015247762,-0.0010538697,0
1989-02-14 12:00:00,-0.43303424,-0.0009848326,5.866587e-05,0
1989-03-16 00:00:00,-0.8295087,-0.004847124,0.00021155179,0
1989-04-15 12:00:00,0.7031513,-0.0014430434,-0.001654312,0
1989-05-16 00:00:00,-0.686814,-0.0013042837,-0.00067560375,0
1989-06-15 12:00:00,0.03549712,-0.0006913692,-0.0012648851,0
1989-07-16 00:00:00,-0.78634095,-0.00018142164,-0.001447022,0
1989-08-16 00:00:00,0.11621913,-0.0003568381,-0.0012261122,0
1989-09-15 12:00:00,0.22316548,-0.0027519315,-0.0019839257,0
1989-10-16 00:00:00,-1.2106013,-0.0013214797,-0.0012541413,0
1989-11-15 12:00:00,0.37132704,-0.0012027919,-0.00081962347,0
1989-12-16 00:00:00,-0.045819983,-0.0002451986,-0.0014190972,0
1990-01-16 00:00:00,0.78568083,-0.00313057,5.13345e-05,0
1990-02-14 12:00:00,0.03706833,-0.0018909723,0.00018589199,0
1990-03-16 00:00:00,0.53248274,-0.0012489706,-0.00054369867,0
1990-04-15 12:00:00,-0.24533708,-0.001627773,-0.0009189397,0
1990-05-16 00:00:00,-0.26792604,-0.0022493452,-0.00064243376,0
1990-06-15 12:00:00,-0.07693035,-0.00034068525,-0.0012975186,0
1990-07-16 00:00:00,-0.11376294,2.5108457e-05,-0.0012994707,0
1990-08-16 00:00:00,0.73773396,-0.0001578182,-0.001481846,0
1990-09-15 12:00:00,1.1065959,-0.0006656647,-0.001076445,0
1990-10-16 00:00:00,0.58476925,-0.0005380362,-0.0016766936,0
1990-11-15 12:00:00,0.21100052,-0.0006355792,-0.0008985251,0
1990-12-16 00:00:00,0.089607194,-0.0016173422,-0.0008534789,0
1991-01-16 00:00:00,0.13256305,-0.0007542819,-0.0013857335,0
1991-02-14 12:00:00,-1.7227547,-0.001649946,-0.0012474656,0
1991-03-16 00:00:00,-0.89586765,-0.0069301724,-0.002121538,0
1991-04-15 12:00:00,-0.29743388,-0.0008866191,-0.0011090338,0
1991-05-16 00:00:00,0.52717125,-0.0016869009,-0.0014227182,0
1991-06-15 12:00:00,0.24917795,-0.00096462667,-0.0017193705,0
1991-07-16 00:00:00,0.6409815,-0.00023443997,-0.0015560389,0
1991-08-16 00:00:00,0.94772947,-0.00018790364,-0.0011475682,0
1991-09-15 12:00:00,0.41253763,-0.00086830556,-0.0016245991,0
1991-10-16 00:00:00,0.5991621,-0.0013765097,-0.000398919,0
1991-11-15 12:00:00,0.37216175,-0.00083243847,-0.0007060617,0
1991-12-16 00:00:00,0.005830597,-0.0021547675,-0.00087060034,0
1992-01-16 00:00:00,-0.7677488,-0.0017482042,-0.00073595345,0
1992-02-15 00:00:00,-1.392197,-0.005152419,-0.0010984987,0
1992-03-16 00:00:00,-0.2659514,-0.0029158294,-0.000954628,0
1992-04-15 12:00:00,-0.734145,-0.00043405592,-0.0009803325,0
1992-05-16 00:00:00,-0.3252871,-0.0007609725,-0.0017142445,0
1992-06-15 12:00:00,-0.4681003,-0.0012288839,-0.0017444342,0
1992-07-16 00:00:00,1.1085702,0.0001334101,-0.00054846704,0
1992-08-16 00:00:00,0.82529616,0.00024697185,-0.0013486594,0
1992-09-15 12:00:00,-0.23022467,-0.0005361289,-0.0014893264,0
1992-10-16 00:00:00,-0.7768828,-0.0022076517,-0.0012997836,0
1992-11-15 12:00:00,-1.703994,-0.00038847327,-0.0013598055,0
1992-12-16 00:00:00,0.2792848,-0.0040597916,-0.0002732277,0
1993-01-16 00:00:00,0.5102694,-0.0052313954,-0.0010330528,0
1993-02-14 12:00:00,-1.7938637,-0.0044368505,-0.0011157095,0
1993-03-16 00:00:00,0.38063598,-0.0026108772,-0.00025838614,0
1993-04-15 12:00:00,0.4392469,-0.0008596033,-0.0011163801,0
1993-05-16 00:00:00,-0.57674915,-0.0006555766,-0.0012244284,0
1993-06-15 12:00:00,0.19645019,-0.0013169199,-0.0009685457,0
1993-07-16 00:00:00,-0.8219152,-0.00026030838,-0.0014018416,0
1993-08-16 00:00:00,1.3534418,-0.00010184944,-0.0011882931,0
1993-09-15 12:00:00,0.8287513,-0.00016345084,-0.0012862682,0
1993-10-16 00:00:00,0.92477787,-0.0011887252,-0.0011803657,0
1993-11-15 12:00:00,-0.79055923,-0.0014890879,-0.0012463182,0
1993-12-16 00:00:00,-0.8632917,-0.0024934858,-0.0011904687,0
1994-01-16 00:00:00,-1.3469905,-0.0019169003,-0.0006442219,0
1994-02-14 12:00:00,0.27284083,-0.0032330751,-0.0012489855,0
1994-03-16 00:00:00,-1.24155,-0.0012178868,-0.0014065951,0
1994-04-15 12:00:00,-1.4418048,-0.0021291822,-0.0010733455,0
1994-05-16 00:00:00,0.84152013,-0.000907138,-0.0007942468,0
1994-06-15 12:00:00,0.9223769,-0.00021018088,-0.0014958531,0
1994-07-16 00:00:00,-0.4393515,-0.00016795099,-0.0014698058,0
1994-08-16 00:00:00,0.7906693,-0.00019648671,-0.001378268,0
1994-09-15 12:00:00,-0.8250978,-0.00045134127,-0.0016071498,0
1994-10-16 00:00:00,1.0439887,-0.0010776818,-0.0010007024,0
1994-11-15 12:00:00,-0.42251456,-0.0035975426,-0.0015439391,0
1994-12-16 00:00:00,1.6852193,-0.002952516,-0.00089737773,0
1995-01-16 00:00:00,0.51956666,-0.0070227385,-0.00054334104,0
1995-02-14 12:00:00,-0.059453517,-0.00028456748,-0.0006264001,0
1995-03-16 00:00:00,-0.45505583,-0.0051867515,-0.0012783557,0
1995-04-15 12:00:00,-0.59541094,-0.0023815185,1.1578202e-05,0
1995-05-16 00:00:00,0.13982564,-0.0020309985,-0.0017887205,0
1995-06-15 12:00:00,2.200969,-0.0012735575,-0.00074985623,0
1995-07-16 00:00:00,0.13804747,-0.00015749037,-0.0015237778,0
1995-08-16 00:00:00,-0.8612122,-0.00015480816,-0.0015371144,0
1995-09-15 12:00:00,2.2725031,-0.0002130419,-0.0014066696,0
1995-10-16 00:00:00,1.5306494,-0.0003874451,-0.0016353875,0
1995-11-15 12:00:00,-0.80989414,-0.00031398237,-0.0013393611,0
1995-12-16 00:00:00,1.0324811,-0.0050040036,-0.0012356341,0
1996-01-16 00:00:00,2.049284,-0.004741445,-0.00070005655,0
1996-02-15 00:00:00,0.641113,-0.004303083,-0.0015109926,0
1996-03-16 00:00:00,1.6039742,-0.0023059696,-0.0006685555,0
1996-04-15 12:00:00,-1.9041977,-0.0015782863,-0.0012901425,0
1996-05-16 00:00:00,-1.0538058,-0.0022580177,-0.0014322698,0
1996-06-15 12:00:00,0.048360698,-0.0008058697,-0.0014400631,0
1996-07-16 00:00:00,0.35910082,-0.00023983419,-0.001719147,0
1996-08-16 00:00:00,-0.9489465,-0.00012850761,-0.0015833676,0
1996-09-15 12:00:00,1.2589824,-0.00026869774,-0.0014612228,0
1996-10-16 00:00:00,-2.1310964,-0.0015164465,-0.00065808,0
1996-11-15 12:00:00,1.3900701,-0.0011609346,0.0012208074,0
1996-12-16 00:00:00,-0.22730067,-0.0057501495,-2.117455e-05,0
1997-01-16 00:00:00,-0.37004507,-0.0040702224,-0.00020435452,0
1997-02-14 12:00:00,1.697663,-0.00063715875,-0.0009587854,0
1997-03-16 00:00:00,-0.9678587,-0.0006702095,-0.0011628717,0
1997-04-15 12:00:00,-2.0268736,-0.0010086,-0.0016925484,0
1997-05-16 00:00:00,1.1867678,-0.0004312247,-0.0012355745,0
1997-06-15 12:00:00,-0.19826989,-0.0015257895,-0.001376465,0
1997-07-16 00:00:00,-0.93293136,-0.00030241907,-0.001448825,0
1997-08-16 00:00:00,1.3633454,-0.0008382797,-0.001254037,0
1997-09-15 12:00:00,-0.14592056,-0.00030829012,-0.0019197464,0
1997-10-16 00:00:00,-0.22194979,-0.0009454191,-0.0018715113,0
1997-11-15 12:00:00,-0.079288654,-0.004337713,-0.0005683452,0
1997-12-16 00:00:00,-0.35956576,-0.0030219853,-0.0016237348,0
1998-01-16 00:00:00,1.3340394,-0.005917415,-0.0013310462,0
1998-02-14 12:00:00,0.0070888093,-0.007516265,-0.0018046051,0
1998-03-16 00:00:00,0.32048893,-0.0026613325,-0.00022031367,0
1998-04-15 12:00:00,-0.4780987,-0.0025922507,-0.0007624477,0
1998-05-16 00:00:00,0.67752725,-0.0028642565,-0.0014947206,0
1998-06-15 12:00:00,-0.64604354,-0.00044846535,-0.00075764954,0
1998-07-16 00:00:00,0.9144821,-1.1101365e-05,-0.0012102872,0
1998-08-16 00:00:00,1.5000054,-0.00023762882,-0.0017235726,0
1998-09-15 12:00:00,0.2747919,-0.0010234565,-0.0015205294,0
1998-10-16 00:00:00,-1.6204336,-0.0012614727,-0.0013651699,0
1998-11-15 12:00:00,1.1201985,-0.0028257817,-0.0008921772,0
1998-12-16 00:00:00,-0.26154396,-0.0008971691,-0.00014783442,0
1999-01-16 00:00:00,0.016662322,-0.0026218593,-0.00017561018,0
1999-02-14 12:00:00,-0.021386303,-0.003703162,0.00032393634,0
1999-03-16 00:00:00,-0.88906264,-0.0025929958,-0.00093764067,0
1999-04-15 12:00:00,-0.9715291,-0.0023233294,-0.00061027706,0
1999-05-16 00:00:00,0.6580802,-0.00068573654,-0.0013954937,0
1999-06-15 12:00:00,-0.49345845,-0.00029419363,-0.0012537986,0
1999-07-16 00:00:00,0.46368775,-0.00032690167,-0.0014130175,0
1999-08-16 00:00:00,-1.008353,-0.0003708154,-0.0010745227,0
1999-09-15 12:00:00,1.1210196,-0.00015307963,-0.0015525818,0
1999-10-16 00:00:00,1.1068555,-0.0008353889,-0.0013604313,0
1999-11-15 12:00:00,-1.3620923,-0.0018558502,-0.0010974556,0
1999-12-16 00:00:00,-0.51605994,-0.0004774779,-0.0013727695,0
2000-01-16 00:00:00,-1.0016822,-0.0039126724,-0.00086553395,0
2000-02-15 00:00:00,1.1012254,-0.0054631084,-0.0019858181,0
2000-03-16 00:00:00,1.395024,-0.0017200857,-0.00083981454,0
2000-04-15 12:00:00,1.3179469,-0.0020894557,-0.0013396889,0
2000-05-16 00:00:00,-0.19423598,-0.0012598783,-0.00091157854,0
2000-06-15 12:00:00,-0.7496177,-0.00030981004,-0.0014738292,0
2000-07-16 00:00:00,-0.6493282,-0.00028298795,-0.001383096,0
2000-08-16 00:00:00,0.7690566,-0.0004886538,-0.0014529079,0
2000-09-15 12:00:00,0.46139365,-0.00046877563,-0.0011683404,0
2000-10-16 00:00:00,-0.032011867,-0.002378583,-0.000473395,0
2000-11-15 12:00:00,0.017544702,-0.0012425333,-0.0013032854,0
2000-12-16 00:00:00,2.0192719,-0.000330925,-0.0011363477,0
2001-01-16 00:00:00,2.067919,-0.0028827935,-3.1977892e-05,0
2001-02-14 12:00:00,0.045078944,-0.003370881,-0.0006982833,0
2001-03-16 00:00:00,-0.6101815,-0.0022294521,-0.00022278726,0
2001-04-15 12:00:00,0.45900917,-0.0014657229,-0.00029796362,0
2001-05-16 00:00:00,-0.66757435,-0.00021867454,-0.0014463812,0
2001-06-15 12:00:00,-0.2090985,-0.00021108985,-0.0015406907,0
2001-07-16 00:00:00,-0.32739148,-0.00024157763,-0.0015510172,0
2001-08-16 00:00:00,0.34033749,-0.00024414062,-0.001379624,0
2001-09-15 12:00:00,1.7899287,-0.0005301684,-0.00152044,0
2001-10-16 00:00:00,-0.070600785,-0.0005096048,-0.0016202182,0
2001-11-15 12:00:00,-1.3074989,-0.0037111193,-0.0011656135,0
2001-12-16 00:00:00,0.7567358,-0.004356131,-0.0016382039,0
2002-01-16 00:00:00,-0.29180557,-0.0014454275,-0.0007158965,0
2002-02-14 12:00:00,0.06943772,-0.0011603534,-0.00043295324,0
2002-03-16 00:00:00,1.0163405,-0.0014674366,-0.00029620528,0
2002-04-15 12:00:00,1.8745198,-0.0011304468,-0.0007303506,0
2002-05-16 00:00:00,-1.2024739,-0.0012845248,-0.00095432997,0
2002-06-15 12:00:00,0.03921815,-0.00023709238,-0.0012326092,0
2002-07-16 00:00:00,0.39206845,-0.000118896365,-0.0014836639,0
2002-08-16 00:00:00,0.42060283,-8.59499e-05,-0.0012482554,0
2002-09-15 12:00:00,0.8876456,-0.00016856194,-0.0011421293,0
2002-10-16 00:00:00,-1.073398,-0.0005212575,-0.001704067,0
2002-11-15 12:00:00,0.7101452,-0.0017278045,-2.4214387e-05,0
2002-12-16 00:00:00,-0.035684407,-0.006819308,-0.0004774779,0
2003-01-16 00:00:00,0.5202319,-0.0022001863,-0.0017018765,0
2003-02-14 12:00:00,-0.20484854,-0.0027039945,-0.001222983,0
2003-03-16 00:00:00,0.7502582,-0.002020985,-0.0014531165,0
2003-04-15 12:00:00,0.13428758,-0.0045841187,-0.00049065053,0
2003-05-16 00:00:00,-0.4720512,-0.00068353117,-0.0009798855,0
2003-06-15 12:00:00,0.9969382,-0.00028817356,-0.0013659894,0
2003-07-16 00:00:00,-0.84848833,-0.000324592,-0.0019807369,0
2003-08-16 00:00:00,1.1443346,-0.00025601685,-0.0015815198,0
2003-09-15 12:00:00,-0.566331,-0.00015719235,-0.001437813,0
2003-10-16 00:00:00,-0.51596826,-0.00023750961,-0.0013116747,0
2003-11-15 12:00:00,1.1539693,-0.0023716092,-0.0015172213,0
2003-12-16 00:00:00,0.3555184,-0.0041236132,-0.00016912818,0
2004-01-16 00:00:00,-0.35971665,-0.0024753064,-0.0010878295,0
2004-02-15 00:00:00,-2.0115604,-0.0035764426,-0.0007246882,0
2004-03-16 00:00:00,-0.30640435,-0.0011533052,-0.0013874769,0
2004-04-15 12:00:00,0.426296,-0.0005790442,-0.0018098801,0
2004-05-16 00:00:00,-0.23623124,-0.00023061037,-0.0015789717,0
2004-06-15 12:00:00,-0.9072567,-0.0005809516,-0.0016246289,0
2004-07-16 00:00:00,0.044681367,-0.0001475364,-0.001589939,0
2004-08-16 00:00:00,0.6542598,-0.00021024048,-0.001147911,0
2004-09-15 12:00:00,-1.0365194,-0.00040259957,-0.0015374124,0
2004-10-16 00:00:00,-1.0002167,-0.0031172186,-0.0001989305,0
2004-11-15 12:00:00,-1.0618861,-0.002294287,-0.0005546808,0
2004-12-16 00:00:00,-0.5853378,-0.0048401505,-0.0013089627,0
2005-01-16 00:00:00,0.82043993,-0.0024499148,-5.877018e-05,0
2005-02-14 12:00:00,-1.184193,-0.0031968206,-0.0009729266,0
2005-03-16 00:00:00,-0.26714933,-0.0026599616,-0.0008882135,0
2005-04-15 12:00:00,-1.2181934,-0.0022777468,-0.00082305074,0
2005-05-16 00:00:00,1.4355788,-0.0021999776,-0.00061160326,0
2005-06-15 12:00:00,0.4723934,-0.000671193,-0.0010820478,0
2005-07-16 00:00:00,-0.3590092,-0.00023928285,-0.001521647,0
2005-08-16 00:00:00,0.4100989,-0.00013560057,-0.0016135424,0
2005-09-15 12:00:00,0.09618162,-0.00046421587,-0.0013283342,0
2005-10-16 00:00:00,-0.45721924,-0.0006381124,-0.0013601482,0
2005-11-15 12:00:00,0.41276246,-0.0018137395,-0.00031794608,0
2005-12-16 00:00:00,-0.7843899,-0.0065146536,0.00021353364,0
2006-01-16 00:00:00,-0.4474069,-0.0035392493,-0.0013874918,0
2006-02-14 12:00:00,1.4076084,-0.001722604,-1.6704202e-05,0
2006-03-16 00:00:00,-0.1045591,-0.005643636,-0.0011990517,0
2006-04-15 12:00:00,-0.045331992,-0.003533274,-0.0018508881,0
2006-05-16 00:00:00,-1.5202818,-0.0004030168,-0.0010885447,0
2006-06-15 12:00:00,-0.07964117,-0.00044463575,-0.0016416758,0
2006-07-16 00:00:00,0.56814307,-0.0003094524,-0.0017027855,0
2006-08-16 00:00:00,0.68866026,-0.0001899898,-0.0015207678,0
2006-09-15 12:00:00,-0.02568336,-0.00025896728,-0.0014303327,0
2006-10-16 00:00:00,0.20063096,-0.0011478066,-0.00078617036,0
2006-11-15 12:00:00,-0.49570394,-0.0023140758,-0.0009189099,0
2006-12-16 00:00:00,-0.7203694,-0.0027250797,-0.0010985434,0
2007-01-16 00:00:00,0.68836856,-0.0012215078,-0.0009238869,0
2007-02-14 12:00:00,-0.11078802,-0.0026126653,0.000118121505,0
2007-03-16 00:00:00,-0.2018697,-0.00064750016,-0.0015262365,0
2007-04-15 12:00:00,1.5669669,-0.0020260364,-0.0016188174,0
2007-05-16 00:00:00,-1.4121176,-0.0004951656,-0.0012314171,0
2007-06-15 12:00:00,1.3751001,-0.00040459633,-0.0013859272,0
2007-07-16 00:00:00,0.005560681,-0.00028975308,-0.0017417222,0
2007-08-16 00:00:00,-0.42437017,-0.00018291175,-0.001428917,0
2007-09-15 12:00:00,0.9811855,-0.0008815378,-0.0016614199,0
2007-10-16 00:00:00,2.3597214,-0.0020111054,-0.0013999343,0
2007-11-15 12:00:00,0.21411726,-0.00096547604,-0.0014530718,0
2007-12-16 00:00:00,-0.8628398,-0.0021847785,-0.00026281178,0
2008-01-16 00:00:00,-1.3404903,-0.0057727844,-0.0013952404,0
2008-02-15 00:00:00,-1.3504608,-0.0020021051,-0.00036798418,0
2008-03-16 00:00:00,0.11799017,-0.0006223321,-0.0009924173,0
2008-04-15 12:00:00,0.9308785,-0.0006298423,-0.0010658354,0
2008-05-16 00:00:00,-0.4036696,-0.0011240393,-0.0016259402,0
2008-06-15 12:00:00,0.5797315,-0.00023637712,-0.0015207231,0
2008-07-16 00:00:00,-0.29894188,-0.00029829144,-0.0018530935,0
2008-08-16 00:00:00,0.08151927,-0.00029341877,-0.001598388,0
2008-09-15 12:00:00,2.6143866,-0.00025770068,-0.0015637577,0
2008-10-16 00:00:00,-0.34060413,-0.0007208437,-0.0014527738,0
2008-11-15 12:00:00,-0.6502767,-0.0013004392,-0.00019569695,0
2008-12-16 00:00:00,-0.91750425,-0.0019534081,0.00042381883,0
2009-01-16 00:00:00,0.16068134,-0.001643315,-3.3035874e-05,0
2009-02-14 12:00:00,0.1731389,-0.0045814514,-2.0161271e-05,0
2009-03-16 00:00:00,0.43121964,-0.0016120523,-0.0010544509,0
2009-04-15 12:00:00,-1.035041,-0.0006290227,-0.0013955683,0
2009-05-16 00:00:00,1.954536,-0.0011308491,-0.0010493845,0
2009-06-15 12:00:00,-0.15375312,-0.0011177808,-0.0015553385,0
2009-07-16 00:00:00,1.6610814,-0.0003079176,-0.001436621,0
2009-08-16 00:00:00,-0.9306637,-0.00025700033,-0.0015459508,0
2009-09-15 12:00:00,-0.07821753,-0.0002528131,-0.0015418679,0
2009-10-16 00:00:00,-0.7426037,-0.00255467,-0.0009088814,0
2009-11-15 12:00:00,-0.24120195,-0.0003055632,-0.0010675341,0
2009-12-16 00:00:00,-1.5262729,-0.0026111454,-0.0007048547,0
2010-01-16 00:00:00,0.546532,-0.005259022,-0.0011481345,0
2010-02-14 12:00:00,-0.2444531,-0.0034960955,-0.0012606531,0
2010-03-16 00:00:00,-1.5857233,-0.001653567,-0.0003774315,0
2010-04-15 12:00:00,-0.4482447,-0.0036733001,-0.0013044775,0
2010-05-16 00:00:00,0.35102373,-0.0019760877,-0.0010332465,0
2010-06-15 12:00:00,-0.76875615,-0.00023707747,-0.0011743754,0
2010-07-16 00:00:00,1.5227494,-0.0001641959,-0.0015038699,0
2010-08-16 00:00:00,-1.2299085,-0.00034718215,-0.0014623851,0
2010-09-15 12:00:00,-1.1364324,-0.00049465895,-0.001378566,0
2010-10-16 00:00:00,0.47332078,-0.0023905784,-0.0016482025,0
2010-11-15 12:00:00,-0.2195289,-0.0020717084,-0.0003374368,0
2010-12-16 00:00:00,-0.46102878,-0.0044982433,-0.000720039,0
2011-01-16 00:00:00,0.07794676,-0.001166746,9.575486e-05,0
2011-02-14 12:00:00,-0.9278885,-0.0025572926,7.5548887e-06,0
2011-03-16 00:00:00,0.81462204,-0.0046986043,-0.0009306222,0
2011-04-15 12:00:00,0.9113263,-0.0013912618,-0.00035382807,0
2011-05-16 00:00:00,-0.33715767,-0.0015968382,-0.000786379,0
2011-06-15 12:00:00,0.36461908,-0.0016610771,0.0004967153,0
2011-07-16 00:00:00,1.416147,-0.00022903085,-0.0014739782,0
2011-08-16 00:00:00,0.5389295,-0.00028200448,-0.0012769997,0
2011-09-15 12:00:00,-1.3849653,-0.0003285855,-0.0017647892,0
2011-10-16 00:00:00,-0.442671,-0.0019654185,-0.0016910583,0
2011-11-15 12:00:00,0.3664366,-0.0019130111,-0.00067538023,0
2011-12-16 00:00:00,0.8498444,-0.00033907592,-0.0014130622,0
2012-01-16 00:00:00,0.99987805,-0.0024653822,-0.00057433546,0
2012-02-15 00:00:00,-1.3879925,-0.0011489838,-0.00083728135,0
2012-03-16 00:00:00,1.0117481,-0.0037685484,-0.0008505434,0
2012-04-15 12:00:00,-0.99113154,-0.001776129,-0.0005133897,0
2012-05-16 00:00:00,-0.7162117,-0.00054201484,-0.001438275,0
2012-06-15 12:00:00,-0.8723634,-0.00060266256,-0.001419127,0
2012-07-16 00:00:00,-1.4581482,-0.00018945336,-0.0013360679,0
2012-08-16 00:00:00,-0.89751726,-0.00027181208,-0.0015938282,0
2012-09-15 12:00:00,0.041648548,-0.00031541288,-0.0015781224,0
2012-10-16 00:00:00,1.7961231,-0.0013860315,-0.0010821968,0
2012-11-15 12:00:00,0.29939854,-0.004270971,-0.0016055107,0
2012-12-16 00:00:00,-0.39601398,-0.0043358356,-0.0003180951,0
2013-01-16 00:00:00,1.3641905,-0.0005002469,-0.00065235794,0
2013-02-14 12:00:00,1.2301266,-0.0005892962,-0.0010299832,0
2013-03-16 00:00:00,0.5555432,-0.001216203,-0.0011624694,0
2013-04-15 12:00:00,2.6821647,-0.0008440465,-0.0013193935,0
2013-05-16 00:00:00,1.7308425,-0.00047035515,-0.0013486594,0
2013-06-15 12:00:00,0.06466841,-0.00049109757,-0.0015942305,0
2013-07-16 00:00:00,0.015060584,-2.6896596e-05,-0.0015464276,0
2013-08-16 00:00:00,-1.4341224,-0.00021342933,-0.0014487952,0
2013-09-15 12:00:00,-0.48010215,-0.00066533685,-0.00161089,0
2013-10-16 00:00:00,0.12100889,-0.0006092787,-0.0008918196,0
2013-11-15 12:00:00,-0.19580862,-0.0009415597,-0.0014868975,0
2013-12-16 00:00:00,-1.6787546,-0.00051033497,-0.0009474158,0
2014-01-16 00:00:00,-1.2139187,-0.0007966161,-0.00075542927,0
2014-02-14 12:00:00,0.064739585,-0.004566774,-0.0010036081,0
2014-03-16 00:00:00,-0.01272661,-0.0023437142,-0.00048072636,0
2014-04-15 12:00:00,2.5641525,-0.0010676086,-5.5253506e-05,0
2014-05-16 00:00:00,-0.6830886,-0.0008456558,-0.00152044,0
2014-06-15 12:00:00,-0.30414486,-0.00024060905,-0.0014300793,0
2014-07-16 00:00:00,-1.6790991,-0.00044949353,-0.0018316358,0
2014-08-16 00:00:00,0.75721514,-0.00020544231,-0.0008639842,0
2014-09-15 12:00:00,-1.5820332,-0.0015112311,-0.0015748143,0
2014-10-16 00:00:00,0.98446506,-0.00074474514,-0.0018658489,0
2014-11-15 12:00:00,-0.14158411,-0.0023533553,-0.0013768524,0
2014-12-16 00:00:00,-0.8533501,-0.0064030737,-0.0021243095,0
2015-01-16 00:00:00,0.27611005,-0.00015218556,-0.0012623221,0
2015-02-14 12:00:00,1.7254812,-0.0020845085,-0.00059376657,0
2015-03-16 00:00:00,-0.6713546,-0.00033386052,-0.0013082922,0
2015-04-15 12:00:00,-0.004254045,-0.0016628206,-0.0013208836,0
2015-05-16 00:00:00,-0.65894604,-0.001649797,-0.0013662726,0
2015-06-15 12:00:00,0.36941597,-0.0004005432,-0.0015423,0
2015-07-16 00:00:00,-0.75325483,-0.0010433644,-0.0018930435,0
2015-08-16 00:00:00,-0.24084355,-0.00020292401,-0.0013918579,0
2015-09-15 12:00:00,-1.1630008,-0.0002347529,-0.0015643537,0
2015-10-16 00:00:00,0.5877063,-0.0012306422,-0.0015253574,0
2015-11-15 12:00:00,-0.9314849,-0.0020332932,-0.00030703843,0
2015-12-16 00:00:00,-0.2824269,-0.0031281263,0.00042408705,0
2016-01-16 00:00:00,-0.88438714,-0.0045720637,-0.0009583682,0
2016-02-15 00:00:00,0.8241051,-0.00061921775,-0.001343593,0
2016-03-16 00:00:00,0.32367805,-0.0046074092,-0.00086703897,0
2016-04-15 12:00:00,0.15230791,-0.0008585453,-0.0010948181,0
2016-05-16 00:00:00,-1.8828592,-0.0011343062,-0.002244845,0
2016-06-15 12:00:00,-0.003787992,-0.00019679964,-0.001516223,0
2016-07-16 00:00:00,0.854109,-0.00023008883,-0.0013586134,0
2016-08-16 00:00:00,0.4677087,-0.00024577975,-0.0015785098,0
2016-09-15 12:00:00,0.6218078,-0.00031356514,-0.0015254319,0
2016-10-16 00:00:00,0.5415733,-0.0037339479,-0.0011341721,0
2016-11-15 12:00:00,0.38608682,-0.0025023818,-0.0011263192,0
2016-12-16 00:00:00,0.36921915,-0.0020178854,-0.0008394569,0
2017-01-16 00:00:00,0.9445492,-0.005925581,-0.00018408895,0
2017-02-14 12:00:00,2.3456714,-0.005231634,-0.0008752942,0
2017-03-16 00:00:00,1.76612,-0.0027694553,-0.00033037364,0
2017-04-15 12:00:00,-0.08609134,-0.0021957308,-0.0004426092,0
2017-05-16 00:00:00,0.769544,-0.0006763488,-0.0012668073,0
2017-06-15 12:00:00,1.503483,-0.00057052076,-0.0012021512,0
2017-07-16 00:00:00,0.7713238,-0.00041122735,-0.0013107955,0
2017-08-16 00:00:00,0.03422942,-0.00021804869,-0.001695767,0
2017-09-15 12:00:00,0.5982179,-0.00038538873,-0.001669839,0
2017-10-16 00:00:00,-0.8158514,-0.00039245188,-0.001285404,0
2017-11-15 12:00:00,-0.7215171,-0.0018934757,0.00044709444,0
2017-12-16 00:00:00,1.0613114,-0.000324741,-0.0013102442,0
2018-01-16 00:00:00,0.8771358,-0.0022682548,-0.00021868944,0
2018-02-14 12:00:00,-0.89983535,-0.00063331425,-0.0010151118,0
2018-03-16 00:00:00,1.8571676,-0.0032687038,-0.00037801266,0
2018-04-15 12:00:00,-0.15506332,-0.0016126931,-0.00034081936,0
2018-05-16 00:00:00,0.3875001,-0.0017341524,-0.0008479208,0
2018-06-15 12:00:00,0.5608651,-0.00019235909,-0.0013588071,0
2018-07-16 00:00:00,-0.44566298,5.285442e-05,-0.0014581531,0
2018-08-16 00:00:00,0.38132626,-0.0002476126,-0.001369983,0
2018-09-15 12:00:00,0.8131776,-0.00015436113,-0.0014233142,0
2018-10-16 00:00:00,-1.1414745,-0.0008135289,-0.0015219897,0
2018-11-15 12:00:00,0.5927998,-0.0026946217,-0.00048486888,0
2018-12-16 00:00:00,1.7590892,-0.0022913963,-0.00062288344,0
2019-01-16 00:00:00,1.0547621,-0.0048310906,-0.0016730577,0
2019-02-14 12:00:00,-1.2590584,-0.006419882,-0.0006135553,0
2019-03-16 00:00:00,0.3512995,-0.0037067533,-0.00035615265,0
2019-04-15 12:00:00,-0.52555454,-0.0014826953,-0.0014647841,0
2019-05-16 00:00:00,0.012912994,-0.0031857193,-0.0009562522,0
2019-06-15 12:00:00,1.9383229,-0.0003642887,-0.0014635175,0
2019-07-16 00:00:00,0.9445748,-7.684529e-05,-0.0013155341,0
2019-08-16 00:00:00,0.4104495,-0.0002283454,-0.0011961609,0
2019-09-15 12:00:00,-0.5606783,-0.0009934306,-0.0015159994,0
2019-10-16 00:00:00,0.079359226,-0.00022672117,-0.001500383,0
2019-11-15 12:00:00,0.31168643,-0.0022137463,-0.0016459674,0
2019-12-16 00:00:00,-0.60226524,-0.0052820146,-0.002120152,0
2020-01-16 00:00:00,-1.518147,-0.0012365878,-0.0008597225,0
2020-02-15 00:00:00,-0.3344487,-0.00035887957,-0.0011834353,0
2020-03-16 00:00:00,2.1889164,-0.0025075078,0.00014385581,0
2020-04-15 12:00:00,-0.33856863,-0.000560537,5.2705407e-05,0
2020-05-16 00:00:00,-1.2416228,-0.0012378991,-0.0013692528,0
2020-06-15 12:00:00,0.9001878,-0.00034195185,-0.0012921393,0
2020-07-16 00:00:00,-0.13976155,-0.00014479458,-0.0013105422,0
2020-08-16 00:00:00,-0.9045122,-0.00012405217,-0.0014226437,0
2020-09-15 12:00:00,-0.43332738,-0.00026597083,-0.0014417917,0
2020-10-16 00:00:00,0.25329167,-0.00018252432,-0.0014297515,0
2020-11-15 12:00:00,2.9176052,-0.0015193522,-0.0011014193,0
2020-12-16 00:00:00,0.4842347,-0.0009879619,-0.00061906874,0
2021-01-16 00:00:00,0.005888749,-0.0025858432,-0.0004364252,0
2021-02-14 12:00:00,-0.44706365,-0.0015157461,-0.00094012916,0
2021-03-16 00:00:00,-0.6345235,-0.0023170263,-0.0005400032,0
2021-04-15 12:00:00,-0.9868221,-0.0005274266,-0.0012248158,0
2021-05-16 00:00:00,-1.2152808,-0.0010561943,-0.0014014393,0
2021-06-15 12:00:00,0.51270103,-0.00018636882,-0.0013658553,0
2021-07-16 00:00:00,1.2439066,-0.0001989752,-0.0012965351,0
2021-08-16 00:00:00,0.18048057,-0.00024010241,-0.0015689135,0
2021-09-15 12:00:00,0.68262583,-0.00030954182,-0.0014244467,0
2021-10-16 00:00:00,0.01407152,-0.003656432,-0.0009626299,0
2021-11-15 12:00:00,-3.002438,-0.00078617036,-0.0014316291,0
2021-12-16 00:00:00,-0.6170563,-0.0037697405,-0.00050112605,0
2022-01-16 00:00:00,-0.74551004,-0.0004813522,-0.0014484376,0
2022-02-14 12:00:00,0.5000921,-0.00052189827,-0.00095550716,0
2022-03-16 00:00:00,0.1151953,-0.0020119399,-0.001399368,0
2022-04-15 12:00:00,-2.1695504,-0.0018443167,-0.0008341819,0
2022-05-16 00:00:00,-0.15815088,-0.0005030781,-0.0012720972,0
2022-06-15 12:00:00,-0.09859858,-0.00034216046,-0.0012626499,0
2022-07-16 00:00:00,-0.6910664,-0.00028769672,-0.0014594495,0
2022-08-16 00:00:00,-0.49571002,-0.0004361719,-0.0013803095,0
2022-09-15 12:00:00,1.5398682,-0.00034172833,-0.0013042986,0
2022-10-16 00:00:00,-1.7701395,-0.00035981834,-0.0014130622,0
2022-11-15 12:00:00,-0.36507082,-0.001831904,-0.0007124692,0
2022-12-16 00:00:00,-1.0447345,-0.0055066645,-0.0002027452,0
2023-01-16 00:00:00,-1.0625644,-0.006354809,-0.0013071448,0
2023-02-14 12:00:00,-0.55808574,-0.0031416565,-0.00021775067,0
2023-03-16 00:00:00,0.7064964,-0.004976943,-0.0014861077,0
2023-04-15 12:00:00,-1.2208781,-0.00048844516,-0.001005888,0
2023-05-16 00:00:00,-1.8330433,-0.0007787943,-0.0016280264,0
2023-06-15 12:00:00,0.9950268,-0.0008445978,-0.0011571944,0
2023-07-16 00:00:00,-0.10981735,-0.000120311975,-0.0012501776,0
2023-08-16 00:00:00,0.7811253,-0.0008383095,-0.0014336705,0
2023-09-15 12:00:00,0.45878172,-0.0013959855,-0.00090004504,0
2023-10-16 00:00:00,0.8285946,-0.00084616244,-0.0017339736,0
2023-11-15 12:00:00,-0.67155385,-0.0010669678,-0.0011533052,0
2023-12-16 00:00:00,-0.7706575,-0.0028829426,-0.0012071431,0
2024-01-16 00:00:00,-1.3280946,-0.0046274513,-0.0017351955,0
2024-02-15 00:00:00,0.18797499,-0.0046381205,-0.0017869323,0
2024-03-16 00:00:00,-0.046296306,-0.0028403997,0.00046531856,0
2024-04-15 12:00:00,-0.5653111,-0.001945585,-0.0009880811,0
2024-05-16 00:00:00,-0.4979112,-0.00080128014,-0.0014266819,0
2024-06-15 12:00:00,0.43298894,-5.2556396e-05,-0.0015147775,0
2024-07-16 00:00:00,-0.641504,-0.00012089312,-0.0013805479,0
2024-08-16 00:00:00,1.0090661,-0.00035239756,-0.0016371161,0
2024-09-15 12:00:00,1.1152484,-0.000504598,-0.0012484789,0
2024-10-16 00:00:00,1.3858232,-0.0007599443,-0.0011315346,0
2024-11-15 12:00:00,-0.9635155,-0.003539294,-0.0019740015,0
2024-12-16 00:00:00,-0.7140639,-0.004110813,-0.0021248758,0
2025-01-16 00:00:00,0.031618163,-0.0006071478,-0.0009940714,0
2025-02-14 12:00:00,-0.72222507,-0.0042319745,-0.0005557388,0
2025-03-16 00:00:00,0.71517134,-0.0028520077,-0.000483796,0
2025-04-15 12:00:00,-0.5510711,-0.0012231618,-0.0010700971,0
2025-05-16 00:00:00,-0.18206559,-0.00059454143,-0.0016233325,0
2025-06-15 12:00:00,1.1605517,-0.0002617091,-0.0014754087,0
