time,latent,mu,logvar
1940-01-16 00:00:00,1.5703871,1.1017071,-1.2048386
1940-02-15 00:00:00,1.7629137,1.1079414,-1.213278
1940-03-16 00:00:00,0.12387437,1.0920196,-1.1912917
1940-04-15 12:00:00,0.72581124,0.91802967,-0.91517395
1940-05-16 00:00:00,0.93171597,0.8077224,-0.73910505
1940-06-15 12:00:00,0.3580321,0.8069363,-0.73787063
1940-07-16 00:00:00,1.5101671,0.72221684,-0.6017852
1940-08-16 00:00:00,1.6386104,0.71050733,-0.5827207
1940-09-15 12:00:00,1.269176,0.8534563,-0.8136085
1940-10-16 00:00:00,1.8008603,0.9755637,-1.0075246
1940-11-15 12:00:00,0.81677085,0.8833836,-0.8607457
1940-12-16 00:00:00,0.58471036,1.105086,-1.209939
1941-01-16 00:00:00,1.714427,1.0957472,-1.1966068
1941-02-14 12:00:00,1.0686494,1.104231,-1.2087282
1941-03-16 00:00:00,0.15338874,1.0809112,-1.1746213
1941-04-15 12:00:00,1.1118287,1.071954,-1.1611065
1941-05-16 00:00:00,1.4588856,0.9916149,-1.0353138
1941-06-15 12:00:00,0.92134327,0.80615646,-0.7370821
1941-07-16 00:00:00,1.5609016,0.75311244,-0.65202206
1941-08-16 00:00:00,1.098238,0.820445,-0.76097375
1941-09-15 12:00:00,1.3589712,0.7143476,-0.5885849
1941-10-16 00:00:00,0.3429107,0.8473275,-0.80250925
1941-11-15 12:00:00,1.5099881,1.0004742,-1.0471879
1941-12-16 00:00:00,0.676044,1.1029568,-1.2070448
1942-01-16 00:00:00,1.0069709,1.0914273,-1.1904912
1942-02-14 12:00:00,0.60262156,1.0857768,-1.1824994
1942-03-16 00:00:00,1.4472705,0.9950711,-1.0391775
1942-04-15 12:00:00,1.3150167,1.0750285,-1.1666839
1942-05-16 00:00:00,0.066117704,1.0050641,-1.0565375
1942-06-15 12:00:00,1.4837756,0.74042606,-0.6303627
1942-07-16 00:00:00,0.9115337,0.7070972,-0.57712847
1942-08-16 00:00:00,-0.30701804,0.7102996,-0.5822969
1942-09-15 12:00:00,0.91718495,0.6940723,-0.5558551
1942-10-16 00:00:00,1.2185565,0.7990875,-0.72617584
1942-11-15 12:00:00,0.7891786,1.0927948,-1.1936991
1942-12-16 00:00:00,1.5951307,0.952168,-0.9711997
1943-01-16 00:00:00,0.31827754,1.1006181,-1.2040579
1943-02-14 12:00:00,1.4394693,1.0096539,-1.0627011
1943-03-16 00:00:00,1.6328219,1.0793192,-1.1717131
1943-04-15 12:00:00,0.75761074,0.9820918,-1.0185895
1943-05-16 00:00:00,1.0960312,0.7277863,-0.60999244
1943-06-15 12:00:00,0.38026494,0.7795932,-0.6941892
1943-07-16 00:00:00,0.7495092,0.7357442,-0.62394994
1943-08-16 00:00:00,0.051237583,0.6940485,-0.5557636
1943-09-15 12:00:00,-0.9577602,0.6964545,-0.5597296
1943-10-16 00:00:00,0.99250305,0.9171768,-0.915199
1943-11-15 12:00:00,0.91418546,0.8008563,-0.727903
1943-12-16 00:00:00,0.14572436,1.0347221,-1.1016153
1944-01-16 00:00:00,0.2166965,1.0555449,-1.1367834
1944-02-15 00:00:00,0.572068,1.0927017,-1.191837
1944-03-16 00:00:00,1.5660872,1.0217743,-1.0824462
1944-04-15 12:00:00,0.86528593,1.0114596,-1.0657272
1944-05-16 00:00:00,0.6890059,0.87177914,-0.8423299
1944-06-15 12:00:00,2.03051,0.80261266,-0.730964
1944-07-16 00:00:00,-0.009967446,0.70314014,-0.5708155
1944-08-16 00:00:00,1.2662876,0.69283056,-0.55375296
1944-09-15 12:00:00,1.8348272,0.7110626,-0.58326983
1944-10-16 00:00:00,2.141967,0.8959059,-0.8797282
1944-11-15 12:00:00,0.9069381,1.0829197,-1.1771985
1944-12-16 00:00:00,0.8306544,1.0506456,-1.1284814
1945-01-16 00:00:00,0.98363066,0.82732785,-0.7705458
1945-02-14 12:00:00,0.9353794,1.084476,-1.1805913
1945-03-16 00:00:00,0.6283456,1.0863879,-1.1830494
1945-04-15 12:00:00,0.017876327,0.85721326,-0.818929
1945-05-16 00:00:00,0.58213896,0.954527,-0.97582024
1945-06-15 12:00:00,0.6622269,0.7744964,-0.68576694
1945-07-16 00:00:00,-1.0529649,0.70394623,-0.5721032
1945-08-16 00:00:00,0.7838294,0.7170856,-0.59354883
1945-09-15 12:00:00,-0.13539016,0.7065885,-0.5760081
1945-10-16 00:00:00,1.7886004,1.0503073,-1.1285233
1945-11-15 12:00:00,1.2811841,1.051749,-1.1307821
1945-12-16 00:00:00,1.4834151,1.09642,-1.1981555
1946-01-16 00:00:00,1.7449648,0.9792639,-1.0144261
1946-02-14 12:00:00,-0.782726,0.99255913,-1.035661
1946-03-16 00:00:00,0.33842474,1.0745819,-1.1651905
1946-04-15 12:00:00,1.0604687,0.78919876,-0.7085232
1946-05-16 00:00:00,0.78391457,0.8163883,-0.7524339
1946-06-15 12:00:00,1.0999,0.69902754,-0.56390566
1946-07-16 00:00:00,0.09371281,0.74787796,-0.64290214
1946-08-16 00:00:00,1.1252255,0.70633674,-0.5756451
1946-09-15 12:00:00,-0.678174,0.70098674,-0.56670374
1946-10-16 00:00:00,1.4813203,0.9024131,-0.88796335
1946-11-15 12:00:00,1.4014406,1.0876648,-1.1853791
1946-12-16 00:00:00,1.2436266,1.0424006,-1.1127696
1947-01-16 00:00:00,1.4322746,0.90953904,-0.9025337
1947-02-14 12:00:00,0.29781556,1.0486982,-1.1243476
1947-03-16 00:00:00,1.5167297,1.068073,-1.155526
1947-04-15 12:00:00,0.59740555,0.89939266,-0.8853795
1947-05-16 00:00:00,1.5332558,0.866929,-0.8349219
1947-06-15 12:00:00,1.0866311,0.91138387,-0.90625703
1947-07-16 00:00:00,0.19990465,0.69741005,-0.5612567
1947-08-16 00:00:00,2.1285958,0.7439132,-0.6373533
1947-09-15 12:00:00,1.2766116,0.72469246,-0.6051012
1947-10-16 00:00:00,0.52919245,1.0430799,-1.1169902
1947-11-15 12:00:00,0.30753678,0.8978708,-0.88350266
1947-12-16 00:00:00,1.586693,0.9801474,-1.0153717
1948-01-16 00:00:00,1.431503,1.0094702,-1.0638272
1948-02-15 00:00:00,2.0095794,1.0171914,-1.0749372
1948-03-16 00:00:00,1.4566106,1.0939479,-1.1939956
1948-04-15 12:00:00,0.7583982,1.0994889,-1.2025833
1948-05-16 00:00:00,1.0255293,1.0188525,-1.0775447
1948-06-15 12:00:00,-0.706819,0.8481111,-0.8040382
1948-07-16 00:00:00,1.3540964,0.70571506,-0.57470345
1948-08-16 00:00:00,0.4887913,0.6991352,-0.564035
1948-09-15 12:00:00,-0.07219243,0.73084915,-0.61524606
1948-10-16 00:00:00,0.40352583,0.8507276,-0.80880105
1948-11-15 12:00:00,0.02500236,0.9447027,-0.95995814
1948-12-16 00:00:00,0.5029225,1.090497,-1.1894709
1949-01-16 00:00:00,1.3304867,1.0200021,-1.0791397
1949-02-14 12:00:00,0.585003,1.0657221,-1.1520776
1949-03-16 00:00:00,2.4092584,1.1023731,-1.205471
1949-04-15 12:00:00,1.6132306,0.85276335,-0.8102017
1949-05-16 00:00:00,1.7689967,1.0041343,-1.052686
1949-06-15 12:00:00,0.8657241,0.7066455,-0.57627344
1949-07-16 00:00:00,0.09745717,0.7022463,-0.5692671
1949-08-16 00:00:00,0.7388425,0.7196876,-0.5978899
1949-09-15 12:00:00,2.1610236,0.7240242,-0.6043195
1949-10-16 00:00:00,0.12984794,0.7583046,-0.6594596
1949-11-15 12:00:00,1.3177028,1.0168412,-1.0740614
1949-12-16 00:00:00,0.8722157,1.0391338,-1.1092956
1950-01-16 00:00:00,1.014211,1.0990329,-1.2020292
1950-02-14 12:00:00,0.92121065,1.0481031,-1.1243727
1950-03-16 00:00:00,0.97297806,1.0469496,-1.1233252
1950-04-15 12:00:00,1.6275525,1.002401,-1.0517781
1950-05-16 00:00:00,0.83129805,0.9032182,-0.8931582
1950-06-15 12:00:00,0.85106444,0.78943443,-0.70964533
1950-07-16 00:00:00,-0.18344247,0.7197077,-0.597408
1950-08-16 00:00:00,-0.14976978,0.7122228,-0.5854181
1950-09-15 12:00:00,1.1280025,0.8446673,-0.79804724
1950-10-16 00:00:00,0.73217946,1.0696201,-1.1578321
1950-11-15 12:00:00,1.2684307,1.0915403,-1.1916705
1950-12-16 00:00:00,1.8154101,1.0843761,-1.1812576
1951-01-16 00:00:00,0.511748,1.0888149,-1.1872488
1951-02-14 12:00:00,1.5259702,1.0500846,-1.1276236
1951-03-16 00:00:00,0.5241831,0.9860857,-1.0260373
1951-04-15 12:00:00,2.2968898,1.0154034,-1.0713776
1951-05-16 00:00:00,0.22526789,0.94740134,-0.96483594
1951-06-15 12:00:00,1.260926,0.7368227,-0.62557894
1951-07-16 00:00:00,1.1381247,0.71232456,-0.5854738
1951-08-16 00:00:00,0.8667801,0.7493303,-0.6458741
1951-09-15 12:00:00,0.30500168,0.7225578,-0.60191494
1951-10-16 00:00:00,0.08845979,0.983434,-1.0214041
1951-11-15 12:00:00,1.3266882,1.0681492,-1.1558803
1951-12-16 00:00:00,1.106505,1.0991836,-1.2022727
1952-01-16 00:00:00,1.0627168,1.103497,-1.2079748
1952-02-15 00:00:00,0.52266914,1.0596638,-1.1430945
1952-03-16 00:00:00,1.3621747,1.0992376,-1.2014071
1952-04-15 12:00:00,0.8600853,1.0310628,-1.0960783
1952-05-16 00:00:00,1.3548195,0.8527186,-0.81087273
1952-06-15 12:00:00,1.4905887,0.9135405,-0.9096068
1952-07-16 00:00:00,1.6822522,0.8040502,-0.7349419
1952-08-16 00:00:00,2.699676,0.7050804,-0.57373095
1952-09-15 12:00:00,0.882611,0.7900548,-0.71020836
1952-10-16 00:00:00,1.9004653,0.7029583,-0.57005924
1952-11-15 12:00:00,0.5958382,1.0461601,-1.1205088
1952-12-16 00:00:00,0.9835915,1.10705,-1.212082
1953-01-16 00:00:00,1.0078292,1.0831138,-1.1792501
1953-02-14 12:00:00,0.7356009,0.80032694,-0.7264829
1953-03-16 00:00:00,1.7748001,1.0413129,-1.1143222
1953-04-15 12:00:00,0.68060654,1.0317969,-1.0986075
1953-05-16 00:00:00,0.8418945,1.01566,-1.0737209
1953-06-15 12:00:00,2.2307196,0.87039113,-0.8395615
1953-07-16 00:00:00,0.042746782,0.7137852,-0.58799106
1953-08-16 00:00:00,0.7426841,0.7515144,-0.6484005
1953-09-15 12:00:00,0.3593719,0.7260859,-0.6080158
1953-10-16 00:00:00,1.0339522,0.8952797,-0.8795976
1953-11-15 12:00:00,0.4685434,1.0219958,-1.0832742
1953-12-16 00:00:00,1.2393845,0.865912,-0.8323927
1954-01-16 00:00:00,1.0215777,1.085913,-1.1825916
1954-02-14 12:00:00,0.43611473,1.0462325,-1.1216987
1954-03-16 00:00:00,0.5160749,1.0856454,-1.182761
1954-04-15 12:00:00,0.8686226,0.9407671,-0.9533492
1954-05-16 00:00:00,-0.79231846,0.7946651,-0.71739465
1954-06-15 12:00:00,1.0902158,0.8430359,-0.7959199
1954-07-16 00:00:00,-0.14441127,0.7204107,-0.5988925
1954-08-16 00:00:00,0.9412612,0.7079582,-0.57826054
1954-09-15 12:00:00,2.243984,0.6978624,-0.5619517
1954-10-16 00:00:00,1.2573578,0.7172414,-0.5930597
1954-11-15 12:00:00,0.6376231,1.043005,-1.1168302
1954-12-16 00:00:00,0.5046999,1.0709507,-1.160296
1955-01-16 00:00:00,2.454955,1.0681305,-1.1555431
1955-02-14 12:00:00,-0.8291739,1.0028296,-1.0523293
1955-03-16 00:00:00,0.8551212,0.8282097,-0.7722525
1955-04-15 12:00:00,0.833156,1.0606247,-1.1439948
1955-05-16 00:00:00,0.15042955,0.9625625,-0.985097
1955-06-15 12:00:00,2.0365565,0.7543579,-0.653316
1955-07-16 00:00:00,0.71369445,0.73086333,-0.61546195
1955-08-16 00:00:00,0.24689323,0.6999765,-0.5653718
1955-09-15 12:00:00,1.6674235,0.7732643,-0.68347925
1955-10-16 00:00:00,0.676435,0.77161777,-0.68079776
1955-11-15 12:00:00,0.94629425,1.0267442,-1.0906098
1955-12-16 00:00:00,0.61932945,1.1055968,-1.211337
1956-01-16 00:00:00,0.38573086,1.0916159,-1.1915691
1956-02-15 00:00:00,-0.1072371,1.0501629,-1.1282762
1956-03-16 00:00:00,0.2640295,0.8077602,-0.73969644
1956-04-15 12:00:00,1.5888445,1.0419941,-1.113102
1956-05-16 00:00:00,0.024611652,0.9713889,-1.0013989
1956-06-15 12:00:00,0.10928297,0.7051755,-0.57361025
1956-07-16 00:00:00,0.31046802,0.74614567,-0.6410734
1956-08-16 00:00:00,0.9961057,0.7054099,-0.5745396
1956-09-15 12:00:00,0.064647734,0.74576586,-0.6392552
1956-10-16 00:00:00,-0.20514524,1.0053158,-1.0564842
1956-11-15 12:00:00,0.47866198,0.7212696,-0.599655
1956-12-16 00:00:00,0.6191728,0.86117274,-0.8250051
1957-01-16 00:00:00,0.0182029,1.0714332,-1.1605291
1957-02-14 12:00:00,1.1376777,1.0611203,-1.1439623
1957-03-16 00:00:00,2.8660164,1.0551046,-1.135829
1957-04-15 12:00:00,1.2698956,1.0094169,-1.0622674
1957-05-16 00:00:00,1.2363698,1.0712374,-1.1609724
1957-06-15 12:00:00,1.6495025,0.7328148,-0.6181934
1957-07-16 00:00:00,0.5774002,0.7167113,-0.59261763
1957-08-16 00:00:00,0.57221055,0.70514226,-0.5738111
1957-09-15 12:00:00,1.7947496,0.91522473,-0.9119753
1957-10-16 00:00:00,1.6232438,1.0572618,-1.1378101
1957-11-15 12:00:00,1.4641691,0.9690489,-0.9987883
1957-12-16 00:00:00,1.6246976,1.0652766,-1.1512861
1958-01-16 00:00:00,0.33649296,1.0631151,-1.1478637
1958-02-14 12:00:00,0.66765,1.1072953,-1.2124414
1958-03-16 00:00:00,0.90514463,1.1033912,-1.207262
1958-04-15 12:00:00,1.2441909,1.0909388,-1.189516
1958-05-16 00:00:00,0.82887375,0.95006055,-0.9661012
1958-06-15 12:00:00,0.30076098,0.8261637,-0.7691546
1958-07-16 00:00:00,0.8251641,0.77953464,-0.6954835
1958-08-16 00:00:00,-0.19265401,0.7592024,-0.6615119
1958-09-15 12:00:00,-0.24216342,0.79260266,-0.7133275
1958-10-16 00:00:00,0.27299613,0.70165914,-0.5680765
1958-11-15 12:00:00,-0.25648636,0.87523335,-0.84669644
1958-12-16 00:00:00,2.0351577,0.92218924,-0.9224437
1959-01-16 00:00:00,1.0348475,1.0890253,-1.186536
1959-02-14 12:00:00,0.35068828,1.1010549,-1.2041711
1959-03-16 00:00:00,0.24268037,0.91251737,-0.9079658
1959-04-15 12:00:00,0.9931833,0.85174507,-0.8083717
1959-05-16 00:00:00,0.695848,0.87805516,-0.85315955
1959-06-15 12:00:00,1.2654381,0.7214889,-0.6004156
1959-07-16 00:00:00,1.6218576,0.7240809,-0.60475236
1959-08-16 00:00:00,0.21126676,0.7746678,-0.6859612
1959-09-15 12:00:00,1.3754346,0.95004624,-0.96773165
1959-10-16 00:00:00,-0.13598561,0.7024141,-0.5690773
1959-11-15 12:00:00,1.9567244,0.6936191,-0.5549613
1959-12-16 00:00:00,1.4242593,0.9750722,-1.0086884
1960-01-16 00:00:00,1.8431437,1.089838,-1.1881309
1960-02-15 00:00:00,0.92026144,1.0943577,-1.1950535
1960-03-16 00:00:00,1.5033292,1.0343547,-1.1032771
1960-04-15 12:00:00,0.23374426,1.0034885,-1.0520985
1960-05-16 00:00:00,0.06235081,0.84690565,-0.80237854
1960-06-15 12:00:00,0.97602856,0.71021533,-0.58210725
1960-07-16 00:00:00,0.72077185,0.80842745,-0.74190176
1960-08-16 00:00:00,1.2320553,0.6983225,-0.56272084
1960-09-15 12:00:00,1.3499199,0.72731733,-0.6098458
1960-10-16 00:00:00,0.31072193,0.81865066,-0.7568303
1960-11-15 12:00:00,1.9123495,1.0854704,-1.1812366
1960-12-16 00:00:00,0.8145717,1.0043335,-1.0545331
1961-01-16 00:00:00,1.2246017,1.0131916,-1.0679243
1961-02-14 12:00:00,0.20164043,1.0133746,-1.0694749
1961-03-16 00:00:00,0.81769097,1.0682027,-1.1558864
1961-04-15 12:00:00,1.0057052,0.9272433,-0.9316829
1961-05-16 00:00:00,1.4893959,0.9921232,-1.034744
1961-06-15 12:00:00,1.5996399,0.7767066,-0.68951654
1961-07-16 00:00:00,1.559382,0.7605295,-0.66381425
1961-08-16 00:00:00,1.5965568,0.9086861,-0.9037159
1961-09-15 12:00:00,0.76280683,0.82352084,-0.76467425
1961-10-16 00:00:00,1.0318673,0.796734,-0.7214937
1961-11-15 12:00:00,1.4413226,1.0710689,-1.1597153
1961-12-16 00:00:00,0.425991,1.0507431,-1.1275655
1962-01-16 00:00:00,0.5019912,1.0164495,-1.0732979
1962-02-14 12:00:00,0.4359535,1.106819,-1.2118558
1962-03-16 00:00:00,-0.20727801,1.0653403,-1.1513159
1962-04-15 12:00:00,-0.24132669,0.79324496,-0.7157071
1962-05-16 00:00:00,0.42153278,0.9021791,-0.8906819
1962-06-15 12:00:00,1.5393813,0.77883697,-0.6926618
1962-07-16 00:00:00,0.7176864,0.7709819,-0.6806675
1962-08-16 00:00:00,0.9218762,0.72343075,-0.6034439
1962-09-15 12:00:00,0.6828853,0.73053294,-0.6148667
1962-10-16 00:00:00,0.40965277,1.0739064,-1.1649472
1962-11-15 12:00:00,0.99524575,0.85050654,-0.8076004
1962-12-16 00:00:00,1.3743217,1.0373671,-1.1072867
1963-01-16 00:00:00,0.78875077,1.090893,-1.1906847
1963-02-14 12:00:00,1.1652012,1.0596437,-1.140816
1963-03-16 00:00:00,1.142599,1.0845387,-1.1812053
1963-04-15 12:00:00,0.5246454,1.0908775,-1.1902144
1963-05-16 00:00:00,1.0828688,0.9777065,-1.0123955
1963-06-15 12:00:00,1.0819497,0.8695788,-0.83862025
1963-07-16 00:00:00,-0.5175694,0.6959301,-0.5588882
1963-08-16 00:00:00,0.4130581,0.7363769,-0.624843
1963-09-15 12:00:00,1.288398,0.78645384,-0.7044078
1963-10-16 00:00:00,0.8367088,0.99490136,-1.0370862
1963-11-15 12:00:00,2.1308346,1.0856287,-1.1820409
1963-12-16 00:00:00,1.1989484,0.7821851,-0.6973895
1964-01-16 00:00:00,-0.20432127,1.0664538,-1.1536981
1964-02-15 00:00:00,1.0053896,0.76806164,-0.6750739
1964-03-16 00:00:00,1.66244,1.0541995,-1.1328492
1964-04-15 12:00:00,-0.14061946,0.8801258,-0.85410607
1964-05-16 00:00:00,1.1453055,0.9294025,-0.93508345
1964-06-15 12:00:00,0.49731675,0.87863666,-0.85271376
1964-07-16 00:00:00,1.1392362,0.71433926,-0.5887667
1964-08-16 00:00:00,0.15115464,0.74619645,-0.6395635
1964-09-15 12:00:00,1.4519502,0.70916355,-0.58002555
1964-10-16 00:00:00,1.4582254,0.96527845,-0.9913824
1964-11-15 12:00:00,-0.3317201,1.0791976,-1.1721863
1964-12-16 00:00:00,1.0873026,1.1055254,-1.2107521
1965-01-16 00:00:00,0.3835925,1.0835972,-1.1796135
1965-02-14 12:00:00,1.9660196,0.890462,-0.870616
1965-03-16 00:00:00,1.0142273,1.0339096,-1.1013018
1965-04-15 12:00:00,1.3706944,1.0788249,-1.171518
1965-05-16 00:00:00,1.0246493,0.8018686,-0.72944903
1965-06-15 12:00:00,-0.31174088,0.8584528,-0.8213955
1965-07-16 00:00:00,0.7335127,0.79023933,-0.7124069
1965-08-16 00:00:00,0.5035715,0.86005116,-0.8251142
1965-09-15 12:00:00,0.445437,0.76857257,-0.67565334
1965-10-16 00:00:00,0.7142111,0.7202755,-0.59781474
1965-11-15 12:00:00,1.729537,1.1027191,-1.206623
1965-12-16 00:00:00,1.1691562,1.0825658,-1.177303
1966-01-16 00:00:00,2.1933217,1.0258911,-1.0897578
1966-02-14 12:00:00,0.7383742,1.0363321,-1.1054245
1966-03-16 00:00:00,1.3416485,0.8896561,-0.8707666
1966-04-15 12:00:00,1.4651189,0.8317848,-0.77792186
1966-05-16 00:00:00,0.6379737,0.8118774,-0.74466157
1966-06-15 12:00:00,1.0024583,0.7401891,-0.63013124
1966-07-16 00:00:00,0.8397428,0.7337926,-0.6193488
1966-08-16 00:00:00,0.5122839,0.7195804,-0.5974907
1966-09-15 12:00:00,-0.02353698,0.75790423,-0.6587724
1966-10-16 00:00:00,1.0666454,0.6973412,-0.5610692
1966-11-15 12:00:00,1.6525192,1.0842786,-1.1802139
1966-12-16 00:00:00,0.32163906,1.0888107,-1.1864216
1967-01-16 00:00:00,0.84982365,1.0987182,-1.2014601
1967-02-14 12:00:00,1.6371522,0.78828484,-0.7076029
1967-03-16 00:00:00,1.7812202,1.0934532,-1.1943876
1967-04-15 12:00:00,1.1583098,1.0970199,-1.1984044
1967-05-16 00:00:00,-0.02006048,0.86056596,-0.8242384
1967-06-15 12:00:00,-0.5150124,0.9163978,-0.91332525
1967-07-16 00:00:00,-0.39957118,0.73037064,-0.6147837
1967-08-16 00:00:00,-0.172346,0.74073637,-0.63262504
1967-09-15 12:00:00,1.8468578,0.7798524,-0.69369584
1967-10-16 00:00:00,0.4664125,0.81574255,-0.7517537
1967-11-15 12:00:00,0.16896999,1.042813,-1.1135128
1967-12-16 00:00:00,0.6240959,1.05317,-1.1325942
1968-01-16 00:00:00,1.5889938,1.0837388,-1.1798826
1968-02-15 00:00:00,1.0893321,1.0360038,-1.1045471
1968-03-16 00:00:00,-0.371256,1.0583317,-1.1384526
1968-04-15 12:00:00,1.3250332,0.84289086,-0.79461634
1968-05-16 00:00:00,0.50326127,0.8633417,-0.82757986
1968-06-15 12:00:00,1.7809579,0.76094407,-0.66373587
1968-07-16 00:00:00,0.6439745,0.73624575,-0.6242565
1968-08-16 00:00:00,0.26495445,0.7875957,-0.70643437
1968-09-15 12:00:00,0.1375246,0.7112302,-0.5835101
1968-10-16 00:00:00,0.9717264,0.9425076,-0.95348984
1968-11-15 12:00:00,0.8074058,1.0380516,-1.107825
1968-12-16 00:00:00,1.2499049,1.0899503,-1.1887493
1969-01-16 00:00:00,0.8298037,1.10993,-1.2159802
1969-02-14 12:00:00,0.37239695,1.1066027,-1.2114892
1969-03-16 00:00:00,1.5756998,0.9693493,-0.99812967
1969-04-15 12:00:00,2.0464907,1.0271338,-1.0912453
1969-05-16 00:00:00,1.9660625,0.7473852,-0.64165556
1969-06-15 12:00:00,0.9705664,0.9224705,-0.92394847
1969-07-16 00:00:00,1.890028,0.72208494,-0.6016752
1969-08-16 00:00:00,0.9779399,0.6957669,-0.5585766
1969-09-15 12:00:00,0.7051807,0.7049922,-0.57359594
1969-10-16 00:00:00,1.0773139,0.93482673,-0.94353706
1969-11-15 12:00:00,1.3853252,0.98643845,-1.0233928
1969-12-16 00:00:00,1.5134261,1.0773504,-1.1698147
1970-01-16 00:00:00,0.65801656,1.1046474,-1.2092525
1970-02-14 12:00:00,0.7592354,1.0246599,-1.0868701
1970-03-16 00:00:00,-0.02230239,1.0025929,-1.0495875
1970-04-15 12:00:00,0.19714266,0.88184375,-0.85827106
1970-05-16 00:00:00,0.27608493,0.72146386,-0.6000104
1970-06-15 12:00:00,1.0939322,0.86276984,-0.82876223
1970-07-16 00:00:00,0.4251456,0.72715414,-0.6095207
1970-08-16 00:00:00,0.7745054,0.70154274,-0.56783265
1970-09-15 12:00:00,0.2552173,0.69752795,-0.5611775
1970-10-16 00:00:00,0.4711032,0.87573904,-0.84861773
1970-11-15 12:00:00,2.3050056,1.0990307,-1.2014612
1970-12-16 00:00:00,0.29912823,1.0948558,-1.1960031
1971-01-16 00:00:00,1.1310406,1.0080574,-1.0615096
1971-02-14 12:00:00,0.61806405,0.9098846,-0.9021942
1971-03-16 00:00:00,1.6570191,1.0545416,-1.135399
1971-04-15 12:00:00,1.2074697,0.9179586,-0.91650695
1971-05-16 00:00:00,1.5944052,1.0064397,-1.057784
1971-06-15 12:00:00,0.850858,0.76937205,-0.67713886
1971-07-16 00:00:00,1.2296939,0.72960925,-0.6138062
1971-08-16 00:00:00,0.8722619,0.71926355,-0.5969297
1971-09-15 12:00:00,1.6415188,0.754421,-0.65304554
1971-10-16 00:00:00,0.7907081,0.8248687,-0.76613575
1971-11-15 12:00:00,0.18994933,1.017198,-1.0759397
1971-12-16 00:00:00,1.1838081,1.0959396,-1.1974906
1972-01-16 00:00:00,1.099668,0.9483253,-0.9652749
1972-02-15 00:00:00,0.8526769,0.9747762,-1.0069562
1972-03-16 00:00:00,1.1252735,0.8160984,-0.752653
1972-04-15 12:00:00,0.6940508,0.9517102,-0.9709951
1972-05-16 00:00:00,1.6947658,0.7931073,-0.71553284
1972-06-15 12:00:00,1.1461272,0.8231578,-0.7647057
1972-07-16 00:00:00,2.5757942,0.7193638,-0.5970701
1972-08-16 00:00:00,-0.24920028,0.7290095,-0.61260873
1972-09-15 12:00:00,1.9471703,0.8341364,-0.7809517
1972-10-16 00:00:00,1.1848118,1.0364165,-1.1066524
1972-11-15 12:00:00,1.2049803,1.0923729,-1.191216
1972-12-16 00:00:00,1.4686054,1.0550168,-1.1355509
1973-01-16 00:00:00,0.6828954,1.0984077,-1.200229
1973-02-14 12:00:00,0.35754073,1.1039053,-1.2074305
1973-03-16 00:00:00,1.581672,1.075828,-1.1665716
1973-04-15 12:00:00,1.4569721,0.82003635,-0.758428
1973-05-16 00:00:00,0.9982924,0.81157094,-0.74494964
1973-06-15 12:00:00,0.18344945,0.7157074,-0.59099585
1973-07-16 00:00:00,1.0412083,0.72886616,-0.6125993
1973-08-16 00:00:00,1.0954837,0.7604382,-0.6639024
1973-09-15 12:00:00,0.6754035,0.738459,-0.6276086
1973-10-16 00:00:00,1.3203049,1.0264213,-1.0899073
1973-11-15 12:00:00,1.4278896,1.0990217,-1.2022052
1973-12-16 00:00:00,0.6487559,1.0761714,-1.1683623
1974-01-16 00:00:00,0.8100456,1.0918684,-1.1900944
1974-02-14 12:00:00,1.8129854,0.9827833,-1.0210375
1974-03-16 00:00:00,0.81646913,1.0995128,-1.2025043
1974-04-15 12:00:00,1.5403337,1.0212653,-1.0823302
1974-05-16 00:00:00,-0.6369525,0.73614204,-0.6236423
1974-06-15 12:00:00,1.3212719,0.75007224,-0.6465336
1974-07-16 00:00:00,-0.21841395,0.8736526,-0.8457543
1974-08-16 00:00:00,1.0396981,0.7283611,-0.61123484
1974-09-15 12:00:00,0.46560347,0.6950634,-0.5574408
1974-10-16 00:00:00,1.0226506,0.99811196,-1.0436153
1974-11-15 12:00:00,1.7378604,0.95658827,-0.978079
1974-12-16 00:00:00,2.2029545,1.0751944,-1.16613
1975-01-16 00:00:00,1.0815233,0.9999626,-1.0490961
1975-02-14 12:00:00,1.8581605,1.1000748,-1.2033598
1975-03-16 00:00:00,1.5901169,1.1000881,-1.2030269
1975-04-15 12:00:00,0.049927473,1.0382518,-1.1093615
1975-05-16 00:00:00,0.71898204,0.7859306,-0.7044449
1975-06-15 12:00:00,1.2228947,0.7584185,-0.6599733
1975-07-16 00:00:00,0.10351074,0.7213918,-0.60044426
1975-08-16 00:00:00,1.2967628,0.81660867,-0.7532411
1975-09-15 12:00:00,0.8865269,0.7877054,-0.70736605
1975-10-16 00:00:00,1.5999911,1.0497956,-1.1273134
1975-11-15 12:00:00,0.5763052,0.89224833,-0.8744449
1975-12-16 00:00:00,0.7782057,0.8169184,-0.7534713
1976-01-16 00:00:00,-0.9189201,0.77090687,-0.6797064
1976-02-15 00:00:00,0.101252615,1.0625637,-1.1458671
1976-03-16 00:00:00,1.0029697,0.93631136,-0.94478554
1976-04-15 12:00:00,1.2820878,1.0355287,-1.1031463
1976-05-16 00:00:00,0.5948618,0.76265204,-0.6666524
1976-06-15 12:00:00,1.1059883,0.77826524,-0.6914586
1976-07-16 00:00:00,-0.42433864,0.80183035,-0.7308379
1976-08-16 00:00:00,0.31514573,1.0057831,-1.0579151
1976-09-15 12:00:00,1.159591,0.98193175,-1.0158826
1976-10-16 00:00:00,1.4280875,0.832797,-0.77797294
1976-11-15 12:00:00,0.518504,0.9020845,-0.8898698
1976-12-16 00:00:00,0.9789158,0.87154275,-0.83971107
1977-01-16 00:00:00,0.8730075,1.0129249,-1.0676398
1977-02-14 12:00:00,2.3159657,0.9362379,-0.9462969
1977-03-16 00:00:00,1.1673275,1.0192809,-1.0779443
1977-04-15 12:00:00,1.1330293,0.81297344,-0.74764484
1977-05-16 00:00:00,1.5292864,1.0350637,-1.1031476
1977-06-15 12:00:00,0.68500984,0.8747561,-0.8479368
1977-07-16 00:00:00,1.8502653,0.71449375,-0.5889594
1977-08-16 00:00:00,-1.3200057,0.7413583,-0.6324224
1977-09-15 12:00:00,0.9996798,0.8463446,-0.8017879
1977-10-16 00:00:00,1.5722923,0.80684197,-0.7373144
1977-11-15 12:00:00,1.161861,1.004771,-1.055653
1977-12-16 00:00:00,1.2490628,1.09882,-1.2007412
1978-01-16 00:00:00,1.8381045,1.1069809,-1.2121198
1978-02-14 12:00:00,1.372557,1.0981842,-1.1990508
1978-03-16 00:00:00,1.159438,1.1026688,-1.2054163
1978-04-15 12:00:00,0.57958615,1.0834322,-1.1787708
1978-05-16 00:00:00,1.125532,0.7585261,-0.6598444
1978-06-15 12:00:00,-0.38348997,0.7285056,-0.61192113
1978-07-16 00:00:00,1.347254,0.7067846,-0.57646805
1978-08-16 00:00:00,0.03514445,0.7125701,-0.5859657
1978-09-15 12:00:00,0.23105389,1.0054929,-1.0548662
1978-10-16 00:00:00,0.33043283,0.71635103,-0.5918603
1978-11-15 12:00:00,0.42754108,1.0346575,-1.1013396
1978-12-16 00:00:00,1.0645841,0.9711954,-1.0002221
1979-01-16 00:00:00,1.5171449,1.0936322,-1.1939639
1979-02-14 12:00:00,0.27751034,1.0901968,-1.1885194
1979-03-16 00:00:00,1.4371481,1.0786476,-1.1700091
1979-04-15 12:00:00,0.23237634,0.91505045,-0.9124982
1979-05-16 00:00:00,0.08766234,0.8328126,-0.78005415
1979-06-15 12:00:00,-0.5517865,0.71069247,-0.5824662
1979-07-16 00:00:00,0.7890987,0.7510272,-0.64844304
1979-08-16 00:00:00,0.40635517,0.7786456,-0.6923221
1979-09-15 12:00:00,-0.117449164,0.7100489,-0.5814672
1979-10-16 00:00:00,-0.36173284,1.0068976,-1.0592259
1979-11-15 12:00:00,0.8338276,1.045634,-1.1208897
1979-12-16 00:00:00,0.60308,1.086882,-1.1842479
1980-01-16 00:00:00,2.1967814,1.0986922,-1.2010187
1980-02-15 00:00:00,0.21194232,1.1033192,-1.2071381
1980-03-16 00:00:00,1.3140821,1.041266,-1.1131523
1980-04-15 12:00:00,0.7766062,1.0109234,-1.0644932
1980-05-16 00:00:00,0.70860344,0.94846165,-0.96602863
1980-06-15 12:00:00,0.41739023,0.7657991,-0.67179143
1980-07-16 00:00:00,0.37745395,0.8402491,-0.7915903
1980-08-16 00:00:00,0.95252895,0.7220931,-0.601659
1980-09-15 12:00:00,1.6955329,0.76482576,-0.6705308
1980-10-16 00:00:00,0.8757732,0.7848215,-0.7019525
1980-11-15 12:00:00,0.6611716,0.8070223,-0.7379849
1980-12-16 00:00:00,0.77110875,1.0396595,-1.1112403
1981-01-16 00:00:00,0.9200009,1.0936768,-1.1937599
1981-02-14 12:00:00,0.603953,1.0266799,-1.0895194
1981-03-16 00:00:00,1.2469628,1.0911459,-1.1897396
1981-04-15 12:00:00,1.0853823,0.9055399,-0.89428765
1981-05-16 00:00:00,1.7145627,0.9290271,-0.933561
1981-06-15 12:00:00,1.5877495,0.7008476,-0.5667519
1981-07-16 00:00:00,0.8389885,0.70315325,-0.5706115
1981-08-16 00:00:00,1.4111687,0.70812386,-0.5786471
1981-09-15 12:00:00,-1.5465862,0.7492162,-0.64486724
1981-10-16 00:00:00,1.3661281,1.0417767,-1.1147817
1981-11-15 12:00:00,1.6398977,1.0921452,-1.19189
1981-12-16 00:00:00,0.02481854,1.0818732,-1.1774926
1982-01-16 00:00:00,0.73354197,1.0928874,-1.193264
1982-02-14 12:00:00,0.6797118,1.0690947,-1.1565478
1982-03-16 00:00:00,0.87066364,1.1057981,-1.2101747
1982-04-15 12:00:00,1.2101891,1.0824091,-1.1772617
1982-05-16 00:00:00,0.6558149,0.7697901,-0.6781625
1982-06-15 12:00:00,0.9068732,0.95691246,-0.97892195
1982-07-16 00:00:00,0.022195697,0.7389228,-0.6287276
1982-08-16 00:00:00,0.30986816,0.7492652,-0.64591527
1982-09-15 12:00:00,1.413085,1.0431638,-1.1165844
1982-10-16 00:00:00,0.68531305,1.0520265,-1.1304344
1982-11-15 12:00:00,1.4838632,1.0969908,-1.1984651
1982-12-16 00:00:00,1.3751426,1.0853587,-1.182319
1983-01-16 00:00:00,1.442159,1.1024089,-1.2056297
1983-02-14 12:00:00,2.0986133,1.1071565,-1.2121071
1983-03-16 00:00:00,0.38969392,1.10585,-1.2104527
1983-04-15 12:00:00,1.9728966,1.0919206,-1.1912801
1983-05-16 00:00:00,0.13087189,0.8362114,-0.7846051
1983-06-15 12:00:00,1.3205006,0.7860855,-0.7048284
1983-07-16 00:00:00,0.15995944,0.71199393,-0.5847172
1983-08-16 00:00:00,1.8121169,0.96550816,-0.99502975
1983-09-15 12:00:00,0.9735432,0.9587064,-0.98145527
1983-10-16 00:00:00,1.3323408,0.91457087,-0.9100646
1983-11-15 12:00:00,1.5944984,1.1031873,-1.2077047
1983-12-16 00:00:00,0.26124656,1.1014464,-1.2053915
1984-01-16 00:00:00,-0.1384762,0.80393666,-0.73265195
1984-02-15 00:00:00,1.1637278,1.0340018,-1.1022668
1984-03-16 00:00:00,1.4753237,0.9978636,-1.044989
1984-04-15 12:00:00,0.8713709,0.93031806,-0.9367519
1984-05-16 00:00:00,1.159594,0.7785646,-0.69200087
1984-06-15 12:00:00,0.9841978,0.82029396,-0.7605176
1984-07-16 00:00:00,0.7665301,0.79515636,-0.7196428
1984-08-16 00:00:00,0.3062211,0.7570431,-0.658095
1984-09-15 12:00:00,0.35171983,0.7603621,-0.6627696
1984-10-16 00:00:00,0.45123732,1.0061884,-1.0576602
1984-11-15 12:00:00,-0.05569434,1.100928,-1.2040751
1984-12-16 00:00:00,1.9340048,1.0651033,-1.1500534
1985-01-16 00:00:00,2.0681365,0.914036,-0.908631
1985-02-14 12:00:00,0.94065243,1.0175383,-1.0757607
1985-03-16 00:00:00,1.1331571,1.0849099,-1.1815807
1985-04-15 12:00:00,1.6595224,0.8354873,-0.78363585
1985-05-16 00:00:00,1.7063913,0.7359532,-0.62394124
1985-06-15 12:00:00,1.149365,0.74999416,-0.64625067
1985-07-16 00:00:00,-0.36490864,0.7861839,-0.7052414
1985-08-16 00:00:00,2.2570217,0.70337206,-0.57116413
1985-09-15 12:00:00,2.120597,0.93163073,-0.9391344
1985-10-16 00:00:00,0.43213534,0.94015485,-0.9515081
1985-11-15 12:00:00,1.097877,1.0898418,-1.1878504
1985-12-16 00:00:00,1.3728976,1.0527587,-1.1316737
1986-01-16 00:00:00,0.16405302,1.0875616,-1.1847024
1986-02-14 12:00:00,2.118567,1.1105106,-1.2169411
1986-03-16 00:00:00,1.1640849,1.0973796,-1.1984036
1986-04-15 12:00:00,1.2396677,0.94819164,-0.9648506
1986-05-16 00:00:00,0.019795716,0.8243447,-0.76573074
1986-06-15 12:00:00,1.2117369,0.7170261,-0.59328574
1986-07-16 00:00:00,0.96218103,0.75606537,-0.6563498
1986-08-16 00:00:00,0.19924033,0.71728945,-0.59361684
1986-09-15 12:00:00,0.8719373,0.98748785,-1.0288266
1986-10-16 00:00:00,0.5152776,0.78227174,-0.69754696
1986-11-15 12:00:00,1.1328673,0.7542425,-0.65119964
1986-12-16 00:00:00,0.6487925,0.9686915,-0.9971017
1987-01-16 00:00:00,0.957599,1.0749733,-1.1662354
1987-02-14 12:00:00,1.1132734,1.0777544,-1.1699095
1987-03-16 00:00:00,1.2614354,1.0781093,-1.1700777
1987-04-15 12:00:00,0.89893377,0.88043505,-0.8551901
1987-05-16 00:00:00,0.9601585,0.9457267,-0.9618619
1987-06-15 12:00:00,1.4851273,0.8199151,-0.7587038
1987-07-16 00:00:00,1.0294691,0.7389706,-0.6286416
1987-08-16 00:00:00,0.5103472,0.7073768,-0.5775384
1987-09-15 12:00:00,0.12293178,0.7157383,-0.59118587
1987-10-16 00:00:00,0.38954842,1.0013584,-1.046848
1987-11-15 12:00:00,1.4006236,1.0175574,-1.0753033
1987-12-16 00:00:00,1.5759814,1.0863461,-1.1837854
1988-01-16 00:00:00,0.9304261,1.088273,-1.185739
1988-02-15 00:00:00,0.64933825,0.9010297,-0.88732475
1988-03-16 00:00:00,-0.07536769,0.783111,-0.69874007
1988-04-15 12:00:00,1.2526866,1.0547109,-1.1333576
1988-05-16 00:00:00,1.7278354,0.89392453,-0.87751305
1988-06-15 12:00:00,1.4246154,0.8530684,-0.81100565
1988-07-16 00:00:00,1.2028899,0.73927736,-0.62886083
1988-08-16 00:00:00,0.68332744,0.7716923,-0.6823935
1988-09-15 12:00:00,1.2608523,0.73711765,-0.6253941
1988-10-16 00:00:00,0.913496,0.73284984,-0.61866385
1988-11-15 12:00:00,1.7870438,1.0709218,-1.1606313
1988-12-16 00:00:00,0.8311008,1.0731744,-1.162449
1989-01-16 00:00:00,0.43130547,0.9478066,-0.96456534
1989-02-14 12:00:00,1.2083504,0.99337447,-1.0372549
1989-03-16 00:00:00,0.5817121,1.0928617,-1.193309
1989-04-15 12:00:00,1.8681967,0.9182788,-0.91668826
1989-05-16 00:00:00,0.85294944,0.8857408,-0.86495894
1989-06-15 12:00:00,-0.17232984,0.8206288,-0.76109403
1989-07-16 00:00:00,-0.27618414,0.70150554,-0.56782967
1989-08-16 00:00:00,-0.7528726,0.8161423,-0.7527698
1989-09-15 12:00:00,2.0516162,1.0281825,-1.0916859
1989-10-16 00:00:00,1.4494753,1.0212529,-1.0824329
1989-11-15 12:00:00,1.6559091,0.94346064,-0.95807666
1989-12-16 00:00:00,0.40253338,0.7011553,-0.567377
1990-01-16 00:00:00,0.009110689,1.0723981,-1.1613516
1990-02-14 12:00:00,1.4202749,1.052741,-1.1311377
1990-03-16 00:00:00,0.47236016,0.9719249,-1.0031633
1990-04-15 12:00:00,1.4048648,0.9433025,-0.9568172
1990-05-16 00:00:00,0.6579988,1.0471953,-1.1225857
1990-06-15 12:00:00,1.492733,0.72169113,-0.60061705
1990-07-16 00:00:00,0.92829084,0.78573674,-0.70508784
1990-08-16 00:00:00,0.3432916,0.7689253,-0.67700917
1990-09-15 12:00:00,2.0153575,0.83226746,-0.77742106
1990-10-16 00:00:00,1.4266441,0.7776189,-0.6900975
1990-11-15 12:00:00,1.3843989,0.8305729,-0.77509755
1990-12-16 00:00:00,1.1006088,0.9363286,-0.94582635
1991-01-16 00:00:00,0.18162745,0.8159562,-0.7519091
1991-02-14 12:00:00,0.55982083,1.0244935,-1.0852922
1991-03-16 00:00:00,1.7774552,1.1106606,-1.2166202
1991-04-15 12:00:00,0.3708189,0.9078934,-0.8996718
1991-05-16 00:00:00,0.54866433,0.9012864,-0.8895591
1991-06-15 12:00:00,0.669293,0.8087998,-0.7406301
1991-07-16 00:00:00,1.3051152,0.73597896,-0.62422836
1991-08-16 00:00:00,0.074145496,0.77869105,-0.694369
1991-09-15 12:00:00,1.1847987,0.77407694,-0.685009
1991-10-16 00:00:00,1.1451693,1.004663,-1.054864
1991-11-15 12:00:00,0.32638818,0.9162621,-0.9134624
1991-12-16 00:00:00,0.5400275,1.0505102,-1.1278614
1992-01-16 00:00:00,0.930361,0.9948131,-1.0375476
1992-02-15 00:00:00,0.6239991,1.1006217,-1.2029341
1992-03-16 00:00:00,0.9211283,1.0734489,-1.1627692
1992-04-15 12:00:00,1.8601935,0.845813,-0.7990923
1992-05-16 00:00:00,0.74602765,0.7604698,-0.66336554
1992-06-15 12:00:00,0.08834833,0.885691,-0.8659304
1992-07-16 00:00:00,2.5099206,0.828759,-0.7717715
1992-08-16 00:00:00,0.94450223,0.7574636,-0.6593643
1992-09-15 12:00:00,1.3996965,0.7211751,-0.5997824
1992-10-16 00:00:00,0.81699383,1.0176687,-1.0747621
1992-11-15 12:00:00,1.9066299,0.7782396,-0.691697
1992-12-16 00:00:00,2.4021041,1.0992985,-1.2022861
1993-01-16 00:00:00,1.3692199,1.1078813,-1.2129074
1993-02-14 12:00:00,1.4066058,1.1007185,-1.2033216
1993-03-16 00:00:00,1.3278745,1.0798821,-1.1716346
1993-04-15 12:00:00,1.1021199,0.8846942,-0.86341274
1993-05-16 00:00:00,0.15270543,0.95525926,-0.9762762
1993-06-15 12:00:00,0.9741884,0.9217639,-0.9217021
1993-07-16 00:00:00,2.2984345,0.6985402,-0.5629734
1993-08-16 00:00:00,1.9795043,0.7278908,-0.6106383
1993-09-15 12:00:00,-0.31315076,0.72403705,-0.60440373
1993-10-16 00:00:00,0.5156183,0.9250882,-0.9267083
1993-11-15 12:00:00,1.3452839,0.9973038,-1.0431023
1993-12-16 00:00:00,1.1226516,1.0331724,-1.1002545
1994-01-16 00:00:00,0.8831033,1.0115004,-1.0651737
1994-02-14 12:00:00,0.5175666,1.0881726,-1.1859831
1994-03-16 00:00:00,0.64941335,0.9219359,-0.9203629
1994-04-15 12:00:00,1.3584436,1.007569,-1.0588809
1994-05-16 00:00:00,0.22136885,0.9910879,-1.0325423
1994-06-15 12:00:00,-0.104497075,0.6972266,-0.5608771
1994-07-16 00:00:00,0.053704023,0.7084,-0.5790427
1994-08-16 00:00:00,0.52362466,0.7018398,-0.56862116
1994-09-15 12:00:00,1.293663,0.80940115,-0.7411718
1994-10-16 00:00:00,0.91454285,0.8821294,-0.85693043
1994-11-15 12:00:00,1.1087096,1.0837348,-1.1799725
1994-12-16 00:00:00,0.62040055,1.0541277,-1.1342882
1995-01-16 00:00:00,1.3857965,1.1127403,-1.2182859
1995-02-14 12:00:00,1.0578717,0.9108161,-0.9024724
1995-03-16 00:00:00,1.029305,1.1096582,-1.2153243
1995-04-15 12:00:00,1.1861113,1.0603434,-1.1442194
1995-05-16 00:00:00,1.3163242,1.0399315,-1.1115783
1995-06-15 12:00:00,0.9189551,0.9190813,-0.91757137
1995-07-16 00:00:00,0.090158224,0.7335187,-0.6199454
1995-08-16 00:00:00,0.8690294,0.6975621,-0.56156534
1995-09-15 12:00:00,0.28885755,0.7027251,-0.56992537
1995-10-16 00:00:00,0.86104333,0.7000244,-0.5655504
1995-11-15 12:00:00,0.31215233,0.7213106,-0.59976786
1995-12-16 00:00:00,2.1379983,1.0954764,-1.1966178
1996-01-16 00:00:00,1.4343797,1.0964768,-1.1980246
1996-02-15 00:00:00,1.0373816,1.1023384,-1.2058978
1996-03-16 00:00:00,1.0623966,1.0651788,-1.1508614
1996-04-15 12:00:00,0.46815664,1.0250483,-1.0882255
1996-05-16 00:00:00,1.7996855,1.0265641,-1.0911187
1996-06-15 12:00:00,-0.056164384,0.78883165,-0.70890117
1996-07-16 00:00:00,0.9511221,0.7361733,-0.6244777
1996-08-16 00:00:00,1.5551221,0.71448207,-0.5890183
1996-09-15 12:00:00,-0.015894651,0.72409064,-0.60437286
1996-10-16 00:00:00,0.4951939,1.0132277,-1.0671275
1996-11-15 12:00:00,0.807346,1.0765684,-1.1679312
1996-12-16 00:00:00,2.2659335,1.1083028,-1.2139661
1997-01-16 00:00:00,1.2079698,1.1072123,-1.2129883
1997-02-14 12:00:00,0.1049127,0.84756297,-0.8019832
1997-03-16 00:00:00,1.1775672,0.8437278,-0.795535
1997-04-15 12:00:00,1.566728,0.8258458,-0.7681646
1997-05-16 00:00:00,-1.0340991,0.7725222,-0.6828817
1997-06-15 12:00:00,0.41441134,0.87989944,-0.8558875
1997-07-16 00:00:00,0.27896854,0.7558421,-0.6555384
1997-08-16 00:00:00,0.93630785,0.79300964,-0.71625704
1997-09-15 12:00:00,0.38431782,0.7853507,-0.7037633
1997-10-16 00:00:00,0.7553216,0.8702438,-0.8389072
1997-11-15 12:00:00,-0.0065909624,1.0885386,-1.1862555
1997-12-16 00:00:00,0.8258782,1.0661392,-1.1522746
1998-01-16 00:00:00,1.2092775,1.1042198,-1.2080548
1998-02-14 12:00:00,0.7803687,1.1121254,-1.2178267
1998-03-16 00:00:00,0.40683663,1.0832989,-1.1774946
1998-04-15 12:00:00,1.5222344,1.0464454,-1.1209092
1998-05-16 00:00:00,-0.34946525,1.0816922,-1.1759423
1998-06-15 12:00:00,0.5407586,0.95290935,-0.9714033
1998-07-16 00:00:00,0.43312275,0.757278,-0.65859306
1998-08-16 00:00:00,1.4485211,0.6988605,-0.5634652
1998-09-15 12:00:00,1.4089017,0.90476274,-0.89622533
1998-10-16 00:00:00,0.53451335,0.87025565,-0.83845186
1998-11-15 12:00:00,0.9986272,1.0779455,-1.171716
1998-12-16 00:00:00,1.2915103,0.95025486,-0.9678065
1999-01-16 00:00:00,0.8506432,1.0840816,-1.1795537
1999-02-14 12:00:00,1.4069381,1.0914385,-1.1914085
1999-03-16 00:00:00,2.5394127,1.0625975,-1.14766
1999-04-15 12:00:00,1.6578282,1.0306368,-1.0964748
1999-05-16 00:00:00,2.4240985,0.77932227,-0.69376135
1999-06-15 12:00:00,0.28903514,0.7835651,-0.7000886
1999-07-16 00:00:00,0.53013355,0.7185079,-0.59525275
1999-08-16 00:00:00,1.1041764,0.7738465,-0.68594897
1999-09-15 12:00:00,1.6034133,0.7211453,-0.599722
1999-10-16 00:00:00,1.0274912,0.806763,-0.7374749
1999-11-15 12:00:00,0.92000973,1.0126147,-1.0687842
1999-12-16 00:00:00,1.8973765,0.77098334,-0.6799981
2000-01-16 00:00:00,0.18532485,1.1017869,-1.2055178
2000-02-15 00:00:00,1.1673272,1.106967,-1.2119437
2000-03-16 00:00:00,1.8230891,1.01693,-1.0741398
2000-04-15 12:00:00,0.7351651,1.0273163,-1.0908871
2000-05-16 00:00:00,1.7649506,0.9431365,-0.956943
2000-06-15 12:00:00,0.09388435,0.78703684,-0.70567125
2000-07-16 00:00:00,0.6997587,0.70542705,-0.57425755
2000-08-16 00:00:00,0.4927957,0.75484055,-0.65453374
2000-09-15 12:00:00,0.3088213,0.7932291,-0.71565825
2000-10-16 00:00:00,0.6939868,1.0492713,-1.1245744
2000-11-15 12:00:00,0.70536494,0.86118007,-0.82513314
2000-12-16 00:00:00,1.2766404,0.8401867,-0.79168206
2001-01-16 00:00:00,1.3387883,1.0779278,-1.169398
2001-02-14 12:00:00,1.3044298,1.0899861,-1.1881078
2001-03-16 00:00:00,2.0625744,1.0395579,-1.1087413
2001-04-15 12:00:00,0.5476225,1.0301986,-1.0954344
2001-05-16 00:00:00,1.1991109,0.7084036,-0.5791618
2001-06-15 12:00:00,1.2249217,0.72089654,-0.59877235
2001-07-16 00:00:00,1.5644044,0.75841665,-0.65964204
2001-08-16 00:00:00,1.1293354,0.70719415,-0.57735014
2001-09-15 12:00:00,-0.17426687,0.78298557,-0.69962114
2001-10-16 00:00:00,0.31312007,0.86077213,-0.82374185
2001-11-15 12:00:00,1.5587745,1.0803809,-1.1746057
2001-12-16 00:00:00,-0.027602553,1.0992584,-1.2022463
2002-01-16 00:00:00,1.2549884,1.0231292,-1.0838271
2002-02-14 12:00:00,1.6908512,0.9635072,-0.98982626
2002-03-16 00:00:00,1.8830426,1.0447931,-1.1182764
2002-04-15 12:00:00,0.19220185,0.9201624,-0.9196939
2002-05-16 00:00:00,0.2021308,0.8606031,-0.8238962
2002-06-15 12:00:00,0.35268793,0.71941775,-0.59716946
2002-07-16 00:00:00,0.75710756,0.728531,-0.61211383
2002-08-16 00:00:00,0.74317104,0.7034233,-0.57121766
2002-09-15 12:00:00,-0.34199935,0.74053437,-0.6305366
2002-10-16 00:00:00,2.3683324,0.7216463,-0.60062647
2002-11-15 12:00:00,1.2111151,1.0647976,-1.1501292
2002-12-16 00:00:00,0.733951,1.1043767,-1.2090913
2003-01-16 00:00:00,0.91690075,0.95388883,-0.9736683
2003-02-14 12:00:00,1.7371876,1.0331864,-1.0994684
2003-03-16 00:00:00,0.4866894,1.0254195,-1.0884278
2003-04-15 12:00:00,0.9297367,1.0811923,-1.1760851
2003-05-16 00:00:00,0.62455404,0.9762128,-1.0086721
2003-06-15 12:00:00,0.6383538,0.70920444,-0.5804238
2003-07-16 00:00:00,0.6357878,0.76448464,-0.67006934
2003-08-16 00:00:00,0.3303876,0.87397224,-0.846322
2003-09-15 12:00:00,2.1621466,0.71131146,-0.5837633
2003-10-16 00:00:00,-0.28196955,0.75851953,-0.65929705
2003-11-15 12:00:00,-0.21734786,1.0188308,-1.0785702
2003-12-16 00:00:00,0.8153174,1.0990002,-1.2016087
2004-01-16 00:00:00,0.8679766,1.0417383,-1.1148975
2004-02-15 00:00:00,1.4132996,1.0968866,-1.1982161
2004-03-16 00:00:00,1.7665619,0.89996773,-0.8861157
2004-04-15 12:00:00,0.090364456,0.7986647,-0.72459316
2004-05-16 00:00:00,-0.8685739,0.7905799,-0.7112184
2004-06-15 12:00:00,1.1419233,0.74731886,-0.6423179
2004-07-16 00:00:00,-0.26358533,0.7337433,-0.62052196
2004-08-16 00:00:00,0.7840088,0.7339239,-0.62078947
2004-09-15 12:00:00,1.1971587,0.72734547,-0.60957664
2004-10-16 00:00:00,1.1339858,1.0788121,-1.1714406
2004-11-15 12:00:00,1.4978503,1.014503,-1.0708382
2004-12-16 00:00:00,0.87630767,1.1004775,-1.2030678
2005-01-16 00:00:00,1.4941636,1.0950313,-1.1951747
2005-02-14 12:00:00,0.8869251,1.0819595,-1.1760999
2005-03-16 00:00:00,1.1285341,1.0863987,-1.1833884
2005-04-15 12:00:00,2.1876097,1.0164077,-1.0734185
2005-05-16 00:00:00,0.63578117,1.0516293,-1.1292316
2005-06-15 12:00:00,0.018307328,0.8349971,-0.7831205
2005-07-16 00:00:00,0.7901972,0.70251685,-0.5695461
2005-08-16 00:00:00,1.5448813,0.72936994,-0.6125627
2005-09-15 12:00:00,1.0967066,0.7566245,-0.6559485
2005-10-16 00:00:00,0.4931642,0.7965137,-0.720635
2005-11-15 12:00:00,1.3222156,0.9972441,-1.0450336
2005-12-16 00:00:00,0.28773344,1.1055739,-1.2111565
2006-01-16 00:00:00,1.8073249,1.0886486,-1.1859903
2006-02-14 12:00:00,1.2344191,1.057224,-1.1391335
2006-03-16 00:00:00,1.1722682,1.1041586,-1.2079622
2006-04-15 12:00:00,1.2673253,1.0966473,-1.1984935
2006-05-16 00:00:00,1.0492306,0.9316707,-0.938281
2006-06-15 12:00:00,0.40267795,0.742942,-0.6345147
2006-07-16 00:00:00,0.22735676,0.7246265,-0.60534793
2006-08-16 00:00:00,-0.9759728,0.70100343,-0.5671418
2006-09-15 12:00:00,0.24628413,0.70216703,-0.5688842
2006-10-16 00:00:00,1.6208622,0.8367402,-0.7859836
2006-11-15 12:00:00,0.57582164,0.9942988,-1.0398697
2006-12-16 00:00:00,0.5026816,1.0629768,-1.1480812
2007-01-16 00:00:00,0.24798352,0.89488393,-0.87843126
2007-02-14 12:00:00,1.3844804,1.0893832,-1.1876761
2007-03-16 00:00:00,0.6998719,0.84452254,-0.79755867
2007-04-15 12:00:00,1.9877515,0.9825221,-1.0195754
2007-05-16 00:00:00,0.6673993,0.8011066,-0.728779
2007-06-15 12:00:00,1.0374038,0.7197646,-0.59733814
2007-07-16 00:00:00,0.5452306,0.7382405,-0.6274615
2007-08-16 00:00:00,0.63367,0.7146845,-0.5893687
2007-09-15 12:00:00,0.5103125,0.813104,-0.74704856
2007-10-16 00:00:00,-0.14733827,0.9459318,-0.9610799
2007-11-15 12:00:00,0.96401936,0.82057256,-0.7592162
2007-12-16 00:00:00,1.6931496,1.065073,-1.150216
2008-01-16 00:00:00,0.54702884,1.1064532,-1.2115048
2008-02-15 00:00:00,1.897877,1.0762665,-1.1680838
2008-03-16 00:00:00,1.0553567,0.80883306,-0.74124116
2008-04-15 12:00:00,1.6172464,0.7608145,-0.66338056
2008-05-16 00:00:00,0.4645415,0.87905127,-0.85374874
2008-06-15 12:00:00,1.2432462,0.7052542,-0.5738463
2008-07-16 00:00:00,-0.33163738,0.7109145,-0.5829635
2008-08-16 00:00:00,0.4673546,0.7050007,-0.5736216
2008-09-15 12:00:00,1.025233,0.70195466,-0.56864375
2008-10-16 00:00:00,0.45635754,0.8540446,-0.8136919
2008-11-15 12:00:00,0.63493395,1.0191534,-1.0782647
2008-12-16 00:00:00,1.1881666,1.0550659,-1.135202
2009-01-16 00:00:00,1.024242,0.99872446,-1.0455616
2009-02-14 12:00:00,0.90628016,1.0977309,-1.1991256
2009-03-16 00:00:00,0.69526577,1.0560081,-1.1378878
2009-04-15 12:00:00,0.5800847,0.9078378,-0.90007997
2009-05-16 00:00:00,2.3051815,0.9467996,-0.9632192
2009-06-15 12:00:00,1.7812114,0.9069658,-0.89851797
2009-07-16 00:00:00,1.3098242,0.7138206,-0.58819145
2009-08-16 00:00:00,0.5030198,0.73977554,-0.62968725
2009-09-15 12:00:00,-0.990937,0.726452,-0.60793346
2009-10-16 00:00:00,1.7698792,1.0626221,-1.1468725
2009-11-15 12:00:00,0.7644629,0.84221625,-0.7943869
2009-12-16 00:00:00,1.2326894,1.0759981,-1.1671222
2010-01-16 00:00:00,-0.3294294,1.1040615,-1.2079161
2010-02-14 12:00:00,2.0138757,1.0861526,-1.1825386
2010-03-16 00:00:00,0.6065463,1.0428455,-1.1166502
2010-04-15 12:00:00,0.9644599,1.0809314,-1.1753496
2010-05-16 00:00:00,2.6204467,0.9609312,-0.9858585
2010-06-15 12:00:00,1.6372726,0.7271277,-0.6092468
2010-07-16 00:00:00,1.11085,0.7102938,-0.5822863
2010-08-16 00:00:00,1.3770232,0.723585,-0.6038521
2010-09-15 12:00:00,1.3969274,0.7191721,-0.59629244
2010-10-16 00:00:00,1.6877141,1.0628991,-1.1480714
2010-11-15 12:00:00,1.6545689,1.0609376,-1.144792
2010-12-16 00:00:00,0.9759748,1.1062446,-1.2110647
2011-01-16 00:00:00,0.46581143,1.0222874,-1.0816765
2011-02-14 12:00:00,1.1851948,1.0837753,-1.1801158
2011-03-16 00:00:00,0.88900954,1.1050148,-1.2095902
2011-04-15 12:00:00,-0.18319684,0.92063326,-0.921148
2011-05-16 00:00:00,1.2643375,0.99349123,-1.0376861
2011-06-15 12:00:00,-0.23667908,1.0139396,-1.0705162
2011-07-16 00:00:00,1.6190112,0.7248596,-0.6059607
2011-08-16 00:00:00,1.2524961,0.70838773,-0.5792932
2011-09-15 12:00:00,1.2285358,0.74198896,-0.63353884
2011-10-16 00:00:00,0.24518156,0.97129244,-1.0008527
2011-11-15 12:00:00,0.5163651,1.0095148,-1.0625064
2011-12-16 00:00:00,0.8830588,0.7299325,-0.6133094
2012-01-16 00:00:00,0.7466873,1.0626523,-1.147386
2012-02-15 00:00:00,1.0242537,0.99145716,-1.0346909
2012-03-16 00:00:00,2.1447012,1.0901561,-1.1890682
2012-04-15 12:00:00,0.48965114,1.0504618,-1.1265862
2012-05-16 00:00:00,0.38771003,0.7424092,-0.63372254
2012-06-15 12:00:00,1.1219413,0.75699043,-0.65731114
2012-07-16 00:00:00,-0.23541474,0.71142113,-0.58420897
2012-08-16 00:00:00,1.3042953,0.7162495,-0.59192926
2012-09-15 12:00:00,0.33513612,0.70733535,-0.5773042
2012-10-16 00:00:00,1.0764873,0.9110519,-0.9055442
2012-11-15 12:00:00,1.0553591,1.086539,-1.1838889
2012-12-16 00:00:00,1.3696718,1.1005422,-1.203923
2013-01-16 00:00:00,1.2642891,0.9325601,-0.93923587
2013-02-14 12:00:00,0.88065654,0.8277156,-0.7704377
2013-03-16 00:00:00,-0.5425582,0.96606505,-0.99341387
2013-04-15 12:00:00,0.7415601,0.85067433,-0.8079342
2013-05-16 00:00:00,1.4443591,0.8259621,-0.7691928
2013-06-15 12:00:00,1.9094008,0.7778057,-0.6911706
2013-07-16 00:00:00,0.6028062,0.74599844,-0.64052373
2013-08-16 00:00:00,1.6499763,0.7461133,-0.6400323
2013-09-15 12:00:00,0.02993238,0.80511266,-0.7350259
2013-10-16 00:00:00,1.3508736,0.77380395,-0.68377924
2013-11-15 12:00:00,0.6065126,0.89776975,-0.88206816
2013-12-16 00:00:00,1.5718086,0.8401412,-0.7908386
2014-01-16 00:00:00,-0.014243126,0.8667987,-0.83400077
2014-02-14 12:00:00,1.0040269,1.0902445,-1.1892799
2014-03-16 00:00:00,0.6483991,1.0541391,-1.1339947
2014-04-15 12:00:00,1.420726,0.9504359,-0.9672136
2014-05-16 00:00:00,-0.23846799,0.80436677,-0.7332981
2014-06-15 12:00:00,-0.44175315,0.704515,-0.5726196
2014-07-16 00:00:00,-0.034310997,0.78032565,-0.695865
2014-08-16 00:00:00,1.2485118,0.77981305,-0.6948461
2014-09-15 12:00:00,2.1965399,0.8191415,-0.757515
2014-10-16 00:00:00,0.4760513,0.8935955,-0.8764269
2014-11-15 12:00:00,0.29067826,1.0030966,-1.052043
2014-12-16 00:00:00,1.2506728,1.1019075,-1.2053407
2015-01-16 00:00:00,-0.7234024,0.72516954,-0.6049951
2015-02-14 12:00:00,1.096787,1.0627334,-1.1473424
2015-03-16 00:00:00,-0.5769382,0.7748051,-0.6856357
2015-04-15 12:00:00,0.59741205,0.9494653,-0.96637374
2015-05-16 00:00:00,1.459591,0.96235543,-0.98784524
2015-06-15 12:00:00,-0.026750386,0.7819954,-0.6980043
2015-07-16 00:00:00,-1.052947,0.8848479,-0.8654402
2015-08-16 00:00:00,1.4008709,0.7228043,-0.6027808
2015-09-15 12:00:00,0.013044536,0.751056,-0.6476161
2015-10-16 00:00:00,0.4612812,0.8868314,-0.86468786
2015-11-15 12:00:00,-0.0165174,1.0468769,-1.1216898
2015-12-16 00:00:00,1.2291906,1.0815454,-1.1765845
2016-01-16 00:00:00,0.293602,1.1031344,-1.2069589
2016-02-15 00:00:00,-0.118447185,0.89149845,-0.87403375
2016-03-16 00:00:00,1.3600339,1.0964582,-1.1979529
2016-04-15 12:00:00,1.5490408,0.99782085,-1.0434517
2016-05-16 00:00:00,0.5540985,0.9476637,-0.96342343
2016-06-15 12:00:00,0.47553384,0.72554046,-0.606577
2016-07-16 00:00:00,-0.109072804,0.7025306,-0.56960464
2016-08-16 00:00:00,2.264526,0.7077514,-0.57814425
2016-09-15 12:00:00,0.7290168,0.70905876,-0.5801273
2016-10-16 00:00:00,1.5194542,1.080349,-1.1755075
2016-11-15 12:00:00,0.7140218,1.0273645,-1.0911533
2016-12-16 00:00:00,1.121222,1.0853202,-1.1815097
2017-01-16 00:00:00,0.6663411,1.1109842,-1.2176542
2017-02-14 12:00:00,0.6412171,1.108609,-1.2145089
2017-03-16 00:00:00,0.37953788,1.0533178,-1.1326206
2017-04-15 12:00:00,1.6649749,1.0584337,-1.1410589
2017-05-16 00:00:00,1.0465488,0.80031294,-0.7270469
2017-06-15 12:00:00,1.2098097,0.7808056,-0.6958565
2017-07-16 00:00:00,1.0043674,0.71551275,-0.59059924
2017-08-16 00:00:00,0.5661979,0.764748,-0.67072874
2017-09-15 12:00:00,1.5119541,0.7950951,-0.71924204
2017-10-16 00:00:00,-0.24329042,0.7594745,-0.66123986
2017-11-15 12:00:00,1.1043622,1.0624251,-1.1479471
2017-12-16 00:00:00,-0.04092729,0.7479206,-0.64239556
2018-01-16 00:00:00,1.988522,1.0735695,-1.1635412
2018-02-14 12:00:00,0.40394408,0.8599259,-0.82232493
2018-03-16 00:00:00,1.4162757,1.1023927,-1.2060251
2018-04-15 12:00:00,1.5498707,1.0259771,-1.0896333
2018-05-16 00:00:00,0.3977853,0.915387,-0.91326475
2018-06-15 12:00:00,-0.1626426,0.7048221,-0.57308626
2018-07-16 00:00:00,0.7106799,0.7438784,-0.6369113
2018-08-16 00:00:00,1.53476,0.7088181,-0.5798076
2018-09-15 12:00:00,0.43262413,0.6934416,-0.5547333
2018-10-16 00:00:00,1.2533026,0.8292193,-0.7728706
2018-11-15 12:00:00,0.38497162,1.0708253,-1.1583698
2018-12-16 00:00:00,0.76949745,1.0404651,-1.1112636
2019-01-16 00:00:00,1.4887313,1.0990344,-1.2018583
2019-02-14 12:00:00,1.0101545,1.1086515,-1.2148349
2019-03-16 00:00:00,1.348072,1.0936415,-1.193934
2019-04-15 12:00:00,-0.14704126,0.9398709,-0.9513071
2019-05-16 00:00:00,1.3291107,1.073365,-1.1623454
2019-06-15 12:00:00,2.5059226,0.73747206,-0.62605655
2019-07-16 00:00:00,0.7956327,0.7291693,-0.6128824
2019-08-16 00:00:00,1.1542137,0.723088,-0.6031299
2019-09-15 12:00:00,1.4994127,0.816712,-0.75394565
2019-10-16 00:00:00,0.7236057,0.6934626,-0.5546629
2019-11-15 12:00:00,0.8977322,1.0091324,-1.0612662
2019-12-16 00:00:00,1.128619,1.0993278,-1.2023412
2020-01-16 00:00:00,1.5577521,0.97268516,-1.004348
2020-02-15 00:00:00,0.23922762,0.7238536,-0.603547
2020-03-16 00:00:00,2.191606,1.0759866,-1.1669774
2020-04-15 12:00:00,0.71736467,1.0314465,-1.0960327
2020-05-16 00:00:00,1.060368,0.9246047,-0.92751926
2020-06-15 12:00:00,0.73782206,0.7445152,-0.6374735
2020-07-16 00:00:00,0.7000649,0.72251666,-0.60269296
2020-08-16 00:00:00,0.07005316,0.73075783,-0.6153695
2020-09-15 12:00:00,0.1717977,0.7008611,-0.56679004
2020-10-16 00:00:00,2.244514,0.6926513,-0.5534058
2020-11-15 12:00:00,0.43387043,0.9297406,-0.93511766
2020-12-16 00:00:00,0.4343803,0.9927723,-1.0360016
2021-01-16 00:00:00,1.3399935,1.0879916,-1.1853498
2021-02-14 12:00:00,1.211051,0.9416776,-0.9550149
2021-03-16 00:00:00,0.30217868,1.0169363,-1.0739731
2021-04-15 12:00:00,1.0579504,0.7810397,-0.6959308
2021-05-16 00:00:00,0.28989023,0.7665026,-0.67293346
2021-06-15 12:00:00,-0.43647504,0.7231972,-0.60336417
2021-07-16 00:00:00,1.1378875,0.75342846,-0.65297693
2021-08-16 00:00:00,-0.23372847,0.701106,-0.56728905
2021-09-15 12:00:00,1.6266088,0.7215982,-0.6001122
2021-10-16 00:00:00,1.6841406,1.0872372,-1.1850064
2021-11-15 12:00:00,-0.1864729,0.8776518,-0.8519712
2021-12-16 00:00:00,0.80242634,1.1049476,-1.2097795
2022-01-16 00:00:00,1.1029341,0.7447449,-0.6376304
2022-02-14 12:00:00,0.9655053,0.778838,-0.6921244
2022-03-16 00:00:00,0.34015018,0.97593415,-1.0078079
2022-04-15 12:00:00,0.67323947,0.9908928,-1.0340859
2022-05-16 00:00:00,0.7057643,0.7536576,-0.65215665
2022-06-15 12:00:00,1.0535058,0.7616507,-0.6650633
2022-07-16 00:00:00,0.6760948,0.71453416,-0.5891833
2022-08-16 00:00:00,0.6946965,0.7708367,-0.67975366
2022-09-15 12:00:00,-0.1146481,0.9358839,-0.94429654
2022-10-16 00:00:00,0.3620206,0.7108163,-0.5828142
2022-11-15 12:00:00,1.2636411,1.0297306,-1.095298
2022-12-16 00:00:00,1.8228698,1.108177,-1.2138375
2023-01-16 00:00:00,0.8139285,1.1088717,-1.2144312
2023-02-14 12:00:00,0.6580553,1.0861361,-1.1823299
2023-03-16 00:00:00,1.2434335,1.1082182,-1.213766
2023-04-15 12:00:00,0.59746015,0.7931175,-0.71601355
2023-05-16 00:00:00,1.2138042,0.9744916,-1.0090407
2023-06-15 12:00:00,-0.5148444,0.8838316,-0.86194897
2023-07-16 00:00:00,0.07193142,0.70934236,-0.58069867
2023-08-16 00:00:00,2.2319496,0.88024807,-0.85506403
2023-09-15 12:00:00,0.49564072,0.87143517,-0.84167886
2023-10-16 00:00:00,1.0888138,0.7804371,-0.69467986
2023-11-15 12:00:00,0.6873971,0.9916159,-1.0348698
2023-12-16 00:00:00,0.9546525,1.0677943,-1.1541126
2024-01-16 00:00:00,1.6504409,1.0903077,-1.1890514
2024-02-15 00:00:00,0.8701849,1.1038449,-1.2075577
2024-03-16 00:00:00,1.5492663,1.0877366,-1.1858158
2024-04-15 12:00:00,0.48264027,1.0078033,-1.0592046
2024-05-16 00:00:00,1.0833572,0.8758339,-0.84879434
2024-06-15 12:00:00,-0.82256824,0.71617156,-0.591716
2024-07-16 00:00:00,1.006617,0.729033,-0.61246485
2024-08-16 00:00:00,0.76755476,0.7299822,-0.61388284
2024-09-15 12:00:00,0.435604,0.7530031,-0.65159374
2024-10-16 00:00:00,1.1433614,0.78027654,-0.6942565
2024-11-15 12:00:00,0.9333749,1.0768669,-1.1685164
2024-12-16 00:00:00,2.002405,1.0695338,-1.1584295
2025-01-16 00:00:00,0.30940634,0.86637706,-0.8325741
2025-02-14 12:00:00,0.6572278,1.0956151,-1.1970408
2025-03-16 00:00:00,0.47059923,1.0849583,-1.1809169
2025-04-15 12:00:00,-0.72290033,0.9028912,-0.8919115
2025-05-16 00:00:00,0.113042116,0.7920226,-0.7139228
2025-06-15 12:00:00,1.1744606,0.71672356,-0.59279495
