time,PC1,PC2
1940-01-16 00:00:00,-0.03510410090123739,-0.26483727759019127
1940-02-15 00:00:00,-0.3473719772106605,-0.5038043274615981
1940-03-16 00:00:00,0.12567509283285733,-0.05441290900180712
1940-04-15 12:00:00,-0.3892943713620696,-0.5384017576850679
1940-05-16 00:00:00,-0.07016561422140638,0.3508922293814344
1940-06-15 12:00:00,0.004670963273975315,0.9321412169392432
1940-07-16 00:00:00,-0.3644050752649449,1.1588656660029515
1940-08-16 00:00:00,-0.3696892870536335,0.15793630064405284
1940-09-15 12:00:00,-0.3811512641861763,-0.45136317561806333
1940-10-16 00:00:00,-0.5292630197453789,0.8994423739238356
1940-11-15 12:00:00,-0.3344101441629661,0.1598963367415448
1940-12-16 00:00:00,-0.15094060417492783,0.6675464457001578
1941-01-16 00:00:00,-0.34478034356709847,-0.464946193532803
1941-02-14 12:00:00,-0.17083561444286977,0.029592532885374
1941-03-16 00:00:00,-0.29117192570530565,-0.2786875498048846
1941-04-15 12:00:00,-0.44167506326347683,1.049023410152087
1941-05-16 00:00:00,0.13184446052748783,-0.36030124764074145
1941-06-15 12:00:00,-0.430827204759089,0.6276188354511606
1941-07-16 00:00:00,0.22452551763861855,-0.346203337993427
1941-08-16 00:00:00,0.14245217454470444,-0.46875819174913613
1941-09-15 12:00:00,-0.4317350769236214,-0.2030529385606371
1941-10-16 00:00:00,-0.4803195218600739,0.7515494825990862
1941-11-15 12:00:00,0.47084869641434807,-0.47069229331425094
1941-12-16 00:00:00,-0.38967426630187413,-0.5008679427510453
1942-01-16 00:00:00,-0.32691088566666604,-0.3982224177522308
1942-02-14 12:00:00,-0.4505020266244361,-0.2778309718850744
1942-03-16 00:00:00,-0.4881252522412832,0.3616440263525347
1942-04-15 12:00:00,0.306441586512704,0.2570286792252101
1942-05-16 00:00:00,-0.3339105330783958,-0.5067103007254019
1942-06-15 12:00:00,-0.2923536536555542,-0.445980632369268
1942-07-16 00:00:00,-0.31404228629990827,0.1847227444422226
1942-08-16 00:00:00,-0.4966649066655794,0.19244001220069595
1942-09-15 12:00:00,0.1046367244279906,0.011197488075958661
1942-10-16 00:00:00,-0.2661489539098376,-0.5056015036579182
1942-11-15 12:00:00,0.6805051662140909,-0.42125886114028965
1942-12-16 00:00:00,-0.43395474722226907,0.10122854417138405
1943-01-16 00:00:00,-0.00018748843644628144,0.06499994942916931
1943-02-14 12:00:00,0.32104570809796656,-0.4371369477044138
1943-03-16 00:00:00,-0.06987232199466392,-0.03995923375246535
1943-04-15 12:00:00,-0.29301799425503455,-0.5318491074234558
1943-05-16 00:00:00,0.42589319684278343,-0.20205967810536984
1943-06-15 12:00:00,-0.2758235244191558,-0.44029844537528706
1943-07-16 00:00:00,-0.45087934800445073,-0.4093361911356523
1943-08-16 00:00:00,-0.10448124325147135,0.22206875990997732
1943-09-15 12:00:00,-0.28354646272374573,-0.3808128980105052
1943-10-16 00:00:00,0.8842225737206075,-0.4458850756552382
1943-11-15 12:00:00,-0.33768103115639503,0.1908984133909294
1943-12-16 00:00:00,-0.33233093543417624,-0.04896376795282298
1944-01-16 00:00:00,-0.3364445807179003,-0.4617681754576297
1944-02-15 00:00:00,-0.03942507528466144,-0.3986720508522445
1944-03-16 00:00:00,-0.46928173111502336,-0.55142066135573
1944-04-15 12:00:00,-0.36695771794358745,-0.3990123261999766
1944-05-16 00:00:00,0.4860782513032384,-0.28747723256787233
1944-06-15 12:00:00,-0.43165009362135076,-0.5288257362838202
1944-07-16 00:00:00,-0.3770902963755014,-0.40510273308487454
1944-08-16 00:00:00,0.11796340141022182,-0.49850637206038695
1944-09-15 12:00:00,-0.17813317594369282,0.928253242901732
1944-10-16 00:00:00,-0.14002993063520763,0.669064577064879
1944-11-15 12:00:00,1.6670563750802192,0.5591831286678729
1944-12-16 00:00:00,1.1479661701758492,-0.0106519503299638
1945-01-16 00:00:00,-0.3098066226730629,-0.035701045554463406
1945-02-14 12:00:00,0.2564515696534562,-0.3923223926322721
1945-03-16 00:00:00,1.365203249563582,0.3304127129261577
1945-04-15 12:00:00,-0.38709107402233994,-0.35055698159108584
1945-05-16 00:00:00,-0.3875622593627027,-0.4151730698910189
1945-06-15 12:00:00,0.23391697661475525,-0.30900511300821915
1945-07-16 00:00:00,-0.46864180696274665,-0.42702728234712223
1945-08-16 00:00:00,0.08475783461391023,-0.12250334305289612
1945-09-15 12:00:00,-0.4193625992378439,0.11483405205597019
1945-10-16 00:00:00,-0.5047804656299567,0.11886054457053308
1945-11-15 12:00:00,0.6206933113429856,-0.42158434784567644
1945-12-16 00:00:00,0.20108274971206624,-0.03227183241250131
1946-01-16 00:00:00,0.07063133723520137,-0.3242679380090503
1946-02-14 12:00:00,-0.3428697985029501,-0.009487988185166163
1946-03-16 00:00:00,-0.2583696946154218,-0.17136244161831737
1946-04-15 12:00:00,0.10469986916486479,0.04026389644360373
1946-05-16 00:00:00,-0.4086507444409623,-0.3888115465729619
1946-06-15 12:00:00,-0.33318021447447843,-0.48696871908830974
1946-07-16 00:00:00,0.7694660799313673,-0.2924926842946609
1946-08-16 00:00:00,-0.007634403316948257,-0.42481641872560216
1946-09-15 12:00:00,-0.30896210688905884,-0.46186215813252096
1946-10-16 00:00:00,-0.38284205006532124,0.08999113628101019
1946-11-15 12:00:00,-0.16718360979245528,-0.343951060170406
1946-12-16 00:00:00,-0.44497576985919796,0.09600016306033243
1947-01-16 00:00:00,-0.2920030002930414,-0.4846529030936569
1947-02-14 12:00:00,0.34371040315204654,-0.3023502359551906
1947-03-16 00:00:00,-0.4690442593596257,-0.43925469968773223
1947-04-15 12:00:00,-0.3293111448461178,-0.39427082649193357
1947-05-16 00:00:00,-0.0946931762895275,-0.1301228140707099
1947-06-15 12:00:00,-0.4238258301605363,0.021720656952244122
1947-07-16 00:00:00,-0.18236894215056815,-0.2424053244986879
1947-08-16 00:00:00,-0.08031299264242259,0.0029112847447191337
1947-09-15 12:00:00,0.9850495276241353,-0.0030821110623692194
1947-10-16 00:00:00,0.848765886346498,-0.32234108937837924
1947-11-15 12:00:00,-0.18696616522872472,-0.475209871949286
1947-12-16 00:00:00,-0.43696773438469305,-0.17644554979540145
1948-01-16 00:00:00,-0.4679037867667782,-0.1805503873555167
1948-02-15 00:00:00,-0.5194181939664355,0.8167843360288257
1948-03-16 00:00:00,-0.4660826844154378,-0.15596959977805108
1948-04-15 12:00:00,-0.2175418182917842,-0.3797834695684903
1948-05-16 00:00:00,0.30471806163421206,-0.1209212025698213
1948-06-15 12:00:00,0.29899497018441673,-0.26586902760981074
1948-07-16 00:00:00,0.14507385228935626,0.7330483368491841
1948-08-16 00:00:00,-0.45306668879455275,0.10450490189607076
1948-09-15 12:00:00,0.44943428904639554,0.5853607697334845
1948-10-16 00:00:00,-0.07768864733036102,-0.16614984540441086
1948-11-15 12:00:00,0.197423013664562,0.13750418263887487
1948-12-16 00:00:00,0.06963491668310179,-0.38408991067440923
1949-01-16 00:00:00,-0.3835128344677779,-0.503109950328544
1949-02-14 12:00:00,-0.3597335832501206,0.36282407076838197
1949-03-16 00:00:00,0.9001037324425867,-0.3784857301081221
1949-04-15 12:00:00,-0.057984144195831255,0.4703059985072452
1949-05-16 00:00:00,0.49606115341453033,-0.17526637926796756
1949-06-15 12:00:00,0.5818515795692609,-0.06189284337117129
1949-07-16 00:00:00,0.283231326821969,-0.3068860835600329
1949-08-16 00:00:00,0.0817540139489627,-0.49280492764347084
1949-09-15 12:00:00,0.7033059858925272,-0.41777129865486295
1949-10-16 00:00:00,-0.47453909240557207,-0.21843386425069888
1949-11-15 12:00:00,-0.25587338216348104,-0.4481907315992427
1949-12-16 00:00:00,-0.4304396121503072,0.33909434084137946
1950-01-16 00:00:00,-0.46607368177609515,-0.11540619535325852
1950-02-14 12:00:00,-0.3340510669651795,0.6854259992934658
1950-03-16 00:00:00,-0.44323339446640564,1.3653536894983178
1950-04-15 12:00:00,-0.44812351192629607,-0.39291927967714385
1950-05-16 00:00:00,0.24689288871528586,-0.16016405504436493
1950-06-15 12:00:00,-0.2677963204670815,-0.5311315241371918
1950-07-16 00:00:00,-0.008866799765736733,-0.24737178896148243
1950-08-16 00:00:00,-0.22951576224668147,1.138558110907506
1950-09-15 12:00:00,-0.20794819896357702,-0.27254413751767953
1950-10-16 00:00:00,-0.1468809600724384,0.901853405815579
1950-11-15 12:00:00,-0.4787878772950785,-0.25281209293823165
1950-12-16 00:00:00,-0.3871837818891114,0.07956927294508098
1951-01-16 00:00:00,-0.026974507022184846,2.8004811779380088
1951-02-14 12:00:00,0.9759250254395193,-0.33868350590659835
1951-03-16 00:00:00,-0.12157846377957215,-0.4706364521597648
1951-04-15 12:00:00,-0.26107782557076126,-0.3613426070575296
1951-05-16 00:00:00,-0.1755125339060405,-0.1563860620135214
1951-06-15 12:00:00,0.7014510814221915,-0.17172197575992887
1951-07-16 00:00:00,1.2288901009200075,-0.1549728128659128
1951-08-16 00:00:00,-0.25681995066877966,0.7742322206484163
1951-09-15 12:00:00,-0.1333820777699416,0.02525260333358126
1951-10-16 00:00:00,-0.19522565351691418,0.1634050025588606
1951-11-15 12:00:00,0.20010298705425317,0.293579737500008
1951-12-16 00:00:00,-0.43088344318324845,0.6062219801555885
1952-01-16 00:00:00,0.15724373724343593,-0.036550783301607104
1952-02-15 00:00:00,-0.2830214196019357,-0.03937582155805597
1952-03-16 00:00:00,-0.1931896877663311,-0.5241885747305466
1952-04-15 12:00:00,-0.381785259964017,0.49464416800300504
1952-05-16 00:00:00,0.18206539283277462,0.4370130809184104
1952-06-15 12:00:00,0.21195786251608378,-0.4533086753718543
1952-07-16 00:00:00,0.05708613031769133,-0.4684745821629971
1952-08-16 00:00:00,-0.45073498802026907,-0.42957615457355264
1952-09-15 12:00:00,-0.26206318074390644,0.2858944382987164
1952-10-16 00:00:00,0.27276208917807204,0.1913051524378676
1952-11-15 12:00:00,0.3113836863625848,0.2369606119971508
1952-12-16 00:00:00,-0.5064898320522528,1.116090246607298
1953-01-16 00:00:00,-0.43869104510379375,-0.40989262465791737
1953-02-14 12:00:00,0.13303866001749515,-0.4637195808034369
1953-03-16 00:00:00,-0.3979246665167552,0.3073655786264684
1953-04-15 12:00:00,-0.10854229569447044,0.23539185520678074
1953-05-16 00:00:00,-0.15341600075538603,-0.10335405870016323
1953-06-15 12:00:00,-0.4004363434988838,-0.2017980383629916
1953-07-16 00:00:00,1.2586863595954705,-0.37275970025016847
1953-08-16 00:00:00,-0.4313788521089524,0.1632276922506608
1953-09-15 12:00:00,-0.43123462360128306,-0.1811078171866397
1953-10-16 00:00:00,-0.05054043792831886,-0.06501551706237174
1953-11-15 12:00:00,0.04110513794117027,-0.22291185123051704
1953-12-16 00:00:00,-0.48289557739243666,0.20308324322049331
1954-01-16 00:00:00,-0.2388451265691132,0.41865622041466255
1954-02-14 12:00:00,-0.13882597706300298,0.7674725584897516
1954-03-16 00:00:00,-0.2461773365821838,-0.05114548852896583
1954-04-15 12:00:00,0.18944390005202222,-0.2030679697765453
1954-05-16 00:00:00,-0.47021901899187313,-0.4219297735667803
1954-06-15 12:00:00,-0.35754334664363085,0.719735128770448
1954-07-16 00:00:00,0.16738360926560697,0.7716600570861877
1954-08-16 00:00:00,0.9097734062393046,0.19775533274358237
1954-09-15 12:00:00,-0.17891293250464185,0.39514349177529473
1954-10-16 00:00:00,0.34663849688256704,0.5103617720522423
1954-11-15 12:00:00,-0.5083487731579248,0.3586455537641974
1954-12-16 00:00:00,0.8098876255422769,0.1381479621664864
1955-01-16 00:00:00,-0.38404941152485217,-0.337427330493111
1955-02-14 12:00:00,-0.43564959690566035,-0.4728231932425814
1955-03-16 00:00:00,-0.2087868414801155,-0.24757225555439222
1955-04-15 12:00:00,0.029076453000721536,1.0566805347710737
1955-05-16 00:00:00,-0.3675749557094544,-0.08774352229211546
1955-06-15 12:00:00,-0.0644066343954447,1.073157997284861
1955-07-16 00:00:00,0.26484258555834944,0.5766144511940191
1955-08-16 00:00:00,-0.26644857020267987,-0.13121958220767493
1955-09-15 12:00:00,-0.5281222726068739,0.33141545398552996
1955-10-16 00:00:00,-0.4971228018421876,0.5687118513043091
1955-11-15 12:00:00,0.5821081762383631,0.13905181402287425
1955-12-16 00:00:00,-0.10825975620084483,0.7793995604126939
1956-01-16 00:00:00,-0.19149468715333767,-0.47888706693221744
1956-02-15 00:00:00,-0.18466284521170656,-0.4436109262445951
1956-03-16 00:00:00,0.3530232435767641,0.025988750536901417
1956-04-15 12:00:00,-0.09095257291810899,0.09360830237543738
1956-05-16 00:00:00,0.3117480152836208,-0.15456008901259266
1956-06-15 12:00:00,-0.24205045970345956,-0.5042445217635683
1956-07-16 00:00:00,-0.04246729574949487,0.09592163142904586
1956-08-16 00:00:00,-0.422214782046769,-0.36050086216717686
1956-09-15 12:00:00,-0.49201085956116075,0.39745417746832223
1956-10-16 00:00:00,0.21533326719419815,-0.30006847024317596
1956-11-15 12:00:00,-0.06157970248666339,-0.11707616798194326
1956-12-16 00:00:00,-0.11382093193699167,0.5456352388111342
1957-01-16 00:00:00,0.48518746940080454,-0.42630509853279597
1957-02-14 12:00:00,-0.17842617569002034,-0.11569477364168868
1957-03-16 00:00:00,-0.37860373550867393,-0.3055222069490151
1957-04-15 12:00:00,-0.0881814034579877,0.02880588430017661
1957-05-16 00:00:00,-0.09615867837877323,-0.27162476736842034
1957-06-15 12:00:00,-0.14596323007795464,-0.2125389862597748
1957-07-16 00:00:00,0.10255850356414581,-0.4682119054104468
1957-08-16 00:00:00,0.10141375179155049,-0.316079014076813
1957-09-15 12:00:00,-0.012314465180723544,-0.1835222212211382
1957-10-16 00:00:00,-0.5670891189224285,0.9721748424459963
1957-11-15 12:00:00,-0.2954734284278857,0.41053987953294546
1957-12-16 00:00:00,0.20167888087902902,-0.2674887197278985
1958-01-16 00:00:00,-0.49361768151567426,0.16491732417581317
1958-02-14 12:00:00,-0.37454896666539805,-0.2626100249731461
1958-03-16 00:00:00,-0.4524713430018926,-0.11726051059588466
1958-04-15 12:00:00,-0.4398036410355529,-0.28242262894858694
1958-05-16 00:00:00,-0.37798386747578616,0.5322779028201253
1958-06-15 12:00:00,-0.07512526815929838,-0.47254502014162647
1958-07-16 00:00:00,0.9428946807608078,0.09310361213720719
1958-08-16 00:00:00,-0.39425182039540374,-0.37960603318444786
1958-09-15 12:00:00,-0.26361329344501905,0.7386984685157453
1958-10-16 00:00:00,-0.08920039707443611,-0.375215694181956
1958-11-15 12:00:00,-0.3261944999782165,0.4426697502692659
1958-12-16 00:00:00,-0.4490780357998903,-0.47913710465060144
1959-01-16 00:00:00,-0.40052041714563996,-0.2728727034616667
1959-02-14 12:00:00,-0.20396675275175985,-0.17851922698035805
1959-03-16 00:00:00,-0.3116593890814391,-0.3470620357889751
1959-04-15 12:00:00,-0.39959004404468834,-0.3727108978663258
1959-05-16 00:00:00,-0.454394104091723,-0.30923046890131445
1959-06-15 12:00:00,-0.30961776449106404,0.3762659668731356
1959-07-16 00:00:00,0.10080433216545387,-0.26445223547262126
1959-08-16 00:00:00,-0.3113293756265452,-0.04589274788488207
1959-09-15 12:00:00,0.11198421104962603,-0.24717548796104832
1959-10-16 00:00:00,-0.010285038838103944,0.5332582748458442
1959-11-15 12:00:00,0.01975951354819494,-0.040141899058159014
1959-12-16 00:00:00,0.18599219338604683,-0.30199511732352585
1960-01-16 00:00:00,-0.3739542680661457,-0.09670848877032201
1960-02-15 00:00:00,0.4419699028693089,1.224425271553324
1960-03-16 00:00:00,-0.2970763697276787,-0.497398237850529
1960-04-15 12:00:00,-0.14430078158118503,1.0426593683126986
1960-05-16 00:00:00,-0.29967375962542697,0.3152558343386773
1960-06-15 12:00:00,0.412472069764006,-0.3909683872285339
1960-07-16 00:00:00,0.052988430600163616,-0.31561857257823167
1960-08-16 00:00:00,0.63484298632947,-0.4308849625914046
1960-09-15 12:00:00,-0.04702496087966229,-0.13780999313768166
1960-10-16 00:00:00,1.05362188830633,-0.3247752734456337
1960-11-15 12:00:00,0.07741600418032951,0.11757784846061137
1960-12-16 00:00:00,-0.2968650695210809,0.09437007941465803
1961-01-16 00:00:00,-0.45144462932709456,-0.3570876665260594
1961-02-14 12:00:00,-0.4779265720074229,-0.2730046164787591
1961-03-16 00:00:00,-0.31418130100935426,0.21777912597874527
1961-04-15 12:00:00,-0.18968775259359377,-0.3221337828642029
1961-05-16 00:00:00,0.01038465605623895,0.44704284414012363
1961-06-15 12:00:00,-0.07671584705356582,0.8968968044901916
1961-07-16 00:00:00,1.474431451005608,-0.3410639494870318
1961-08-16 00:00:00,0.3521318924116767,0.2001794740413133
1961-09-15 12:00:00,-0.1842554733856609,-0.3458531450201117
1961-10-16 00:00:00,-0.45654102618808584,0.5001216684556501
1961-11-15 12:00:00,-0.3528159096261291,0.10186815536360883
1961-12-16 00:00:00,-0.2814141351653766,0.628973898666979
1962-01-16 00:00:00,-0.07146526709224699,0.26094253135100065
1962-02-14 12:00:00,-0.1276105403131062,-0.4980153923640189
1962-03-16 00:00:00,-0.23547137048994957,-0.2808287157213826
1962-04-15 12:00:00,0.21295497030841876,-0.1735253806841523
1962-05-16 00:00:00,-0.4261844155047732,0.9097539890329546
1962-06-15 12:00:00,-0.41484379409851324,0.45734205468996014
1962-07-16 00:00:00,-0.09767305622853312,0.4708274521402297
1962-08-16 00:00:00,-0.24264127968946433,-0.33975225052760094
1962-09-15 12:00:00,0.45271050938410246,0.1409083374463428
1962-10-16 00:00:00,0.44326569639677454,-0.15887450879394321
1962-11-15 12:00:00,0.5462901610997903,-0.3530048484857006
1962-12-16 00:00:00,0.08343243067324163,-0.4875826438427916
1963-01-16 00:00:00,0.10262439324668532,-0.4776221690485658
1963-02-14 12:00:00,-0.17879536808678675,0.24558457509234455
1963-03-16 00:00:00,-0.19878849068334065,0.8788717349692469
1963-04-15 12:00:00,-0.33654519453966614,0.5032545667167726
1963-05-16 00:00:00,-0.2440031138204532,-0.13261350288725482
1963-06-15 12:00:00,-0.24154262885560296,0.3600250355836908
1963-07-16 00:00:00,-0.18721411074214434,-0.502011840561544
1963-08-16 00:00:00,0.31794092886049447,0.6477599712792647
1963-09-15 12:00:00,0.13471453998184063,-0.5072705245865697
1963-10-16 00:00:00,-0.31964932303286486,-0.4670453651440238
1963-11-15 12:00:00,-0.4397628328921184,-0.128881923341988
1963-12-16 00:00:00,0.07765704390221756,-0.45169222284317695
1964-01-16 00:00:00,0.07901001935103541,0.17511611538226934
1964-02-15 00:00:00,-0.2556918887898292,0.8896695889136833
1964-03-16 00:00:00,-0.23974690341439944,-0.14490695604658727
1964-04-15 12:00:00,0.2596936786513993,-0.2038867583156072
1964-05-16 00:00:00,-0.47729358490753404,-0.40201662285345874
1964-06-15 12:00:00,-0.44239988865377733,0.16380977488648918
1964-07-16 00:00:00,-0.2419350541855388,-0.10847612494387338
1964-08-16 00:00:00,0.090367164042293,-0.5004877785026117
1964-09-15 12:00:00,0.016440473790243437,0.11041145705746402
1964-10-16 00:00:00,0.44171817657195295,-0.15163334856675004
1964-11-15 12:00:00,-0.3660835588850813,0.42703571757942005
1964-12-16 00:00:00,0.30249498186851714,-0.057545909321779
1965-01-16 00:00:00,-0.32525451235168423,-0.44373554479559524
1965-02-14 12:00:00,-0.29688794046437345,0.17631016958910717
1965-03-16 00:00:00,-0.30254360974379924,-0.46570886098687236
1965-04-15 12:00:00,-0.49557628183334534,0.08944164338977356
1965-05-16 00:00:00,-0.08699682425906874,0.42415017973003544
1965-06-15 12:00:00,-0.5669534199982421,1.1174434405136475
1965-07-16 00:00:00,-0.10628920445721673,1.7481610487032593
1965-08-16 00:00:00,-0.2475765226737749,-0.5232778108547004
1965-09-15 12:00:00,-0.36217559686074635,-0.2257458199795329
1965-10-16 00:00:00,-0.2000832596337394,-0.39859229195938195
1965-11-15 12:00:00,-0.41176413253937,-0.5385306143265305
1965-12-16 00:00:00,-0.4349875769921978,-0.4070954736435501
1966-01-16 00:00:00,0.1826543277905875,-0.5015016976590235
1966-02-14 12:00:00,0.43000291843295707,0.2644622237998503
1966-03-16 00:00:00,1.8895522194026395,-0.13029254956409192
1966-04-15 12:00:00,-0.0884193745569507,0.7435703086548419
1966-05-16 00:00:00,0.21208121039952438,0.12661906152934466
1966-06-15 12:00:00,-0.1570083337997895,-0.2906860290400305
1966-07-16 00:00:00,-0.5451965858900774,0.9854649123460554
1966-08-16 00:00:00,-0.06210480253722955,-0.17382369443490325
1966-09-15 12:00:00,-0.5085835323055816,0.004820005590961185
1966-10-16 00:00:00,0.3295374339888219,-0.28646175336995977
1966-11-15 12:00:00,-0.3055504787272101,-0.5360551238936468
1966-12-16 00:00:00,0.9733354344002463,-0.22602368349767998
1967-01-16 00:00:00,0.395209033585913,-0.213805049705597
1967-02-14 12:00:00,-0.2066777205388996,-0.10047855649197751
1967-03-16 00:00:00,-0.4098888190845518,0.556306648187897
1967-04-15 12:00:00,-0.47101418946487045,0.32659618653826394
1967-05-16 00:00:00,-0.5834100866001835,1.3076022982523279
1967-06-15 12:00:00,-0.3773033808141234,-0.07584342502604041
1967-07-16 00:00:00,0.0497457860641391,0.37399476211854576
1967-08-16 00:00:00,0.4294526574065594,-0.1902502907810873
1967-09-15 12:00:00,-0.39735279957725017,-0.4639338859084444
1967-10-16 00:00:00,-0.10235006785925438,1.066575421424429
1967-11-15 12:00:00,-0.49660763868020524,-0.07384188507679534
1967-12-16 00:00:00,0.3255254317817378,-0.4810117730730427
1968-01-16 00:00:00,0.05279941971633456,1.3243199009269326
1968-02-15 00:00:00,0.3168947121113556,0.26747181536503495
1968-03-16 00:00:00,-0.3647315183749466,-0.5068947837528772
1968-04-15 12:00:00,-0.4086421497693548,1.1146580522681333
1968-05-16 00:00:00,0.13790127903924404,-0.484208500147547
1968-06-15 12:00:00,-0.05397004170836267,-0.235049437440841
1968-07-16 00:00:00,-0.2636326577772712,-0.11964221831093969
1968-08-16 00:00:00,-0.46492241700284354,-0.35767496418487754
1968-09-15 12:00:00,-0.34237863980586464,0.09702721819245097
1968-10-16 00:00:00,-0.036063059671587294,-0.5136946972106627
1968-11-15 12:00:00,-0.4691958815848966,0.1875762482087101
1968-12-16 00:00:00,-0.4555074299574977,-0.19646507003954378
1969-01-16 00:00:00,-0.19422017357674998,-0.20461816306211555
1969-02-14 12:00:00,-0.11850559166764102,-0.43618770280834396
1969-03-16 00:00:00,0.12902851244034325,-0.07065626976347922
1969-04-15 12:00:00,-0.43442971649422474,-0.41509143998108067
1969-05-16 00:00:00,0.22486658296178336,-0.16196559136462724
1969-06-15 12:00:00,0.15974214371286793,-0.27944609884791954
1969-07-16 00:00:00,-0.4079193581555288,-0.4479490920415806
1969-08-16 00:00:00,0.4495284588846186,-0.3680661595184541
1969-09-15 12:00:00,-0.2334632959885117,-0.39544940533613626
1969-10-16 00:00:00,0.1741383262977793,-0.3381815889756472
1969-11-15 12:00:00,-0.40734004040313404,-0.05042011731512297
1969-12-16 00:00:00,-0.04218359912405334,1.2031916800320208
1970-01-16 00:00:00,0.07351735319254521,-0.30112622523082105
1970-02-14 12:00:00,-0.1577819259498257,0.026229644865506496
1970-03-16 00:00:00,-0.024670278343987828,0.24806899422048756
1970-04-15 12:00:00,-0.5396721542147822,0.5529356486542137
1970-05-16 00:00:00,-0.22577152658398006,-0.4540593624178123
1970-06-15 12:00:00,0.91725886459213,-0.23046873796077227
1970-07-16 00:00:00,0.0066991865373753345,-0.17619189721710965
1970-08-16 00:00:00,-0.37434692594918395,0.23691585645955204
1970-09-15 12:00:00,-0.5452768352049419,0.4877250834543424
1970-10-16 00:00:00,-0.46176334326235147,-0.506101204866507
1970-11-15 12:00:00,-0.39070373098949296,-0.3602454149186056
1970-12-16 00:00:00,0.3094391294032593,-0.45157215001413104
1971-01-16 00:00:00,-0.10275241704167465,-0.3977764585822632
1971-02-14 12:00:00,-0.145543318076982,0.04759649721679271
1971-03-16 00:00:00,-0.4826937835425458,-0.3199810467866928
1971-04-15 12:00:00,1.046704895810148,-0.12222626875919307
1971-05-16 00:00:00,-0.495403346509976,0.3965987478784233
1971-06-15 12:00:00,-0.35642311339353006,0.010199875628343014
1971-07-16 00:00:00,-0.04205615695325304,-0.42356916873940276
1971-08-16 00:00:00,0.41954349363148796,0.0917021863492754
1971-09-15 12:00:00,0.2542548527255784,0.034129341023312
1971-10-16 00:00:00,-0.18142243493923155,0.24412712679467297
1971-11-15 12:00:00,1.0236732014555798,-0.29102062484955726
1971-12-16 00:00:00,-0.08562195629576907,-0.31166823928212095
1972-01-16 00:00:00,0.17104482745272281,-0.47178610362536844
1972-02-15 00:00:00,-0.22497047889636332,-0.32551169630097976
1972-03-16 00:00:00,-0.514327309408106,0.15882222826446024
1972-04-15 12:00:00,0.7897290886728088,-0.2822275843357382
1972-05-16 00:00:00,-0.21021435865711596,-0.49543570321955643
1972-06-15 12:00:00,0.4012521454673485,0.022446656749551597
1972-07-16 00:00:00,-0.030614247696043206,0.11905099558899346
1972-08-16 00:00:00,0.2733966922508004,0.9503263874435163
1972-09-15 12:00:00,0.2208335579299026,-0.2023269798548008
1972-10-16 00:00:00,1.2199637947332038,-0.0960766600931125
1972-11-15 12:00:00,-0.3850337232652123,0.7121120761127516
1972-12-16 00:00:00,-0.20868786408058343,-0.5301014681232524
1973-01-16 00:00:00,0.36938964287289183,1.0282220009560552
1973-02-14 12:00:00,-0.41984848229053384,-0.10707240349459801
1973-03-16 00:00:00,-0.12591993450540978,-0.4427055085857512
1973-04-15 12:00:00,-0.28555294014122323,1.1178814608214336
1973-05-16 00:00:00,0.3674413060583877,-0.25329145866038427
1973-06-15 12:00:00,-0.25578367767899957,-0.3634012147861062
1973-07-16 00:00:00,-0.055169236697258206,-0.042898618655742404
1973-08-16 00:00:00,1.1008009704934059,0.05282827612300467
1973-09-15 12:00:00,-0.5477008108725052,0.7592778460069377
1973-10-16 00:00:00,3.2202306290705818,-0.141027335774068
1973-11-15 12:00:00,-0.5121315181216628,0.16123613301523487
1973-12-16 00:00:00,-0.48396834043031434,1.785636180563079
1974-01-16 00:00:00,0.572471053734547,0.07803386204176499
1974-02-14 12:00:00,0.302765750438926,0.4614700372640955
1974-03-16 00:00:00,-0.46808094735561134,-0.26362925440722473
1974-04-15 12:00:00,-0.5198901822754886,0.6297263524039579
1974-05-16 00:00:00,-0.37840955134099635,0.34183791458019475
1974-06-15 12:00:00,-0.09158863054679967,-0.24503349807286445
1974-07-16 00:00:00,-0.5241655493900627,1.1733353782777893
1974-08-16 00:00:00,-0.37454398131747907,-0.28375714509171557
1974-09-15 12:00:00,0.6214818342120254,0.0374335096763565
1974-10-16 00:00:00,-0.09455157280240328,-0.48829888191242543
1974-11-15 12:00:00,0.9448221552133176,0.7794501454399453
1974-12-16 00:00:00,-0.17442032037732108,0.19553330081843623
1975-01-16 00:00:00,-0.07060574875363851,-0.35732046245741944
1975-02-14 12:00:00,1.1583752782056373,0.21430529286159095
1975-03-16 00:00:00,1.7099784478101656,-0.006392215035196824
1975-04-15 12:00:00,-0.6325622921315227,1.965197995929592
1975-05-16 00:00:00,-0.4646057995551859,-0.4295270559088225
1975-06-15 12:00:00,-0.018738623743267124,-0.11700488003751824
1975-07-16 00:00:00,0.9529205138359382,-0.434168584693735
1975-08-16 00:00:00,0.7122365989130928,-0.20254580557439328
1975-09-15 12:00:00,-0.008202146358586293,-0.4073042817352411
1975-10-16 00:00:00,2.101771957018886,-0.016054938871610025
1975-11-15 12:00:00,-0.35384725699756714,-0.47690115795196303
1975-12-16 00:00:00,0.8524889643056552,-0.3090304701636719
1976-01-16 00:00:00,0.1479752758710589,-0.19163768034225576
1976-02-15 00:00:00,-0.4349047254802376,-0.17471632410384647
1976-03-16 00:00:00,-0.14407111926794136,-0.36449748889713013
1976-04-15 12:00:00,-0.3711097284192588,-0.46808248898803806
1976-05-16 00:00:00,-0.126055124687316,-0.21975547472960727
1976-06-15 12:00:00,0.06010995711783601,1.2449500502613224
1976-07-16 00:00:00,0.37485250142230603,-0.46731333206129433
1976-08-16 00:00:00,0.04846037148025134,0.048053024716990356
1976-09-15 12:00:00,0.20226299704647105,-0.38193431808232337
1976-10-16 00:00:00,-0.20659752506953477,-0.3944756777441195
1976-11-15 12:00:00,-0.14755046871815558,-0.43066633272729404
1976-12-16 00:00:00,2.2904312758007928,0.3496962166073564
1977-01-16 00:00:00,-0.4449992034611717,0.3355541193253725
1977-02-14 12:00:00,0.11046007820708698,0.8878580153951757
1977-03-16 00:00:00,-0.336487557351878,0.3963053842290458
1977-04-15 12:00:00,0.5854891501548392,-0.4194366583602226
1977-05-16 00:00:00,0.00522856881733158,-0.47392717975097587
1977-06-15 12:00:00,-0.41821139159782866,-0.4491565615500581
1977-07-16 00:00:00,-0.4301049189136298,-0.09555220876840459
1977-08-16 00:00:00,-0.5016180799851121,0.6762150277153743
1977-09-15 12:00:00,0.043316382710454515,-0.35132476102431587
1977-10-16 00:00:00,0.13820530445912688,1.1278733506671967
1977-11-15 12:00:00,-0.2422041720391675,0.3561107769288139
1977-12-16 00:00:00,-0.3650561289690943,-0.25532460879573154
1978-01-16 00:00:00,-0.033115305350745194,-0.5100835199534502
1978-02-14 12:00:00,-0.018718900449393117,-0.267949696751372
1978-03-16 00:00:00,0.5060908587320547,-0.4665591027473558
1978-04-15 12:00:00,0.6420132265612228,0.051991083214835476
1978-05-16 00:00:00,-0.0843001148575378,0.5272620470064581
1978-06-15 12:00:00,-0.41213674710114595,-0.477695368343185
1978-07-16 00:00:00,0.7559883155081599,-0.0532412247112633
1978-08-16 00:00:00,1.8319602624415345,0.0036794017489582
1978-09-15 12:00:00,-0.17227913024832886,-0.36758871602266374
1978-10-16 00:00:00,0.541836206154559,-0.4791354557275721
1978-11-15 12:00:00,-0.012390786210606963,0.13581599063289418
1978-12-16 00:00:00,-0.4733530180688438,-0.41176613469804846
1979-01-16 00:00:00,0.03797251139909302,0.17490835284674977
1979-02-14 12:00:00,-0.3968250329226595,0.08413391739810316
1979-03-16 00:00:00,-0.10724815558518697,-0.2026329721001065
1979-04-15 12:00:00,0.2748904938112083,1.1288233941142405
1979-05-16 00:00:00,-0.3683184334000817,-0.3924863801865501
1979-06-15 12:00:00,0.5234275087430944,0.021252686507250318
1979-07-16 00:00:00,-0.5251506830411181,0.5388555500512858
1979-08-16 00:00:00,-0.45276053292109586,-0.4362505478515577
1979-09-15 12:00:00,1.4049148307665047,-0.17173260275026447
1979-10-16 00:00:00,-0.2618614375359287,0.6575718393349183
1979-11-15 12:00:00,0.46519845354452477,0.5749678078632613
1979-12-16 00:00:00,0.8459786357064243,-0.23699184541225027
1980-01-16 00:00:00,-0.22274586473045846,0.25531371199492237
1980-02-15 00:00:00,-0.26388562303065666,0.11947098753515528
1980-03-16 00:00:00,1.0417277907973512,-0.37941498455006134
1980-04-15 12:00:00,1.0176555943066006,-0.33050575522970105
1980-05-16 00:00:00,-0.009163903419497632,-0.14685881159455272
1980-06-15 12:00:00,-0.289722738068474,-0.2188768093068716
1980-07-16 00:00:00,-0.409197936837392,1.890071052113227
1980-08-16 00:00:00,-0.06626408278980622,-0.15178670848783177
1980-09-15 12:00:00,2.5851503712870874,-0.2978458248839913
1980-10-16 00:00:00,1.174513604936948,1.31046091099744
1980-11-15 12:00:00,-0.4806887133593626,-0.2589504415895561
1980-12-16 00:00:00,-0.24962413267815595,-0.3682221364679822
1981-01-16 00:00:00,0.277408760704181,0.027684637597365613
1981-02-14 12:00:00,-0.27098353845174805,-0.20513297159313976
1981-03-16 00:00:00,0.42856818980166317,0.23509815217285268
1981-04-15 12:00:00,-0.4237666107207238,-0.49295027126706437
1981-05-16 00:00:00,-0.13279176117763214,-0.467298198030118
1981-06-15 12:00:00,-0.2116225357835677,-0.0036820348102734046
1981-07-16 00:00:00,-0.30043768352954037,0.7621113179951103
1981-08-16 00:00:00,-0.362654474589269,-0.273268035233875
1981-09-15 12:00:00,0.25466008524760136,-0.23683658017681375
1981-10-16 00:00:00,-0.35475073457923195,-0.41750895239420316
1981-11-15 12:00:00,0.0017117818746612001,-0.16912594561224165
1981-12-16 00:00:00,-0.16314721857161868,-0.4003050975889367
1982-01-16 00:00:00,0.20115581176286806,-0.4962335117227885
1982-02-14 12:00:00,-0.2475405964828,-0.2789885697541007
1982-03-16 00:00:00,-0.35464085279126867,0.43278865808061795
1982-04-15 12:00:00,-0.17277467033580068,-0.02023698465447077
1982-05-16 00:00:00,0.48070723176536695,-0.11897995779352533
1982-06-15 12:00:00,-0.09444511482065282,-0.49751994642264175
1982-07-16 00:00:00,0.3575353809266953,0.6154742657465165
1982-08-16 00:00:00,-0.4740160624236085,0.07323158881939862
1982-09-15 12:00:00,-0.20075538704712037,0.047563611299034525
1982-10-16 00:00:00,0.4345588739918624,0.4714349657093261
1982-11-15 12:00:00,-0.2694547315070146,0.01827116029893383
1982-12-16 00:00:00,-0.3254443116814192,-0.39246619078795136
1983-01-16 00:00:00,0.10425413955365243,0.3865207159398386
1983-02-14 12:00:00,0.9857847372269242,0.3665066902498053
1983-03-16 00:00:00,0.2986239939326603,-0.39116775047134367
1983-04-15 12:00:00,-0.42302594446680075,0.4572929498670534
1983-05-16 00:00:00,-0.36945833265898065,0.2894913595533084
1983-06-15 12:00:00,-0.0959348806677725,-0.07521835326900411
1983-07-16 00:00:00,-0.21427826407177797,0.6944455151273675
1983-08-16 00:00:00,0.6666171777846668,-0.4306380615151931
1983-09-15 12:00:00,-0.06947123743310207,-0.4031636006645489
1983-10-16 00:00:00,-0.3000645876988777,0.4904061544293371
1983-11-15 12:00:00,-0.29181431659463697,-0.4019323026728173
1983-12-16 00:00:00,-0.47003545603523644,-0.3502380937297047
1984-01-16 00:00:00,-0.1913777119730296,-0.3333196795102459
1984-02-15 00:00:00,-0.2814467316226925,-0.4880135025127923
1984-03-16 00:00:00,0.3060939972034365,0.1665573748505622
1984-04-15 12:00:00,0.3451237672335737,0.2902965526512419
1984-05-16 00:00:00,-0.2581028466835741,-0.17055490976893395
1984-06-15 12:00:00,0.8350644977365145,0.4326406395972928
1984-07-16 00:00:00,1.9908317758494676,-0.36165278104610793
1984-08-16 00:00:00,-0.5027865140920601,0.1796513400916202
1984-09-15 12:00:00,-0.36533779903014874,-0.013717185141882693
1984-10-16 00:00:00,-0.1428756667812855,-0.5176780088235882
1984-11-15 12:00:00,0.47247403822868544,-0.28785338431206925
1984-12-16 00:00:00,-0.5676316904011839,1.244654187944977
1985-01-16 00:00:00,-0.573128378388681,0.9840467791718123
1985-02-14 12:00:00,0.5424107952954322,-0.3864223725171687
1985-03-16 00:00:00,-0.286054441876589,0.23015579794491137
1985-04-15 12:00:00,0.18039977044446193,0.2210831586404497
1985-05-16 00:00:00,-0.30858820921752417,-0.5009732998953962
1985-06-15 12:00:00,-0.13947883603143113,0.04846588262326712
1985-07-16 00:00:00,0.6000498356989943,-0.31204077609864267
1985-08-16 00:00:00,0.6164094544903282,-0.3980729853294367
1985-09-15 12:00:00,-0.27934085179784385,-0.4496457128494172
1985-10-16 00:00:00,-0.021047628511892236,-0.34975606783645885
1985-11-15 12:00:00,0.4238285819304492,1.258760138320115
1985-12-16 00:00:00,1.1546073102588925,-0.270762009815605
1986-01-16 00:00:00,0.14138599688381687,-0.47534033465437064
1986-02-14 12:00:00,-0.11953956880338285,-0.2697698090625547
1986-03-16 00:00:00,-0.5280251863649407,0.31917556731690067
1986-04-15 12:00:00,0.03852110760512645,-0.007879095369320854
1986-05-16 00:00:00,-0.2417464233334993,-0.45604644711723985
1986-06-15 12:00:00,-0.5870722958216188,1.5077522983007001
1986-07-16 00:00:00,0.10736259592037428,-0.26666542731846227
1986-08-16 00:00:00,-0.3741340120013449,-0.1453011155829873
1986-09-15 12:00:00,-0.10034117709324947,-0.4889804442077967
1986-10-16 00:00:00,-0.27693662503341226,-0.3668149248089325
1986-11-15 12:00:00,0.18592393058764306,-0.3035150462119789
1986-12-16 00:00:00,0.06787817264313317,-0.4448414730381809
1987-01-16 00:00:00,0.3595724696452313,-0.3801828026923752
1987-02-14 12:00:00,1.2037947794959696,0.7721203006635237
1987-03-16 00:00:00,-0.11590007572494648,0.22817427168072257
1987-04-15 12:00:00,-0.4736798274064462,-0.3383683486065731
1987-05-16 00:00:00,0.11489984775267509,0.7650001558689262
1987-06-15 12:00:00,-0.4758502104027616,-0.25247923287366203
1987-07-16 00:00:00,-0.15603903353222665,0.20542353700835903
1987-08-16 00:00:00,1.7317742270988001,0.9163055909700236
1987-09-15 12:00:00,-0.4045036799863815,-0.5353924000602182
1987-10-16 00:00:00,-0.4668036614730784,-0.3001130242732893
1987-11-15 12:00:00,0.823393508986793,0.7033660234164018
1987-12-16 00:00:00,-0.38744231857746975,1.0998180777283983
1988-01-16 00:00:00,0.006783803379799169,0.29836053592419576
1988-02-15 00:00:00,-0.18620683180705422,-0.336256677378669
1988-03-16 00:00:00,-0.47608147331984124,-0.32960790031969567
1988-04-15 12:00:00,-0.10019688704684199,-0.06847119655334444
1988-05-16 00:00:00,-0.3054084168203003,-0.4527428268852062
1988-06-15 12:00:00,-0.4046202143951427,0.011805897325722792
1988-07-16 00:00:00,-0.25384338048371946,-0.5115064506435021
1988-08-16 00:00:00,0.3004248801284694,1.0965827106771222
1988-09-15 12:00:00,-0.1961194681030387,-0.2643138458243464
1988-10-16 00:00:00,-0.5115347658258207,0.45921044490589835
1988-11-15 12:00:00,-0.3586768302643308,-0.18270961024110094
1988-12-16 00:00:00,0.019953992120410213,-0.30355932629994836
1989-01-16 00:00:00,-0.29843457338648827,0.5120978440906568
1989-02-14 12:00:00,0.919611303580935,0.4162982176527106
1989-03-16 00:00:00,-0.45354746212812863,-0.539068517417041
1989-04-15 12:00:00,-0.27440469090952113,0.21256024454902744
1989-05-16 00:00:00,1.0453514397360018,-0.176185356087374
1989-06-15 12:00:00,-0.23906712797309848,0.02597773342743448
1989-07-16 00:00:00,-0.15863029231120757,0.596203107475085
1989-08-16 00:00:00,0.19962115240084427,1.0117459339441015
1989-09-15 12:00:00,-0.47201466692643756,0.697132933401518
1989-10-16 00:00:00,-0.07311671697801286,-0.4319406710147659
1989-11-15 12:00:00,0.27912921843920696,0.5085375687146482
1989-12-16 00:00:00,-0.0067593747642264446,-0.47331751991548876
1990-01-16 00:00:00,-0.25127164150524994,-0.4824620083514841
1990-02-14 12:00:00,-0.45951367350670513,0.6090330429291756
1990-03-16 00:00:00,-0.4496974224022233,-0.24162892498879646
1990-04-15 12:00:00,-0.36476643957842525,-0.41818996572714906
1990-05-16 00:00:00,0.06199283462623478,-0.36311051121639293
1990-06-15 12:00:00,-0.1390225278467273,0.18797027376776798
1990-07-16 00:00:00,-0.1988675435445933,-0.2625337027951422
1990-08-16 00:00:00,-0.10870941689666475,0.3161009199905873
1990-09-15 12:00:00,1.399375444456442,0.3191928792480505
1990-10-16 00:00:00,1.939336872549606,-0.17304065767769872
1990-11-15 12:00:00,0.05621119919380485,-0.36445264011816475
1990-12-16 00:00:00,-0.3073821220046963,-0.429771404042755
1991-01-16 00:00:00,-0.512825291184502,0.5769315566382415
1991-02-14 12:00:00,-0.19245617343318994,-0.014645607895473534
1991-03-16 00:00:00,-0.5155870958120184,0.5892905610872182
1991-04-15 12:00:00,-0.432153551021461,-0.10810017658355053
1991-05-16 00:00:00,-0.22291784740069373,-0.331099291396715
1991-06-15 12:00:00,0.0731908226023355,0.7463738844745126
1991-07-16 00:00:00,0.8978793251552308,-0.24169133159843764
1991-08-16 00:00:00,-0.29298542312139725,0.45504580627178426
1991-09-15 12:00:00,-0.45868017881494383,-0.3364236133292037
1991-10-16 00:00:00,-0.1413737833440577,-0.256684149680988
1991-11-15 12:00:00,0.628167860745555,-0.08483845326497119
1991-12-16 00:00:00,0.2610825585681071,0.06853581226140748
1992-01-16 00:00:00,-0.1688581519901019,-0.48015105358867755
1992-02-15 00:00:00,0.012548918285023969,-0.36553316578561024
1992-03-16 00:00:00,0.9075383999484345,0.15140758569336787
1992-04-15 12:00:00,-0.4618376571048223,-0.5397911583675752
1992-05-16 00:00:00,0.6243086357651986,0.15813059091570503
1992-06-15 12:00:00,-0.34547857845686275,-0.3939381721119021
1992-07-16 00:00:00,1.0710911665004155,-0.14929723618848706
1992-08-16 00:00:00,-0.42094210841820706,-0.2618959586068541
1992-09-15 12:00:00,0.8509108637109444,0.28665779588953233
1992-10-16 00:00:00,-0.4196690484906028,0.3480219186664255
1992-11-15 12:00:00,0.8051923320487091,-0.30681595119195243
1992-12-16 00:00:00,0.03359030058864049,0.5105372140063836
1993-01-16 00:00:00,-0.21039672085077465,0.10208829985017631
1993-02-14 12:00:00,0.7975577393804516,-0.2878171677511031
1993-03-16 00:00:00,3.245659418639793,0.5109734136419172
1993-04-15 12:00:00,-0.3282833735634853,-0.35257362249877
1993-05-16 00:00:00,-0.46169340105208717,0.9577190694007257
1993-06-15 12:00:00,-0.18638058323666634,-0.44362231073437136
1993-07-16 00:00:00,0.1562250336003121,0.16238077122208228
1993-08-16 00:00:00,0.758146341590054,-0.06401430385962043
1993-09-15 12:00:00,-0.4278976651818608,-0.4179114675595176
1993-10-16 00:00:00,1.2569696649243112,0.5063344581624881
1993-11-15 12:00:00,1.545494687839572,-0.40284734336255146
1993-12-16 00:00:00,-0.4771394313554825,0.15875099008798965
1994-01-16 00:00:00,0.06983936685207798,0.37400571109910974
1994-02-14 12:00:00,0.30458557724479013,-0.14636872068167184
1994-03-16 00:00:00,0.030955954729063706,-0.20207764403467704
1994-04-15 12:00:00,-0.3471696799438639,-0.4300644907606637
1994-05-16 00:00:00,-0.43433010190720817,-0.3915690540004333
1994-06-15 12:00:00,-0.44623188156450655,0.6277012980822737
1994-07-16 00:00:00,1.9891542492709104,-0.04911173317638706
1994-08-16 00:00:00,0.4702940163809403,-0.03146524977392362
1994-09-15 12:00:00,0.20949571168225828,-0.014141533091527547
1994-10-16 00:00:00,0.42373966283221726,-0.2928589998947232
1994-11-15 12:00:00,-0.4673379406839174,1.3780629766655133
1994-12-16 00:00:00,-0.5652219028825745,0.8504151292588985
1995-01-16 00:00:00,-0.4506737437588229,0.83253951209187
1995-02-14 12:00:00,0.6026906824194347,0.5310782514829625
1995-03-16 00:00:00,-0.1397370591399995,0.9388708496435568
1995-04-15 12:00:00,-0.43237835552829107,-0.2890881215439581
1995-05-16 00:00:00,-0.12607089291629986,0.1597783696334436
1995-06-15 12:00:00,1.3337072241835992,0.4327966244404825
1995-07-16 00:00:00,2.215938899536828,0.1698650130217384
1995-08-16 00:00:00,-0.23055015740441395,-0.3355515560590091
1995-09-15 12:00:00,-0.30609550232843397,0.22627403720571093
1995-10-16 00:00:00,-0.521379025815987,0.4761285942804504
1995-11-15 12:00:00,-0.2560026548536582,-0.012226851475473977
1995-12-16 00:00:00,-0.2916314616416348,-0.5273534122069725
1996-01-16 00:00:00,-0.09368588579543125,0.12671589527548177
1996-02-15 00:00:00,-0.33641598026582276,0.6674675031667842
1996-03-16 00:00:00,-0.23915500337182347,-0.35514297946417683
1996-04-15 12:00:00,0.41509958175998923,0.31644082809051743
1996-05-16 00:00:00,1.909544746346328,0.2680376039693818
1996-06-15 12:00:00,0.45792740143726424,-0.27206652610992615
1996-07-16 00:00:00,-0.31643516962009144,0.30318050611352076
1996-08-16 00:00:00,-0.2559837538988152,-0.45795174504993214
1996-09-15 12:00:00,0.700116765386793,-0.31061978071680385
1996-10-16 00:00:00,-0.4140631999102713,-0.11782333075716589
1996-11-15 12:00:00,-0.3397579982789236,-0.015233748590216978
1996-12-16 00:00:00,-0.2745751282525683,-0.326622365887512
1997-01-16 00:00:00,-0.45557760163209454,1.8023111832842078
1997-02-14 12:00:00,-0.04918007505685862,-0.37262775398848114
1997-03-16 00:00:00,1.081634973615193,0.5353604174492826
1997-04-15 12:00:00,-0.37300015711509205,-0.17589393798841307
1997-05-16 00:00:00,-0.0880248829495035,-0.17424482702121336
1997-06-15 12:00:00,-0.5129255003344786,0.26229134414821054
1997-07-16 00:00:00,-0.3830945532037421,-0.07436793141367948
1997-08-16 00:00:00,-0.04158160906532521,-0.39169881289286324
1997-09-15 12:00:00,0.04130082021069165,-0.009187516285143249
1997-10-16 00:00:00,0.395727511739089,-0.25627359958541723
1997-11-15 12:00:00,0.20007579445276163,0.4325780690785993
1997-12-16 00:00:00,0.2017958601988153,-0.47505829728679894
1998-01-16 00:00:00,-0.30783000616554945,-0.4288350870365238
1998-02-14 12:00:00,-0.18276150539304292,0.7594303007606585
1998-03-16 00:00:00,0.17884323104093008,0.19852253648240292
1998-04-15 12:00:00,0.7226544073854486,-0.24035156421356502
1998-05-16 00:00:00,-0.3367472040258731,0.06456405331005033
1998-06-15 12:00:00,2.1492578111699627,-0.2925166581703564
1998-07-16 00:00:00,-0.31941642673144965,-0.30459285378190537
1998-08-16 00:00:00,-0.3226495777705348,-0.4599347112059187
1998-09-15 12:00:00,0.2761321748513638,0.24092603363806786
1998-10-16 00:00:00,-0.45862431280368443,-0.40817491922816684
1998-11-15 12:00:00,0.38063305747735116,1.0166307904090615
1998-12-16 00:00:00,0.010912728779881031,-0.3936694517738223
1999-01-16 00:00:00,0.0891250419209701,-0.3865047968093237
1999-02-14 12:00:00,-0.514884921955611,0.3784257352914492
1999-03-16 00:00:00,-0.37816675660004573,0.08407896900149647
1999-04-15 12:00:00,0.17319226007077787,-0.45416747591440815
1999-05-16 00:00:00,-0.4155776870002544,-0.4609473454105715
1999-06-15 12:00:00,-0.4983511703116537,-0.031185846617353796
1999-07-16 00:00:00,0.20730829167868464,-0.23561464588332665
1999-08-16 00:00:00,-0.02473966753836071,-0.419284847303369
1999-09-15 12:00:00,-0.21864294229284514,-0.35805447601859053
1999-10-16 00:00:00,0.3796868291568138,0.8400297837566336
1999-11-15 12:00:00,0.9335653496966809,-0.11723845783378922
1999-12-16 00:00:00,-0.1559850703056922,-0.402483568365281
2000-01-16 00:00:00,1.0618763087059853,-0.13669087290747572
2000-02-15 00:00:00,0.9297813716703323,-0.18917895157761971
2000-03-16 00:00:00,0.5119931696824687,-0.2547206081871777
2000-04-15 12:00:00,-0.15741337303885822,-0.31723407955346394
2000-05-16 00:00:00,-0.10192049772518519,0.016472251578145358
2000-06-15 12:00:00,0.31190214124051147,-0.4374351512299599
2000-07-16 00:00:00,0.7156889864663922,-0.24377146785898757
2000-08-16 00:00:00,-0.37513238027573986,-0.07816749577574628
2000-09-15 12:00:00,0.19160160770764173,-0.1310513072905145
2000-10-16 00:00:00,-0.057265130718932855,-0.2832038481249104
2000-11-15 12:00:00,-0.2828651801043929,-0.2811193524590932
2000-12-16 00:00:00,-0.4526640510857595,-0.3346965933053118
2001-01-16 00:00:00,-0.17956509384898622,-0.234288603848954
2001-02-14 12:00:00,-0.39812351449390787,0.74677884100688
2001-03-16 00:00:00,0.3882180978990029,-0.197501047997943
2001-04-15 12:00:00,-0.3804572568840085,0.404904157869139
2001-05-16 00:00:00,-0.20054215806024345,-0.4140203837887902
2001-06-15 12:00:00,-0.47302128946516553,-0.2650543550114598
2001-07-16 00:00:00,-0.33488872502225253,-0.504998324363276
2001-08-16 00:00:00,-0.34384113700659424,-0.22602978652859257
2001-09-15 12:00:00,-0.3204616140603612,-0.5325492035372247
2001-10-16 00:00:00,-0.4000245609357492,0.33438286708210696
2001-11-15 12:00:00,-0.05081129215929164,-0.3783507203985984
2001-12-16 00:00:00,-0.31103656792168777,-0.24945260098947653
2002-01-16 00:00:00,-0.274118876638221,-0.08036572421332117
2002-02-14 12:00:00,0.333872724529476,0.5697417066006732
2002-03-16 00:00:00,-0.14527759585688782,-0.45845131916094833
2002-04-15 12:00:00,0.0555221155889532,-0.4007084761846305
2002-05-16 00:00:00,-0.0555377981122247,0.21535053299626272
2002-06-15 12:00:00,0.405371443536052,0.2254887265273493
2002-07-16 00:00:00,0.27708241090001356,-0.4597718553721382
2002-08-16 00:00:00,-0.2177282979571009,0.5542602985089359
2002-09-15 12:00:00,-0.44402406470445455,-0.12536673667361947
2002-10-16 00:00:00,0.3957123914404556,-0.33087881254423845
2002-11-15 12:00:00,-0.2488522543828844,-0.35898096003950253
2002-12-16 00:00:00,-0.10658986127335585,0.25278858808658466
2003-01-16 00:00:00,-0.29032426694094776,-0.1821591485005446
2003-02-14 12:00:00,0.21693192990645377,-0.4984438503588233
2003-03-16 00:00:00,-0.3356874583191501,0.7810532133120368
2003-04-15 12:00:00,-0.46011712879436006,0.7970670682285633
2003-05-16 00:00:00,-0.4662456056773389,-0.06215731461924867
2003-06-15 12:00:00,0.9185900500222748,0.6075104724229939
2003-07-16 00:00:00,0.0890871710732149,-0.35863588380040123
2003-08-16 00:00:00,-0.49756305957817876,0.1780981170953415
2003-09-15 12:00:00,0.49364823188357315,0.7010293042097232
2003-10-16 00:00:00,-0.21229569648240026,-0.44832954848664
2003-11-15 12:00:00,0.8787155275207466,-0.40040430115765624
2003-12-16 00:00:00,0.4607984941245125,0.646378876783298
2004-01-16 00:00:00,-0.1415457611564963,0.5397592077322767
2004-02-15 00:00:00,-0.43449818410413765,0.2206239643122656
2004-03-16 00:00:00,-0.20184487822570518,0.5936538087933879
2004-04-15 12:00:00,-0.2657114647088115,-0.31223617416018273
2004-05-16 00:00:00,-0.22408423468364236,-0.477057871672189
2004-06-15 12:00:00,0.15408888703402884,-0.47581006250609836
2004-07-16 00:00:00,-0.3749737800456201,0.4222869228065953
2004-08-16 00:00:00,-0.32049225767029244,0.23915549452474383
2004-09-15 12:00:00,0.3203407133812258,-0.4763766538578102
2004-10-16 00:00:00,0.021584971407066167,0.10828612785025704
2004-11-15 12:00:00,-0.10549412648069556,0.5977747331794833
2004-12-16 00:00:00,-0.47783777169042047,0.07891079764950693
2005-01-16 00:00:00,-0.0342561991693176,-0.34268630888297946
2005-02-14 12:00:00,0.49658727394490326,0.6451384699074715
2005-03-16 00:00:00,-0.28697854867897643,-0.12639172421674333
2005-04-15 12:00:00,-0.3484620898392348,0.8424753003303044
2005-05-16 00:00:00,-0.13113006706897756,0.49370689929502076
2005-06-15 12:00:00,-0.4816884022672661,-0.29793257704348336
2005-07-16 00:00:00,-0.42512458395647423,-0.027140572396346152
2005-08-16 00:00:00,-0.055277421503685364,-0.4249914143014357
2005-09-15 12:00:00,0.29013844578619136,-0.4712986985172293
2005-10-16 00:00:00,0.38113649520611953,-0.10106063751874472
2005-11-15 12:00:00,-0.16418096629483514,-0.30735802906179194
2005-12-16 00:00:00,-0.15535657945292103,-0.516811871113092
2006-01-16 00:00:00,0.2957696701220082,-0.06449948752937595
2006-02-14 12:00:00,-0.22163515665681782,-0.0961777307530764
2006-03-16 00:00:00,-0.24109748446188314,0.24464932186270727
2006-04-15 12:00:00,-0.11078379444778941,-0.44517657258979854
2006-05-16 00:00:00,-0.11243266359367754,-0.2232806858076431
2006-06-15 12:00:00,-0.18111218786889394,0.09860301861725707
2006-07-16 00:00:00,-0.3540838101823541,-0.4458186267549616
2006-08-16 00:00:00,-0.16809780058229157,-0.31979329585476046
2006-09-15 12:00:00,-0.3566725931241673,-0.10335335645576155
2006-10-16 00:00:00,0.34556516089485806,-0.2939073954350825
2006-11-15 12:00:00,-0.349224371681752,-0.04618238629093363
2006-12-16 00:00:00,-0.4418430332879599,-0.004173989581230941
2007-01-16 00:00:00,0.08114054288987255,-0.031102055432840614
2007-02-14 12:00:00,-0.3619545208918631,0.3866605320167634
2007-03-16 00:00:00,-0.21952606265394858,-0.5105150197224843
2007-04-15 12:00:00,0.8725223150121668,-0.3832857502455618
2007-05-16 00:00:00,0.0021781211832908043,0.33681016624787075
2007-06-15 12:00:00,0.06175793358326326,2.843450629266438
2007-07-16 00:00:00,-0.4142669438420891,-0.5416616881472163
2007-08-16 00:00:00,-0.19978225271076905,0.1713508597525284
2007-09-15 12:00:00,-0.11740241382492733,-0.3764658019083175
2007-10-16 00:00:00,-0.18774508383184574,0.5279861494045123
2007-11-15 12:00:00,-0.39208780170971186,0.008336009853533777
2007-12-16 00:00:00,0.07177297596376592,-0.24377650809133888
2008-01-16 00:00:00,-0.45832528477187223,-0.3892769872325576
2008-02-15 00:00:00,-0.06268823369928295,-0.09878930348805182
2008-03-16 00:00:00,1.3214509874081672,1.2207015073752756
2008-04-15 12:00:00,0.32206399064483354,0.7683405783030205
2008-05-16 00:00:00,0.36358091752678906,-0.05348702305183051
2008-06-15 12:00:00,-0.34292903617259607,-0.36004997448046505
2008-07-16 00:00:00,-0.03355590030974931,-0.37981627451361644
2008-08-16 00:00:00,-0.2848478248409642,0.23526507786750706
2008-09-15 12:00:00,-0.11926148432797062,0.4351782575639379
2008-10-16 00:00:00,-0.2559576463044998,-0.4193206890565734
2008-11-15 12:00:00,0.08534238561626922,-0.09793058318254294
2008-12-16 00:00:00,1.6241780808620543,0.18087293187602593
2009-01-16 00:00:00,-0.19238142401177,0.8802424380220445
2009-02-14 12:00:00,-0.14630583666666153,0.01969494092306623
2009-03-16 00:00:00,-0.5171752329243369,0.31009280617358204
2009-04-15 12:00:00,-0.16003897473509582,-0.34697644047847476
2009-05-16 00:00:00,-0.2227378933928394,-0.33239216439537234
2009-06-15 12:00:00,1.406619469025566,-0.37275615124996303
2009-07-16 00:00:00,-0.2884784152484625,-0.4709514778117676
2009-08-16 00:00:00,-0.5086675453526065,0.03251503476194817
2009-09-15 12:00:00,0.3738932229043929,-0.4509415348030369
2009-10-16 00:00:00,-0.0636689615582019,-0.5155615771845999
2009-11-15 12:00:00,0.3824005158246249,-0.3498093997983189
2009-12-16 00:00:00,-0.46264755489939485,-0.514382814773603
2010-01-16 00:00:00,0.06661729497502028,-0.10257890534270053
2010-02-14 12:00:00,-0.26483249572033635,-0.45822117119744443
2010-03-16 00:00:00,-0.1774033802067717,0.16273693820059676
2010-04-15 12:00:00,-0.1739105996811972,-0.49940966192631403
2010-05-16 00:00:00,-0.06093444629832989,-0.5026195610075526
2010-06-15 12:00:00,0.5625273001038786,1.9505497888955539
2010-07-16 00:00:00,-0.2668178228927768,-0.5004461947390277
2010-08-16 00:00:00,-0.3317671497744159,-0.2179568231358604
2010-09-15 12:00:00,0.3783216583290387,-0.13070274430702694
2010-10-16 00:00:00,-0.4519184956321923,-0.5163841949230898
2010-11-15 12:00:00,0.7124064469929356,-0.18302109852512427
2010-12-16 00:00:00,0.5091647253909515,0.3027822297819792
2011-01-16 00:00:00,0.9019246537046608,-0.10976790422491478
2011-02-14 12:00:00,-0.4980618943371121,-0.04497945251300306
2011-03-16 00:00:00,0.23686242595623336,-0.4235300793851485
2011-04-15 12:00:00,-0.07872151463336063,-0.44274716271367376
2011-05-16 00:00:00,-0.43680258567304703,-0.52936650330716
2011-06-15 12:00:00,1.8159284011261037,-0.08016238673332071
2011-07-16 00:00:00,-0.38439478968249946,-0.5408633075572493
2011-08-16 00:00:00,0.2649619084280949,-0.2570553410934784
2011-09-15 12:00:00,-0.41039917281260446,0.08230727897358392
2011-10-16 00:00:00,-0.46180718725062125,0.4279657922607788
2011-11-15 12:00:00,-0.46432556759394406,-0.11004407846376923
2011-12-16 00:00:00,-0.46697097153846395,-0.43646491813153965
2012-01-16 00:00:00,-0.3358743468384995,-0.33426324664172047
2012-02-15 00:00:00,-0.29526155843082585,0.17790849147454002
2012-03-16 00:00:00,0.21548802983515342,-0.4913166725758099
2012-04-15 12:00:00,-0.3619131559771691,-0.13835793120069795
2012-05-16 00:00:00,0.12167667720318137,-0.4959015811190579
2012-06-15 12:00:00,-0.16492134936252778,-0.3451988042526938
2012-07-16 00:00:00,0.8597572083781639,-0.4023741348660204
2012-08-16 00:00:00,1.684196132408265,0.40971821175008494
2012-09-15 12:00:00,1.4805961985205283,-0.33211414673896866
2012-10-16 00:00:00,0.23888632249007685,0.6285303178813503
2012-11-15 12:00:00,-0.4502139852723863,-0.37624056888509194
2012-12-16 00:00:00,1.0955927738187732,-0.24628964971527484
2013-01-16 00:00:00,-0.061273005567783256,1.3430388387619665
2013-02-14 12:00:00,-0.18922390163222702,-0.42171134439124847
2013-03-16 00:00:00,-0.28708280649220685,-0.46515638503121937
2013-04-15 12:00:00,-0.1694625692498583,-0.44012593402872735
2013-05-16 00:00:00,-0.4011635694047738,-0.42904699232158106
2013-06-15 12:00:00,0.6499702945902222,0.8497606080205501
2013-07-16 00:00:00,0.1159462879557756,-0.19996674665136444
2013-08-16 00:00:00,-0.14691377799437122,-0.010085373127925013
2013-09-15 12:00:00,-0.15730579281291318,-0.09837789531349689
2013-10-16 00:00:00,-0.4953053932603033,1.1153556695616227
2013-11-15 12:00:00,-0.43316610613897416,-0.5455773564855692
2013-12-16 00:00:00,-0.3706880727775532,1.0493635929139788
2014-01-16 00:00:00,-0.3991740776099217,-0.3113050212911961
2014-02-14 12:00:00,0.09814189808212431,-0.45236613000912385
2014-03-16 00:00:00,-0.3102759623380237,0.22738982085042903
2014-04-15 12:00:00,0.27481436779375795,0.3963868732791923
2014-05-16 00:00:00,1.0934553397359057,1.0568202206688428
2014-06-15 12:00:00,-0.3418629989883629,0.29241618864822494
2014-07-16 00:00:00,-0.4572393572711177,-0.5128602298117846
2014-08-16 00:00:00,-0.45180475235156425,0.021079333763825203
2014-09-15 12:00:00,-0.48550894805959816,0.0753166874974528
2014-10-16 00:00:00,-0.45898408266250806,-0.30882520971285127
2014-11-15 12:00:00,-0.06606442881637897,-0.1690720202283557
2014-12-16 00:00:00,-0.35888671219155216,-0.2746243289084348
2015-01-16 00:00:00,-0.06970996804490537,-0.40811323834623714
2015-02-14 12:00:00,0.5594289971974298,-0.4700002304927857
2015-03-16 00:00:00,-0.30755356755483154,0.46540376269605044
2015-04-15 12:00:00,0.45820199344019535,0.084823988480635
2015-05-16 00:00:00,0.5484964466931967,0.6891322923707203
2015-06-15 12:00:00,0.15236427064777563,-0.09153579325054079
2015-07-16 00:00:00,-0.24343639491847946,-0.13726112104348775
2015-08-16 00:00:00,-0.29121748390273194,1.4026023014900373
2015-09-15 12:00:00,0.3074298619372598,-0.3839946982592587
2015-10-16 00:00:00,-0.04636295482777164,-0.3511851802139323
2015-11-15 12:00:00,-0.2269420058215479,-0.4222086237091729
2015-12-16 00:00:00,0.3929116574011741,0.11431800702013861
2016-01-16 00:00:00,-0.41610021957860915,0.0942390878362589
2016-02-15 00:00:00,-0.47503749696307646,-0.4150713639205948
2016-03-16 00:00:00,0.10966402976401052,0.11421651784194964
2016-04-15 12:00:00,-0.3989542209383175,-0.17487066455809347
2016-05-16 00:00:00,0.4868342319525772,-0.21513840659684746
2016-06-15 12:00:00,-0.3691689319239032,0.11784566449005596
2016-07-16 00:00:00,-0.17291330799868265,-0.25608532972173137
2016-08-16 00:00:00,0.13997965346655267,-0.15431461418035725
2016-09-15 12:00:00,0.01547250047364751,0.554065392684605
2016-10-16 00:00:00,-0.0621254342220684,-0.30516801836287544
2016-11-15 12:00:00,0.4214914719855903,-0.1700966508409809
2016-12-16 00:00:00,-0.07656103011834436,-0.4547394034379192
2017-01-16 00:00:00,-0.17930519511640125,0.5983843033227322
2017-02-14 12:00:00,0.6229946420755481,-0.13229722332088278
2017-03-16 00:00:00,0.5249849530589001,0.7804774586155986
2017-04-15 12:00:00,0.23085150097618273,0.31923361011414764
2017-05-16 00:00:00,-0.4361018908919995,-0.46221151518504755
2017-06-15 12:00:00,-0.4432523120041834,-0.12381629815632667
2017-07-16 00:00:00,-0.40800616914937976,-0.5345763455413924
2017-08-16 00:00:00,-0.22652739759917195,-0.028228247557380515
2017-09-15 12:00:00,-0.45966676080366303,0.31376652692560214
2017-10-16 00:00:00,-0.11564656187906197,-0.3495240230307081
2017-11-15 12:00:00,-0.2103076316670271,-0.26305296797272404
2017-12-16 00:00:00,-0.11399437921860162,-0.5073642899913237
2018-01-16 00:00:00,-0.2507779195825797,-0.4896025819357398
2018-02-14 12:00:00,1.951280046597477,-0.29304746689663586
2018-03-16 00:00:00,-0.4423401831034237,0.5092459614903461
2018-04-15 12:00:00,-0.15523773808466385,-0.47677228573920205
2018-05-16 00:00:00,-0.08070838597707441,0.06911617640495382
2018-06-15 12:00:00,0.3090324538897283,-0.10885645161420932
2018-07-16 00:00:00,-0.33480667228458844,-0.5284810429321932
2018-08-16 00:00:00,-0.3368835337378087,0.5322466985179682
2018-09-15 12:00:00,0.6014709717108888,-0.1012937670211751
2018-10-16 00:00:00,-0.4737612246730858,-0.0027266843250081108
2018-11-15 12:00:00,-0.40515528744395035,-0.28455343330980293
2018-12-16 00:00:00,0.4588072103245205,0.007025781933276631
2019-01-16 00:00:00,-0.40416287902592707,-0.3068223100104907
2019-02-14 12:00:00,0.30727368107136893,0.06108861145649691
2019-03-16 00:00:00,0.6363221139773516,-0.25442777292218705
2019-04-15 12:00:00,-0.11415168343628118,-0.3097863641604336
2019-05-16 00:00:00,0.3712409681934992,-0.15945184880427127
2019-06-15 12:00:00,-0.2548366733446442,0.22895452667308425
2019-07-16 00:00:00,1.3011785876572635,-0.16625132970805445
2019-08-16 00:00:00,-0.01579300242077364,0.1173769127482418
2019-09-15 12:00:00,-0.5096374653820457,0.008985341615236453
2019-10-16 00:00:00,-0.0037213626123667742,0.5370967487595489
2019-11-15 12:00:00,0.4921299220659076,0.892544114386972
2019-12-16 00:00:00,-0.41312448848305194,0.13530787914560227
2020-01-16 00:00:00,-0.4200551484033061,-0.09772582145268954
2020-02-15 00:00:00,-0.47789824209498355,-0.3987577204730113
2020-03-16 00:00:00,0.15707947784428838,-0.41291242286283103
2020-04-15 12:00:00,0.6494631569935012,0.2930026387859753
2020-05-16 00:00:00,0.48994749603298254,0.1538849967524829
2020-06-15 12:00:00,0.009681214053963383,-0.41999597194139376
2020-07-16 00:00:00,-0.507401029070481,0.7375021716888038
2020-08-16 00:00:00,-0.2648081732301508,-0.4851833698584976
2020-09-15 12:00:00,0.30816735252566335,-0.4767151311290734
2020-10-16 00:00:00,0.2522931940229011,0.4877801754096124
2020-11-15 12:00:00,-0.2205861972757288,-0.4763507648423242
2020-12-16 00:00:00,-0.4022997849567875,-0.36693925064515986
2021-01-16 00:00:00,0.506051089915452,0.03771569550017917
2021-02-14 12:00:00,-0.22652881210335032,0.7632528931758634
2021-03-16 00:00:00,0.6387021775298372,0.5021947787362674
2021-04-15 12:00:00,-0.16865139850243382,0.0724076888535069
2021-05-16 00:00:00,-0.4326556603510382,-0.16324067787723878
2021-06-15 12:00:00,2.1997908269302537,-0.29640196805337404
2021-07-16 00:00:00,-0.4156686653727737,-0.048755453560188955
2021-08-16 00:00:00,0.06467922175267499,0.7244010617768036
2021-09-15 12:00:00,-0.1482777704495412,0.3801957416351124
2021-10-16 00:00:00,-0.4168031454398556,0.20077927112100058
2021-11-15 12:00:00,-0.38687280395582885,-0.5348904291813192
2021-12-16 00:00:00,0.6995322638610939,1.9237736394161349
2022-01-16 00:00:00,0.4663150331101112,-0.3786694005990361
2022-02-14 12:00:00,-0.3237353727609298,-0.3303699643577484
2022-03-16 00:00:00,-0.2318598654820209,0.3724043187909374
2022-04-15 12:00:00,0.8003213563731641,-0.12717978803298863
2022-05-16 00:00:00,-0.30251059273635855,-0.1420375873326899
2022-06-15 12:00:00,-0.20590024940482626,-0.11540665039391229
2022-07-16 00:00:00,-0.18882998218121866,-0.2228971664257987
2022-08-16 00:00:00,-0.4483042944300602,-0.07045867683443646
2022-09-15 12:00:00,-0.46062021535544495,-0.5316828561199635
2022-10-16 00:00:00,-0.40132915616652887,-0.26737933755081644
2022-11-15 12:00:00,-0.19374207656672576,-0.10588702820690427
2022-12-16 00:00:00,-0.23398244449769634,0.3085846493662161
2023-01-16 00:00:00,0.32049681555427906,-0.3863783120462828
2023-02-14 12:00:00,1.1982426813971998,0.660949785137141
2023-03-16 00:00:00,-0.20868370322814528,0.45079855192901463
2023-04-15 12:00:00,-0.40713112991267497,0.2848809678043308
2023-05-16 00:00:00,0.14717223152587428,-0.21013749984103103
2023-06-15 12:00:00,-0.4700094897942193,0.1288154059846186
2023-07-16 00:00:00,-0.2038089708400288,0.5512746484345233
2023-08-16 00:00:00,-0.1640570315222964,-0.28127251738488673
2023-09-15 12:00:00,0.8036245362063914,0.302064346215148
2023-10-16 00:00:00,0.29244740684573806,-0.4300691477557522
2023-11-15 12:00:00,-0.36450498723563907,-0.37644252809576473
2023-12-16 00:00:00,-0.38934510012585666,0.0646802545055728
2024-01-16 00:00:00,-0.16691377068641355,-0.3262680653865791
2024-02-15 00:00:00,-0.18656929446592496,0.0680618002268728
2024-03-16 00:00:00,-0.4203470865456289,-0.3568891199834271
2024-04-15 12:00:00,-0.18991185613205996,-0.5014848120801836
2024-05-16 00:00:00,0.2438849219074592,-0.45148997547367176
2024-06-15 12:00:00,0.21568619681543438,-0.4170500744081923
2024-07-16 00:00:00,-0.48741660229192424,-0.1270355865358065
2024-08-16 00:00:00,-0.1964991254461852,0.6779341348894813
2024-09-15 12:00:00,-0.25062007496446875,-0.30378632241052783
2024-10-16 00:00:00,-0.5464327645090753,0.6401401285557112
2024-11-15 12:00:00,0.6817557833747607,0.7592934794649361
2024-12-16 00:00:00,0.020603267524469393,0.1322475665661813
2025-01-16 00:00:00,-0.11799897835031686,0.3799447145233281
2025-02-14 12:00:00,-0.1207652278185799,-0.26575762501776484
2025-03-16 00:00:00,-0.2659156103152881,-0.4493516309649375
2025-04-15 12:00:00,-0.05864005539007383,-0.12721673516085946
2025-05-16 00:00:00,-0.23619330081375886,-0.3906279783131349
2025-06-15 12:00:00,1.5911154943980377,-0.01946103176697278
