time,PC1
1940-01-16 00:00:00,-1.1731359302871782
1940-02-15 00:00:00,1.2503361697128217
1940-03-16 00:00:00,-2.0428724302871784
1940-04-15 12:00:00,-0.4407997302871784
1940-05-16 00:00:00,-0.2547253802871784
1940-06-15 12:00:00,-0.5929542002871784
1940-07-16 00:00:00,1.8377202697128217
1940-08-16 00:00:00,-0.5385673302871784
1940-09-15 12:00:00,-0.6118694302871783
1940-10-16 00:00:00,-0.5799543602871784
1940-11-15 12:00:00,0.5317212697128216
1940-12-16 00:00:00,1.2951604697128218
1941-01-16 00:00:00,-0.8080660302871784
1941-02-14 12:00:00,-1.2163744302871782
1941-03-16 00:00:00,0.9261756197128216
1941-04-15 12:00:00,-0.07903738028717837
1941-05-16 00:00:00,-0.3179896002871784
1941-06-15 12:00:00,-0.08973985028717836
1941-07-16 00:00:00,0.7244072197128216
1941-08-16 00:00:00,0.5373448297128216
1941-09-15 12:00:00,-0.16717268028717835
1941-10-16 00:00:00,-0.09593774028717837
1941-11-15 12:00:00,-1.5177922302871782
1941-12-16 00:00:00,0.09470938971282164
1942-01-16 00:00:00,-2.1922319302871784
1942-02-14 12:00:00,-1.6466125302871784
1942-03-16 00:00:00,-2.639534230287178
1942-04-15 12:00:00,-1.1188812302871782
1942-05-16 00:00:00,0.8383606697128216
1942-06-15 12:00:00,0.05371503771282164
1942-07-16 00:00:00,1.4711297697128218
1942-08-16 00:00:00,-0.7886344302871784
1942-09-15 12:00:00,-0.05499153028717836
1942-10-16 00:00:00,-0.44961587028717837
1942-11-15 12:00:00,1.8278627697128218
1942-12-16 00:00:00,-0.15595346028717835
1943-01-16 00:00:00,-0.3644436702871784
1943-02-14 12:00:00,0.07988641971282164
1943-03-16 00:00:00,-2.454275230287178
1943-04-15 12:00:00,0.9203691097128216
1943-05-16 00:00:00,1.9762669697128217
1943-06-15 12:00:00,0.5384878697128216
1943-07-16 00:00:00,0.04585020271282164
1943-08-16 00:00:00,-0.4812024602871784
1943-09-15 12:00:00,0.5380079697128216
1943-10-16 00:00:00,0.6992347997128217
1943-11-15 12:00:00,-0.34089813028717836
1943-12-16 00:00:00,0.6530047697128216
1944-01-16 00:00:00,-0.13995252028717836
1944-02-15 00:00:00,-0.7630551802871783
1944-03-16 00:00:00,1.1916593697128217
1944-04-15 12:00:00,0.2695940697128216
1944-05-16 00:00:00,0.06898082971282164
1944-06-15 12:00:00,0.6975286697128217
1944-07-16 00:00:00,-0.4071961302871784
1944-08-16 00:00:00,-0.3306106702871784
1944-09-15 12:00:00,0.027991884712821637
1944-10-16 00:00:00,-0.5295592902871784
1944-11-15 12:00:00,0.03276688071282163
1944-12-16 00:00:00,-0.7201331302871784
1945-01-16 00:00:00,-0.25075371028717836
1945-02-14 12:00:00,-0.41971297028717836
1945-03-16 00:00:00,-1.8966849302871782
1945-04-15 12:00:00,0.7875740697128216
1945-05-16 00:00:00,-0.6266052302871784
1945-06-15 12:00:00,0.10350780971282163
1945-07-16 00:00:00,-1.9128387302871783
1945-08-16 00:00:00,2.367639269712822
1945-09-15 12:00:00,0.9118053697128217
1945-10-16 00:00:00,0.2874488097128216
1945-11-15 12:00:00,-0.38032947028717834
1945-12-16 00:00:00,1.1502427697128217
1946-01-16 00:00:00,0.6654463697128217
1946-02-14 12:00:00,0.19352643971282163
1946-03-16 00:00:00,0.21484913971282163
1946-04-15 12:00:00,-1.6543717302871783
1946-05-16 00:00:00,-1.2987795302871783
1946-06-15 12:00:00,0.31137378971282165
1946-07-16 00:00:00,0.7859715997128216
1946-08-16 00:00:00,0.48224888971282165
1946-09-15 12:00:00,1.4553217697128218
1946-10-16 00:00:00,0.6661230697128216
1946-11-15 12:00:00,0.33256162971282166
1946-12-16 00:00:00,-0.6675738302871783
1947-01-16 00:00:00,-1.2111924302871782
1947-02-14 12:00:00,0.7889874197128216
1947-03-16 00:00:00,0.19358475971282163
1947-04-15 12:00:00,0.8444082697128217
1947-05-16 00:00:00,0.7325272197128216
1947-06-15 12:00:00,-0.2595194302871784
1947-07-16 00:00:00,-1.0175055302871783
1947-08-16 00:00:00,-1.1257663302871783
1947-09-15 12:00:00,0.21719609971282164
1947-10-16 00:00:00,-0.7708945302871784
1947-11-15 12:00:00,1.2753372697128218
1947-12-16 00:00:00,0.7268906997128216
1948-01-16 00:00:00,-0.4673359802871784
1948-02-15 00:00:00,0.25323192971282166
1948-03-16 00:00:00,1.6705014697128218
1948-04-15 12:00:00,-1.4372116302871782
1948-05-16 00:00:00,-2.053306630287178
1948-06-15 12:00:00,-0.6995863302871783
1948-07-16 00:00:00,-0.47791506028717834
1948-08-16 00:00:00,-1.0681528302871783
1948-09-15 12:00:00,0.17018466971282165
1948-10-16 00:00:00,-1.1325855302871783
1948-11-15 12:00:00,-1.5295082302871783
1948-12-16 00:00:00,0.9109617097128216
1949-01-16 00:00:00,0.6934034697128216
1949-02-14 12:00:00,-1.2947620302871783
1949-03-16 00:00:00,-1.3493548302871783
1949-04-15 12:00:00,-0.3409975302871784
1949-05-16 00:00:00,0.8690841697128217
1949-06-15 12:00:00,-0.28719167028717835
1949-07-16 00:00:00,0.09658403571282163
1949-08-16 00:00:00,-0.9409389902871783
1949-09-15 12:00:00,-0.8450442902871783
1949-10-16 00:00:00,0.7427314097128216
1949-11-15 12:00:00,0.7631750697128217
1949-12-16 00:00:00,0.6141883697128216
1950-01-16 00:00:00,-0.045069863287178366
1950-02-14 12:00:00,-1.3767699302871783
1950-03-16 00:00:00,-0.49908373028717834
1950-04-15 12:00:00,-0.18801404028717836
1950-05-16 00:00:00,-0.06516548028717836
1950-06-15 12:00:00,1.2899490697128217
1950-07-16 00:00:00,-1.0722567302871782
1950-08-16 00:00:00,0.19051741971282163
1950-09-15 12:00:00,0.08903552471282164
1950-10-16 00:00:00,0.03226597671282164
1950-11-15 12:00:00,-0.30951575028717837
1950-12-16 00:00:00,0.22789998971282163
1951-01-16 00:00:00,-1.1775556302871784
1951-02-14 12:00:00,-0.4129587302871784
1951-03-16 00:00:00,0.9299982697128216
1951-04-15 12:00:00,-0.5441133302871783
1951-05-16 00:00:00,1.4268800697128217
1951-06-15 12:00:00,0.7751823297128216
1951-07-16 00:00:00,-0.04314579228717837
1951-08-16 00:00:00,2.156714769712822
1951-09-15 12:00:00,0.6261410297128216
1951-10-16 00:00:00,-0.05759867428717837
1951-11-15 12:00:00,0.9019563997128216
1951-12-16 00:00:00,-0.33295167028717837
1952-01-16 00:00:00,1.6519427697128217
1952-02-15 00:00:00,0.4736639497128216
1952-03-16 00:00:00,0.15236201971282162
1952-04-15 12:00:00,-2.5817354302871784
1952-05-16 00:00:00,-0.33153577028717834
1952-06-15 12:00:00,-0.6284050302871783
1952-07-16 00:00:00,0.6934425697128216
1952-08-16 00:00:00,0.054655121712821636
1952-09-15 12:00:00,0.10407993971282163
1952-10-16 00:00:00,-0.07927107028717836
1952-11-15 12:00:00,-0.7464896302871784
1952-12-16 00:00:00,0.28266863971282163
1953-01-16 00:00:00,-0.011605270287178362
1953-02-14 12:00:00,-0.8012876302871784
1953-03-16 00:00:00,0.7789324097128216
1953-04-15 12:00:00,-0.3907446102871784
1953-05-16 00:00:00,-1.8864406302871783
1953-06-15 12:00:00,0.8536889197128217
1953-07-16 00:00:00,0.012310817712821637
1953-08-16 00:00:00,-0.21602858028717836
1953-09-15 12:00:00,0.8304339297128216
1953-10-16 00:00:00,-0.7506676302871783
1953-11-15 12:00:00,0.3524124197128216
1953-12-16 00:00:00,-0.5417339002871784
1954-01-16 00:00:00,0.08953682971282163
1954-02-14 12:00:00,-0.41720180028717835
1954-03-16 00:00:00,1.5560521697128218
1954-04-15 12:00:00,-0.2596014802871784
1954-05-16 00:00:00,-0.22040609028717836
1954-06-15 12:00:00,-3.0299645302871783
1954-07-16 00:00:00,1.5996195697128217
1954-08-16 00:00:00,1.1486426697128218
1954-09-15 12:00:00,2.1572567697128218
1954-10-16 00:00:00,-0.18490244028717837
1954-11-15 12:00:00,1.6428696697128218
1954-12-16 00:00:00,2.393502169712822
1955-01-16 00:00:00,-1.8362557302871783
1955-02-14 12:00:00,-1.1659241302871783
1955-03-16 00:00:00,0.5235787697128216
1955-04-15 12:00:00,0.005523552712821638
1955-05-16 00:00:00,-1.7787937302871784
1955-06-15 12:00:00,0.4571312297128216
1955-07-16 00:00:00,0.36285360971282166
1955-08-16 00:00:00,-0.7527555302871783
1955-09-15 12:00:00,-0.058311580287178366
1955-10-16 00:00:00,0.9180973697128216
1955-11-15 12:00:00,-0.03217294628717836
1955-12-16 00:00:00,-0.35683213028717836
1956-01-16 00:00:00,-0.13853709028717837
1956-02-15 00:00:00,0.07013652971282164
1956-03-16 00:00:00,1.4809570697128218
1956-04-15 12:00:00,0.02237690171282164
1956-05-16 00:00:00,1.2296662697128218
1956-06-15 12:00:00,-1.3671396302871783
1956-07-16 00:00:00,-2.3714764302871782
1956-08-16 00:00:00,-0.3169826102871784
1956-09-15 12:00:00,1.2785279697128218
1956-10-16 00:00:00,0.07005497971282164
1956-11-15 12:00:00,-0.013879464287178362
1956-12-16 00:00:00,0.9320578197128216
1957-01-16 00:00:00,-0.6569831302871784
1957-02-14 12:00:00,-0.48179165028717835
1957-03-16 00:00:00,-1.0656904302871784
1957-04-15 12:00:00,0.7353319697128217
1957-05-16 00:00:00,-0.8179910302871783
1957-06-15 12:00:00,1.2320261697128216
1957-07-16 00:00:00,-0.6937696302871784
1957-08-16 00:00:00,0.18949879971282163
1957-09-15 12:00:00,1.4896821697128217
1957-10-16 00:00:00,-0.25945599028717836
1957-11-15 12:00:00,-0.2759308902871784
1957-12-16 00:00:00,1.8134267697128217
1958-01-16 00:00:00,1.2082195697128217
1958-02-14 12:00:00,-1.4783855302871782
1958-03-16 00:00:00,-0.41531293028717836
1958-04-15 12:00:00,0.6801391697128216
1958-05-16 00:00:00,1.0575503697128217
1958-06-15 12:00:00,-0.7000135002871783
1958-07-16 00:00:00,0.6215584697128216
1958-08-16 00:00:00,1.4391531697128217
1958-09-15 12:00:00,0.24905903971282164
1958-10-16 00:00:00,-0.05491188028717836
1958-11-15 12:00:00,-1.1038187302871783
1958-12-16 00:00:00,-1.4821916302871783
1959-01-16 00:00:00,-0.23925490028717838
1959-02-14 12:00:00,-1.2262336302871784
1959-03-16 00:00:00,-1.2665361302871783
1959-04-15 12:00:00,-1.5593394302871784
1959-05-16 00:00:00,-0.12494481028717835
1959-06-15 12:00:00,0.24307866971282163
1959-07-16 00:00:00,0.9671647197128216
1959-08-16 00:00:00,0.5940765397128216
1959-09-15 12:00:00,0.44835321971282166
1959-10-16 00:00:00,0.25136376971282165
1959-11-15 12:00:00,-0.6256396002871784
1959-12-16 00:00:00,0.5567413697128216
1960-01-16 00:00:00,-0.7293192302871784
1960-02-15 00:00:00,2.2318355697128216
1960-03-16 00:00:00,-0.6487399302871784
1960-04-15 12:00:00,-0.16123743028717838
1960-05-16 00:00:00,-0.7880502702871783
1960-06-15 12:00:00,-1.2703166302871782
1960-07-16 00:00:00,-0.5811566302871783
1960-08-16 00:00:00,0.4524464197128216
1960-09-15 12:00:00,0.19576187971282163
1960-10-16 00:00:00,0.43545459971282163
1960-11-15 12:00:00,-1.1955696302871783
1960-12-16 00:00:00,-0.01039321728717836
1961-01-16 00:00:00,1.0202105697128216
1961-02-14 12:00:00,1.0474817697128218
1961-03-16 00:00:00,0.024880910712821638
1961-04-15 12:00:00,-0.28814093028717835
1961-05-16 00:00:00,0.5620033397128217
1961-06-15 12:00:00,0.6235867397128216
1961-07-16 00:00:00,-0.8160809302871783
1961-08-16 00:00:00,-1.2409364302871781
1961-09-15 12:00:00,-0.7424398302871784
1961-10-16 00:00:00,-1.3144949302871782
1961-11-15 12:00:00,0.2590117997128216
1961-12-16 00:00:00,-0.47457288028717837
1962-01-16 00:00:00,0.30650983971282164
1962-02-14 12:00:00,-0.16773746028717837
1962-03-16 00:00:00,0.20245574971282163
1962-04-15 12:00:00,-1.9698230302871782
1962-05-16 00:00:00,-0.4381448302871784
1962-06-15 12:00:00,-1.4691318302871783
1962-07-16 00:00:00,-1.5935362302871783
1962-08-16 00:00:00,-1.3418951302871782
1962-09-15 12:00:00,-1.1110157302871781
1962-10-16 00:00:00,0.17151312971282162
1962-11-15 12:00:00,0.5294203397128217
1962-12-16 00:00:00,-0.5467310302871784
1963-01-16 00:00:00,-1.7031577302871783
1963-02-14 12:00:00,0.21124421971282165
1963-03-16 00:00:00,0.5180500697128216
1963-04-15 12:00:00,-0.5427058302871783
1963-05-16 00:00:00,0.9382386697128217
1963-06-15 12:00:00,-0.9033007302871784
1963-07-16 00:00:00,0.8032446697128216
1963-08-16 00:00:00,-0.7922112302871783
1963-09-15 12:00:00,-0.5219527902871783
1963-10-16 00:00:00,0.9253456197128216
1963-11-15 12:00:00,0.5197940097128216
1963-12-16 00:00:00,0.01630495861282164
1964-01-16 00:00:00,0.25095574971282164
1964-02-15 00:00:00,1.3353156697128217
1964-03-16 00:00:00,1.5153757697128218
1964-04-15 12:00:00,0.37296564971282165
1964-05-16 00:00:00,0.15151678971282165
1964-06-15 12:00:00,1.0958049697128218
1964-07-16 00:00:00,1.0089202697128217
1964-08-16 00:00:00,-0.7501039302871784
1964-09-15 12:00:00,0.42825006971282165
1964-10-16 00:00:00,-0.8241875302871784
1964-11-15 12:00:00,1.2260754697128218
1964-12-16 00:00:00,-2.2649617302871783
1965-01-16 00:00:00,-1.6756483302871783
1965-02-14 12:00:00,1.5154272697128217
1965-03-16 00:00:00,0.06225482971282163
1965-04-15 12:00:00,-0.20080309028717835
1965-05-16 00:00:00,-0.9163811302871784
1965-06-15 12:00:00,-0.6383404302871784
1965-07-16 00:00:00,-0.6986862802871784
1965-08-16 00:00:00,0.7336056697128216
1965-09-15 12:00:00,2.307920869712822
1965-10-16 00:00:00,1.5303806697128217
1965-11-15 12:00:00,0.16773156971282163
1965-12-16 00:00:00,-0.11847789028717837
1966-01-16 00:00:00,-0.6992124302871784
1966-02-14 12:00:00,-0.16509060028717837
1966-03-16 00:00:00,0.8933147997128217
1966-04-15 12:00:00,-0.39827255028717834
1966-05-16 00:00:00,1.4560891697128218
1966-06-15 12:00:00,-0.8843219302871783
1966-07-16 00:00:00,0.22190418971282164
1966-08-16 00:00:00,1.8281596697128217
1966-09-15 12:00:00,-0.08185349028717837
1966-10-16 00:00:00,-1.3545165302871782
1966-11-15 12:00:00,-0.8722968302871784
1966-12-16 00:00:00,-0.5538505302871783
1967-01-16 00:00:00,0.4413055097128216
1967-02-14 12:00:00,0.09649921971282163
1967-03-16 00:00:00,0.48099936971282164
1967-04-15 12:00:00,-0.14917188028717837
1967-05-16 00:00:00,-1.1189348302871782
1967-06-15 12:00:00,0.8535958697128216
1967-07-16 00:00:00,-0.02395170028717836
1967-08-16 00:00:00,-0.48532183028717835
1967-09-15 12:00:00,0.4577084997128216
1967-10-16 00:00:00,-2.270557430287178
1967-11-15 12:00:00,-0.041531646287178356
1967-12-16 00:00:00,0.8518501697128217
1968-01-16 00:00:00,0.4385243297128216
1968-02-15 00:00:00,-0.11650220028717836
1968-03-16 00:00:00,0.01869528321282164
1968-04-15 12:00:00,-2.481968930287178
1968-05-16 00:00:00,1.3751125697128217
1968-06-15 12:00:00,-2.735130230287178
1968-07-16 00:00:00,0.06379820971282164
1968-08-16 00:00:00,1.5312411697128216
1968-09-15 12:00:00,0.08000384971282164
1968-10-16 00:00:00,0.5384757097128217
1968-11-15 12:00:00,-0.27494381028717835
1968-12-16 00:00:00,0.7173008697128216
1969-01-16 00:00:00,-0.14689338028717835
1969-02-14 12:00:00,-0.10959954028717836
1969-03-16 00:00:00,1.3754982697128217
1969-04-15 12:00:00,-0.8723401302871784
1969-05-16 00:00:00,-1.5792283302871784
1969-06-15 12:00:00,-0.11860977028717837
1969-07-16 00:00:00,-1.2411611302871783
1969-08-16 00:00:00,-0.39487247028717837
1969-09-15 12:00:00,-0.7009417802871784
1969-10-16 00:00:00,2.0919551697128216
1969-11-15 12:00:00,-1.6535256302871784
1969-12-16 00:00:00,0.6239866197128217
1970-01-16 00:00:00,-0.9859829302871784
1970-02-14 12:00:00,0.12360135971282163
1970-03-16 00:00:00,2.8662061697128216
1970-04-15 12:00:00,0.20492628971282165
1970-05-16 00:00:00,0.18596355971282164
1970-06-15 12:00:00,0.26418875971282163
1970-07-16 00:00:00,-1.5493792302871783
1970-08-16 00:00:00,0.07157445171282163
1970-09-15 12:00:00,-0.34984950028717837
1970-10-16 00:00:00,0.08466816571282164
1970-11-15 12:00:00,0.9397353697128217
1970-12-16 00:00:00,-1.2778987302871783
1971-01-16 00:00:00,-1.3159008302871782
1971-02-14 12:00:00,0.011080477712821637
1971-03-16 00:00:00,0.3544109397128216
1971-04-15 12:00:00,1.9591236697128218
1971-05-16 00:00:00,0.43346341971282165
1971-06-15 12:00:00,-0.40480197028717835
1971-07-16 00:00:00,0.30933686971282165
1971-08-16 00:00:00,1.0872542697128218
1971-09-15 12:00:00,-0.6650459002871784
1971-10-16 00:00:00,-0.39283357028717836
1971-11-15 12:00:00,-0.39100949028717835
1971-12-16 00:00:00,-1.0760005302871782
1972-01-16 00:00:00,1.3788865697128216
1972-02-15 00:00:00,-0.37448941028717836
1972-03-16 00:00:00,0.09936391971282163
1972-04-15 12:00:00,0.4973513697128216
1972-05-16 00:00:00,0.6220697397128216
1972-06-15 12:00:00,-0.22063255028717838
1972-07-16 00:00:00,0.44559623971282164
1972-08-16 00:00:00,0.5934748297128216
1972-09-15 12:00:00,0.30008426971282165
1972-10-16 00:00:00,0.43242616971282166
1972-11-15 12:00:00,0.19413839971282162
1972-12-16 00:00:00,-0.9382194302871784
1973-01-16 00:00:00,0.07770642471282163
1973-02-14 12:00:00,-0.41515307028717835
1973-03-16 00:00:00,-1.0364627302871783
1973-04-15 12:00:00,-0.9167274602871783
1973-05-16 00:00:00,0.39469846971282163
1973-06-15 12:00:00,0.7663232697128216
1973-07-16 00:00:00,-0.8489671702871784
1973-08-16 00:00:00,0.5651423697128216
1973-09-15 12:00:00,0.2910322197128216
1973-10-16 00:00:00,0.19025986971282163
1973-11-15 12:00:00,-0.6055505702871784
1973-12-16 00:00:00,-3.072579430287178
1974-01-16 00:00:00,-0.5190065902871783
1974-02-14 12:00:00,0.5767875697128216
1974-03-16 00:00:00,-0.13735024028717838
1974-04-15 12:00:00,-0.38038851028717835
1974-05-16 00:00:00,-0.6954973702871784
1974-06-15 12:00:00,1.0112636697128217
1974-07-16 00:00:00,0.7047087197128217
1974-08-16 00:00:00,1.7391818697128218
1974-09-15 12:00:00,0.11172745971282164
1974-10-16 00:00:00,0.8275329097128217
1974-11-15 12:00:00,2.6705731697128217
1974-12-16 00:00:00,0.6890549697128217
1975-01-16 00:00:00,1.3430600697128217
1975-02-14 12:00:00,-1.5349573302871782
1975-03-16 00:00:00,0.06406877771282164
1975-04-15 12:00:00,0.7486646397128216
1975-05-16 00:00:00,-0.9460478802871783
1975-06-15 12:00:00,-0.23373351028717837
1975-07-16 00:00:00,0.31809366971282166
1975-08-16 00:00:00,-0.6454860302871783
1975-09-15 12:00:00,0.23669140971282163
1975-10-16 00:00:00,0.7302257697128216
1975-11-15 12:00:00,-0.9971449302871783
1975-12-16 00:00:00,-1.3786017302871783
1976-01-16 00:00:00,-1.2007073302871782
1976-02-15 00:00:00,1.4671317697128217
1976-03-16 00:00:00,-0.26756203028717834
1976-04-15 12:00:00,-0.031974310287178356
1976-05-16 00:00:00,-0.9267401302871784
1976-06-15 12:00:00,0.5889331697128216
1976-07-16 00:00:00,-1.1469452302871783
1976-08-16 00:00:00,0.21839909971282162
1976-09-15 12:00:00,-0.06561176028717837
1976-10-16 00:00:00,-1.4000796302871783
1976-11-15 12:00:00,0.23865081971282162
1976-12-16 00:00:00,0.018756765512821637
1977-01-16 00:00:00,-0.5424386302871783
1977-02-14 12:00:00,0.48735781971282166
1977-03-16 00:00:00,1.3062512697128217
1977-04-15 12:00:00,0.22404612971282165
1977-05-16 00:00:00,-0.8785281302871784
1977-06-15 12:00:00,-1.2850559302871782
1977-07-16 00:00:00,-0.016049956287178365
1977-08-16 00:00:00,-0.17783158028717835
1977-09-15 12:00:00,-0.9671485802871783
1977-10-16 00:00:00,1.6011096697128218
1977-11-15 12:00:00,-1.6955165302871782
1977-12-16 00:00:00,0.24162616971282164
1978-01-16 00:00:00,1.5138944697128218
1978-02-14 12:00:00,0.41564492971282163
1978-03-16 00:00:00,0.35805012971282163
1978-04-15 12:00:00,1.3198301697128219
1978-05-16 00:00:00,0.5053670297128217
1978-06-15 12:00:00,-0.00019713628717836149
1978-07-16 00:00:00,0.33446233971282163
1978-08-16 00:00:00,-1.6930684302871783
1978-09-15 12:00:00,-1.3323630302871783
1978-10-16 00:00:00,-0.20048646028717837
1978-11-15 12:00:00,-0.41217456028717836
1978-12-16 00:00:00,-0.2944937702871784
1979-01-16 00:00:00,-1.0232867302871782
1979-02-14 12:00:00,0.29758383971282165
1979-03-16 00:00:00,-0.7995303302871783
1979-04-15 12:00:00,-1.8211109302871782
1979-05-16 00:00:00,1.3075253697128217
1979-06-15 12:00:00,-2.3608611302871783
1979-07-16 00:00:00,-1.0375645302871783
1979-08-16 00:00:00,0.6180264697128216
1979-09-15 12:00:00,-0.6599628702871784
1979-10-16 00:00:00,2.2837242697128217
1979-11-15 12:00:00,0.9315882697128216
1979-12-16 00:00:00,-1.0243270302871783
1980-01-16 00:00:00,-0.6329897302871784
1980-02-15 00:00:00,-2.441707630287178
1980-03-16 00:00:00,0.9825157097128216
1980-04-15 12:00:00,0.5743029697128217
1980-05-16 00:00:00,-0.48615583028717835
1980-06-15 12:00:00,-1.0100458302871782
1980-07-16 00:00:00,0.19202293971282164
1980-08-16 00:00:00,-1.2390945302871783
1980-09-15 12:00:00,0.5998730697128216
1980-10-16 00:00:00,-0.3555014802871784
1980-11-15 12:00:00,0.7235354397128216
1980-12-16 00:00:00,-1.1641618302871783
1981-01-16 00:00:00,0.7183243197128216
1981-02-14 12:00:00,1.0934677697128217
1981-03-16 00:00:00,-0.45670048028717836
1981-04-15 12:00:00,0.12804587971282164
1981-05-16 00:00:00,0.5504583697128216
1981-06-15 12:00:00,-0.09040187028717836
1981-07-16 00:00:00,-0.6704089302871784
1981-08-16 00:00:00,0.3948793697128216
1981-09-15 12:00:00,-0.48859353028717833
1981-10-16 00:00:00,-0.47305540028717835
1981-11-15 12:00:00,0.0036515837128216384
1981-12-16 00:00:00,0.8086778697128216
1982-01-16 00:00:00,-0.8493990302871783
1982-02-14 12:00:00,-2.261767230287178
1982-03-16 00:00:00,0.5631432697128216
1982-04-15 12:00:00,0.18940712971282164
1982-05-16 00:00:00,-0.5617295902871784
1982-06-15 12:00:00,1.1367734697128218
1982-07-16 00:00:00,0.39638881971282164
1982-08-16 00:00:00,-0.34478478028717835
1982-09-15 12:00:00,0.19022570971282163
1982-10-16 00:00:00,-0.4488086302871784
1982-11-15 12:00:00,-0.44401030028717836
1982-12-16 00:00:00,0.6191418697128216
1983-01-16 00:00:00,1.2173164697128218
1983-02-14 12:00:00,0.8841818197128216
1983-03-16 00:00:00,-1.0108638302871782
1983-04-15 12:00:00,-1.0541191302871782
1983-05-16 00:00:00,0.8386261697128217
1983-06-15 12:00:00,1.0738611697128218
1983-07-16 00:00:00,-0.11536543028717836
1983-08-16 00:00:00,0.4274833097128216
1983-09-15 12:00:00,-0.8993952302871784
1983-10-16 00:00:00,0.47409976971282164
1983-11-15 12:00:00,-1.1163174302871783
1983-12-16 00:00:00,0.9974950197128216
1984-01-16 00:00:00,0.008612477712821637
1984-02-15 00:00:00,0.6266396697128216
1984-03-16 00:00:00,2.4765121697128216
1984-04-15 12:00:00,0.45737864971282166
1984-05-16 00:00:00,-0.4684845602871784
1984-06-15 12:00:00,-0.8677786302871784
1984-07-16 00:00:00,-1.1640503302871783
1984-08-16 00:00:00,0.6430838297128216
1984-09-15 12:00:00,-1.2851414302871782
1984-10-16 00:00:00,0.42610998971282166
1984-11-15 12:00:00,0.23163411971282163
1984-12-16 00:00:00,0.9983915697128216
1985-01-16 00:00:00,0.5515434397128216
1985-02-14 12:00:00,-0.5677004802871783
1985-03-16 00:00:00,-0.07443025028717837
1985-04-15 12:00:00,-1.1201111302871782
1985-05-16 00:00:00,0.018042595512821637
1985-06-15 12:00:00,-1.2403556302871783
1985-07-16 00:00:00,-0.05726491028717837
1985-08-16 00:00:00,-1.9786657302871782
1985-09-15 12:00:00,0.6683960697128216
1985-10-16 00:00:00,0.20190791971282163
1985-11-15 12:00:00,1.0012220397128218
1985-12-16 00:00:00,-1.0142769302871784
1986-01-16 00:00:00,0.9464740697128217
1986-02-14 12:00:00,0.10461962971282164
1986-03-16 00:00:00,-0.8045097302871783
1986-04-15 12:00:00,0.3543253197128216
1986-05-16 00:00:00,0.25587840971282166
1986-06-15 12:00:00,-1.4557496302871782
1986-07-16 00:00:00,0.5336378697128217
1986-08-16 00:00:00,-1.2924081302871782
1986-09-15 12:00:00,-1.0404017302871782
1986-10-16 00:00:00,0.6398781697128216
1986-11-15 12:00:00,-1.3685361302871784
1986-12-16 00:00:00,-1.1316427302871783
1987-01-16 00:00:00,0.22250405971282164
1987-02-14 12:00:00,-0.8690832302871784
1987-03-16 00:00:00,-0.7792787902871784
1987-04-15 12:00:00,-0.33485423028717837
1987-05-16 00:00:00,0.9096440697128216
1987-06-15 12:00:00,-1.8499427302871783
1987-07-16 00:00:00,1.8036705697128217
1987-08-16 00:00:00,-0.32066553028717837
1987-09-15 12:00:00,-1.1770320302871782
1987-10-16 00:00:00,0.11836625971282164
1987-11-15 12:00:00,0.26079674971282163
1987-12-16 00:00:00,-0.5781477302871784
1988-01-16 00:00:00,-0.5911117302871783
1988-02-15 00:00:00,0.5345899097128216
1988-03-16 00:00:00,-0.27228283028717837
1988-04-15 12:00:00,0.3503834197128216
1988-05-16 00:00:00,0.28852801971282166
1988-06-15 12:00:00,0.6079763697128217
1988-07-16 00:00:00,0.39309568971282166
1988-08-16 00:00:00,-0.41861341028717836
1988-09-15 12:00:00,0.3269713397128216
1988-10-16 00:00:00,0.7295608097128217
1988-11-15 12:00:00,2.3272017697128216
1988-12-16 00:00:00,-0.7947282002871784
1989-01-16 00:00:00,1.3036684697128218
1989-02-14 12:00:00,-0.5579791302871784
1989-03-16 00:00:00,0.9574696697128217
1989-04-15 12:00:00,0.04546278771282164
1989-05-16 00:00:00,1.1629268697128217
1989-06-15 12:00:00,-0.09838365028717837
1989-07-16 00:00:00,-0.17583535028717837
1989-08-16 00:00:00,-0.06261183028717837
1989-09-15 12:00:00,2.292724069712822
1989-10-16 00:00:00,-1.2040187302871783
1989-11-15 12:00:00,-0.3824900302871784
1989-12-16 00:00:00,1.2547062697128217
1990-01-16 00:00:00,1.8932495697128218
1990-02-14 12:00:00,-0.8632644802871784
1990-03-16 00:00:00,-0.27425198028717834
1990-04-15 12:00:00,-0.9376661302871784
1990-05-16 00:00:00,0.14579883971282162
1990-06-15 12:00:00,-0.12455046028717837
1990-07-16 00:00:00,0.7529404697128216
1990-08-16 00:00:00,0.42175288971282165
1990-09-15 12:00:00,0.5402890697128216
1990-10-16 00:00:00,-1.8683392302871782
1990-11-15 12:00:00,-1.0725966302871783
1990-12-16 00:00:00,-0.6322220302871784
1991-01-16 00:00:00,-0.005246011287178363
1991-02-14 12:00:00,1.5457247697128218
1991-03-16 00:00:00,-0.5728793302871784
1991-04-15 12:00:00,0.22999580971282163
1991-05-16 00:00:00,-1.4141132302871782
1991-06-15 12:00:00,1.2555041697128217
1991-07-16 00:00:00,0.35483306971282164
1991-08-16 00:00:00,0.7363870697128216
1991-09-15 12:00:00,-0.8298345302871784
1991-10-16 00:00:00,0.5473672397128216
1991-11-15 12:00:00,-0.34408248028717836
1991-12-16 00:00:00,0.09396627971282163
1992-01-16 00:00:00,-1.0948720302871782
1992-02-15 00:00:00,1.7214009697128216
1992-03-16 00:00:00,-0.7739757702871783
1992-04-15 12:00:00,-0.6572511002871784
1992-05-16 00:00:00,-0.3162007102871784
1992-06-15 12:00:00,-0.24917875028717834
1992-07-16 00:00:00,0.37350837971282164
1992-08-16 00:00:00,1.3907031697128218
1992-09-15 12:00:00,-0.47847019028717835
1992-10-16 00:00:00,-0.7899578602871784
1992-11-15 12:00:00,1.2347020697128217
1992-12-16 00:00:00,0.9834365697128217
1993-01-16 00:00:00,0.039643362712821636
1993-02-14 12:00:00,1.6213988697128217
1993-03-16 00:00:00,1.5714753697128216
1993-04-15 12:00:00,0.2712024997128216
1993-05-16 00:00:00,-1.9668808302871783
1993-06-15 12:00:00,-0.15934973028717836
1993-07-16 00:00:00,0.7032655097128216
1993-08-16 00:00:00,0.13468025971282163
1993-09-15 12:00:00,-0.26483301028717837
1993-10-16 00:00:00,-2.056859730287178
1993-11-15 12:00:00,0.7735243097128216
1993-12-16 00:00:00,-1.1667175302871782
1994-01-16 00:00:00,-0.6506767302871783
1994-02-14 12:00:00,-1.1802589302871782
1994-03-16 00:00:00,1.7123707697128216
1994-04-15 12:00:00,0.9849202197128216
1994-05-16 00:00:00,0.5273537197128216
1994-06-15 12:00:00,-0.25833473028717835
1994-07-16 00:00:00,-1.7495146302871782
1994-08-16 00:00:00,0.23882569971282164
1994-09-15 12:00:00,1.2653709697128217
1994-10-16 00:00:00,-0.13358488028717835
1994-11-15 12:00:00,-0.32037763028717836
1994-12-16 00:00:00,-0.8175057002871784
1995-01-16 00:00:00,-1.4613844302871783
1995-02-14 12:00:00,-1.9287492302871783
1995-03-16 00:00:00,-0.37983651028717835
1995-04-15 12:00:00,-1.0003606302871784
1995-05-16 00:00:00,0.13422158971282164
1995-06-15 12:00:00,2.6420432697128216
1995-07-16 00:00:00,-0.07599133028717836
1995-08-16 00:00:00,1.8401887697128216
1995-09-15 12:00:00,-0.09754031028717837
1995-10-16 00:00:00,-1.0108959302871783
1995-11-15 12:00:00,-1.4562733302871782
1995-12-16 00:00:00,1.3331990697128218
1996-01-16 00:00:00,-0.11277292028717836
1996-02-15 00:00:00,-1.0571677302871783
1996-03-16 00:00:00,0.7963579697128217
1996-04-15 12:00:00,0.4880175697128216
1996-05-16 00:00:00,1.3697316697128217
1996-06-15 12:00:00,-1.1875273302871783
1996-07-16 00:00:00,-2.128655930287178
1996-08-16 00:00:00,-0.48707167028717835
1996-09-15 12:00:00,0.3761425697128216
1996-10-16 00:00:00,0.6148209197128216
1996-11-15 12:00:00,1.8299109697128217
1996-12-16 00:00:00,1.8871476697128218
1997-01-16 00:00:00,0.9264903697128216
1997-02-14 12:00:00,-0.7429812902871784
1997-03-16 00:00:00,-1.2825755302871782
1997-04-15 12:00:00,0.5293029197128216
1997-05-16 00:00:00,-0.46990133028717834
1997-06-15 12:00:00,-0.7776962902871783
1997-07-16 00:00:00,0.6172310697128216
1997-08-16 00:00:00,0.6847943697128216
1997-09-15 12:00:00,1.5597586697128218
1997-10-16 00:00:00,-0.014009872287178364
1997-11-15 12:00:00,-0.29565413028717835
1997-12-16 00:00:00,0.41954703971282165
1998-01-16 00:00:00,0.46362902971282166
1998-02-14 12:00:00,0.28562851971282166
1998-03-16 00:00:00,1.0154123697128217
1998-04-15 12:00:00,0.5322331697128216
1998-05-16 00:00:00,-0.38834451028717837
1998-06-15 12:00:00,0.30062361971282164
1998-07-16 00:00:00,-0.5313857002871784
1998-08-16 00:00:00,-0.27320143028717836
1998-09-15 12:00:00,-0.3467968502871784
1998-10-16 00:00:00,0.4861861997128216
1998-11-15 12:00:00,0.8153699297128216
1998-12-16 00:00:00,0.6770954297128217
1999-01-16 00:00:00,0.004737887712821638
1999-02-14 12:00:00,0.5321613697128217
1999-03-16 00:00:00,1.0426459697128216
1999-04-15 12:00:00,-0.5516059302871784
1999-05-16 00:00:00,-0.45089303028717836
1999-06-15 12:00:00,0.13867914971282164
1999-07-16 00:00:00,0.36795224971282164
1999-08-16 00:00:00,-1.3084191302871782
1999-09-15 12:00:00,-0.5704374702871784
1999-10-16 00:00:00,-1.4783734302871783
1999-11-15 12:00:00,-0.38951615028717834
1999-12-16 00:00:00,-1.4912467302871784
2000-01-16 00:00:00,1.4572507697128216
2000-02-15 00:00:00,1.1795632697128218
2000-03-16 00:00:00,-0.13672445028717836
2000-04-15 12:00:00,0.14250943971282162
2000-05-16 00:00:00,0.3151045097128216
2000-06-15 12:00:00,0.5975849197128217
2000-07-16 00:00:00,-0.06020018628717837
2000-08-16 00:00:00,-0.9284428302871783
2000-09-15 12:00:00,1.5330867697128217
2000-10-16 00:00:00,-0.18166480028717838
2000-11-15 12:00:00,0.8731948297128216
2000-12-16 00:00:00,-0.7621089602871783
2001-01-16 00:00:00,-0.28990407028717835
2001-02-14 12:00:00,0.023661354712821638
2001-03-16 00:00:00,-0.9166905702871784
2001-04-15 12:00:00,-0.4840168702871783
2001-05-16 00:00:00,1.2118887697128218
2001-06-15 12:00:00,0.34489406971282166
2001-07-16 00:00:00,0.9947197097128216
2001-08-16 00:00:00,1.2392423697128216
2001-09-15 12:00:00,0.8917118697128217
2001-10-16 00:00:00,-0.02672586728717836
2001-11-15 12:00:00,-0.7237399302871783
2001-12-16 00:00:00,0.7975281697128216
2002-01-16 00:00:00,-0.5018694802871784
2002-02-14 12:00:00,0.7142724697128217
2002-03-16 00:00:00,0.6903910697128216
2002-04-15 12:00:00,-0.6045543902871784
2002-05-16 00:00:00,-0.2739726302871784
2002-06-15 12:00:00,0.07883133171282164
2002-07-16 00:00:00,-0.08253776028717837
2002-08-16 00:00:00,-0.2614976302871784
2002-09-15 12:00:00,-2.332709230287178
2002-10-16 00:00:00,-2.0142472302871783
2002-11-15 12:00:00,0.4851583697128216
2002-12-16 00:00:00,-2.209248130287178
2003-01-16 00:00:00,0.16460158971282163
2003-02-14 12:00:00,0.24104242971282164
2003-03-16 00:00:00,0.8172807297128216
2003-04-15 12:00:00,-1.9491804302871782
2003-05-16 00:00:00,-0.5351187302871784
2003-06-15 12:00:00,-1.0782902302871782
2003-07-16 00:00:00,1.3495337697128218
2003-08-16 00:00:00,-0.3891917902871784
2003-09-15 12:00:00,2.020759569712822
2003-10-16 00:00:00,-0.8760362302871784
2003-11-15 12:00:00,-0.32445941028717834
2003-12-16 00:00:00,1.1724289697128218
2004-01-16 00:00:00,1.6946141697128216
2004-02-15 00:00:00,0.4789590397128216
2004-03-16 00:00:00,0.18434886971282163
2004-04-15 12:00:00,-0.20069523028717837
2004-05-16 00:00:00,2.7530609697128217
2004-06-15 12:00:00,0.3842420197128216
2004-07-16 00:00:00,0.36199064971282163
2004-08-16 00:00:00,0.8803723697128216
2004-09-15 12:00:00,-0.3800206902871784
2004-10-16 00:00:00,0.7418434197128216
2004-11-15 12:00:00,-1.2181645302871782
2004-12-16 00:00:00,2.1318001697128217
2005-01-16 00:00:00,-0.6055189802871783
2005-02-14 12:00:00,1.3967711697128218
2005-03-16 00:00:00,-1.4470913302871782
2005-04-15 12:00:00,0.9966057697128217
2005-05-16 00:00:00,-1.2186843302871782
2005-06-15 12:00:00,-0.25427405028717837
2005-07-16 00:00:00,-0.5709762302871784
2005-08-16 00:00:00,1.0450493697128218
2005-09-15 12:00:00,0.8258179697128216
2005-10-16 00:00:00,-0.5442324702871784
2005-11-15 12:00:00,-1.1160464302871782
2005-12-16 00:00:00,0.8019426097128216
2006-01-16 00:00:00,1.5249217697128217
2006-02-14 12:00:00,-1.8341863302871781
2006-03-16 00:00:00,-0.4776594302871784
2006-04-15 12:00:00,-0.8790050302871784
2006-05-16 00:00:00,-1.4293103302871784
2006-06-15 12:00:00,-0.42518575028717837
2006-07-16 00:00:00,-1.0692935302871782
2006-08-16 00:00:00,-0.8887939302871783
2006-09-15 12:00:00,-0.13242287028717836
2006-10-16 00:00:00,-1.5466979302871782
2006-11-15 12:00:00,-0.9122871302871783
2006-12-16 00:00:00,1.7270904697128218
2007-01-16 00:00:00,0.3988355897128216
2007-02-14 12:00:00,-0.7649647302871784
2007-03-16 00:00:00,-0.09424942028717836
2007-04-15 12:00:00,1.9407693697128217
2007-05-16 00:00:00,-1.6586332302871782
2007-06-15 12:00:00,0.39150656971282166
2007-07-16 00:00:00,0.05807559971282164
2007-08-16 00:00:00,0.5228117697128216
2007-09-15 12:00:00,2.8460509697128216
2007-10-16 00:00:00,1.6478365697128217
2007-11-15 12:00:00,-0.9748183302871783
2007-12-16 00:00:00,0.8115580297128216
2008-01-16 00:00:00,1.0131516097128217
2008-02-15 00:00:00,0.017017941457821636
2008-03-16 00:00:00,-0.14329308028717835
2008-04-15 12:00:00,-1.4325005302871783
2008-05-16 00:00:00,0.5763618697128217
2008-06-15 12:00:00,-0.23952965028717838
2008-07-16 00:00:00,-1.7522595302871782
2008-08-16 00:00:00,-0.7184305302871784
2008-09-15 12:00:00,0.25607535971282164
2008-10-16 00:00:00,-0.9685586302871784
2008-11-15 12:00:00,-0.6566058302871783
2008-12-16 00:00:00,-0.8972530302871784
2009-01-16 00:00:00,-0.10704771028717837
2009-02-14 12:00:00,1.1300413697128218
2009-03-16 00:00:00,0.05994110971282164
2009-04-15 12:00:00,-0.5323667302871784
2009-05-16 00:00:00,-0.5897743302871784
2009-06-15 12:00:00,0.5870548697128216
2009-07-16 00:00:00,-0.01668531228717836
2009-08-16 00:00:00,2.1335807697128217
2009-09-15 12:00:00,1.5895604697128218
2009-10-16 00:00:00,-0.5550090302871784
2009-11-15 12:00:00,0.04425680671282164
2009-12-16 00:00:00,1.9990677697128219
2010-01-16 00:00:00,-0.2863805702871784
2010-02-14 12:00:00,0.5415782697128216
2010-03-16 00:00:00,0.6605097697128216
2010-04-15 12:00:00,1.6039574697128218
2010-05-16 00:00:00,-1.0488976302871782
2010-06-15 12:00:00,-0.18912304028717836
2010-07-16 00:00:00,0.5680394397128217
2010-08-16 00:00:00,-1.0449027302871783
2010-09-15 12:00:00,0.22731046971282162
2010-10-16 00:00:00,-1.1071531302871782
2010-11-15 12:00:00,-2.1652012302871784
2010-12-16 00:00:00,2.2895217697128216
2011-01-16 00:00:00,1.5837925697128217
2011-02-14 12:00:00,-0.7025772702871783
2011-03-16 00:00:00,0.16601617971282162
2011-04-15 12:00:00,-0.7900371302871784
2011-05-16 00:00:00,0.5234963697128217
2011-06-15 12:00:00,0.4492428697128216
2011-07-16 00:00:00,-0.25704415028717836
2011-08-16 00:00:00,0.5102271097128217
2011-09-15 12:00:00,0.029258118712821638
2011-10-16 00:00:00,-0.5265771302871783
2011-11-15 12:00:00,3.0597383697128215
2011-12-16 00:00:00,0.2751092697128216
2012-01-16 00:00:00,0.6651896697128217
2012-02-15 00:00:00,0.03746741271282164
2012-03-16 00:00:00,0.06168178271282164
2012-04-15 12:00:00,0.03514197071282164
2012-05-16 00:00:00,1.0760423697128219
2012-06-15 12:00:00,0.7920251697128217
2012-07-16 00:00:00,-0.23028364028717838
2012-08-16 00:00:00,-0.21354329028717836
2012-09-15 12:00:00,0.9472339697128216
2012-10-16 00:00:00,-1.5155157302871782
2012-11-15 12:00:00,-0.12173458028717837
2012-12-16 00:00:00,0.7639489697128217
2013-01-16 00:00:00,0.6253807197128216
2013-02-14 12:00:00,0.6203410197128216
2013-03-16 00:00:00,0.3529672697128216
2013-04-15 12:00:00,-0.8755915002871784
2013-05-16 00:00:00,1.5156087697128218
2013-06-15 12:00:00,0.4513186997128216
2013-07-16 00:00:00,0.49431409971282164
2013-08-16 00:00:00,-0.34265493028717836
2013-09-15 12:00:00,0.9831291697128216
2013-10-16 00:00:00,-0.4269743602871784
2013-11-15 12:00:00,0.08346828971282164
2013-12-16 00:00:00,0.18055926971282163
2014-01-16 00:00:00,1.4612929697128219
2014-02-14 12:00:00,-0.9937259302871783
2014-03-16 00:00:00,-0.20371766028717836
2014-04-15 12:00:00,1.4147714697128217
2014-05-16 00:00:00,0.11367140971282164
2014-06-15 12:00:00,-2.2931006302871784
2014-07-16 00:00:00,2.050489369712822
2014-08-16 00:00:00,0.5286365397128217
2014-09-15 12:00:00,1.2541341697128217
2014-10-16 00:00:00,1.2043150697128218
2014-11-15 12:00:00,0.3428269697128216
2014-12-16 00:00:00,1.3223115697128218
2015-01-16 00:00:00,0.22774633971282163
2015-02-14 12:00:00,0.08875817971282163
2015-03-16 00:00:00,-0.35848910028717834
2015-04-15 12:00:00,-1.0998499302871783
2015-05-16 00:00:00,-1.3728664302871783
2015-06-15 12:00:00,0.21108265971282164
2015-07-16 00:00:00,-2.6919136302871784
2015-08-16 00:00:00,-1.4636530302871782
2015-09-15 12:00:00,-1.0047996302871782
2015-10-16 00:00:00,0.3371555997128216
2015-11-15 12:00:00,0.13698395971282165
2015-12-16 00:00:00,0.8415001697128216
2016-01-16 00:00:00,-0.20266955028717837
2016-02-15 00:00:00,0.3068890197128216
2016-03-16 00:00:00,1.5972139697128218
2016-04-15 12:00:00,1.4971570697128218
2016-05-16 00:00:00,-1.8580698302871783
2016-06-15 12:00:00,0.7063536697128217
2016-07-16 00:00:00,-0.4152508802871784
2016-08-16 00:00:00,1.6403999697128218
2016-09-15 12:00:00,-1.8083298302871782
2016-10-16 00:00:00,0.02435104271282164
2016-11-15 12:00:00,1.3762614697128217
2016-12-16 00:00:00,1.5447600697128216
2017-01-16 00:00:00,-2.0916886302871784
2017-02-14 12:00:00,-0.4884592302871784
2017-03-16 00:00:00,0.24077190971282164
2017-04-15 12:00:00,0.47498132971282164
2017-05-16 00:00:00,0.25209118971282163
2017-06-15 12:00:00,0.13300362971282165
2017-07-16 00:00:00,-0.017904210287178365
2017-08-16 00:00:00,-0.044201666287178365
2017-09-15 12:00:00,-0.5758343302871783
2017-10-16 00:00:00,0.6777128197128216
2017-11-15 12:00:00,2.0706650697128217
2017-12-16 00:00:00,0.9920365697128216
2018-01-16 00:00:00,0.47261254971282163
2018-02-14 12:00:00,0.8871265697128217
2018-03-16 00:00:00,1.1699276697128218
2018-04-15 12:00:00,-0.18113854028717838
2018-05-16 00:00:00,-1.2666900302871782
2018-06-15 12:00:00,0.8747012697128216
2018-07-16 00:00:00,0.06449236171282163
2018-08-16 00:00:00,-1.9446373302871782
2018-09-15 12:00:00,-0.17267843028717836
2018-10-16 00:00:00,0.8559048397128216
2018-11-15 12:00:00,-0.9530903302871784
2018-12-16 00:00:00,-0.21557135028717836
2019-01-16 00:00:00,0.25914736971282165
2019-02-14 12:00:00,-1.1673505302871783
2019-03-16 00:00:00,0.9250261697128216
2019-04-15 12:00:00,-0.6714325302871784
2019-05-16 00:00:00,-0.49440813028717834
2019-06-15 12:00:00,0.25577063971282166
2019-07-16 00:00:00,-0.3466085002871784
2019-08-16 00:00:00,0.32332806971282163
2019-09-15 12:00:00,1.4187727697128218
2019-10-16 00:00:00,1.4220059697128218
2019-11-15 12:00:00,0.025390096212821636
2019-12-16 00:00:00,0.08630192971282163
2020-01-16 00:00:00,-0.13213565028717836
2020-02-15 00:00:00,-0.5902691302871783
2020-03-16 00:00:00,1.3444240697128218
2020-04-15 12:00:00,-2.1047404302871784
2020-05-16 00:00:00,0.11608892971282163
2020-06-15 12:00:00,-1.4470983302871783
2020-07-16 00:00:00,0.21864061971282164
2020-08-16 00:00:00,-1.1888700302871782
2020-09-15 12:00:00,-0.21478639028717836
2020-10-16 00:00:00,-0.17623294028717837
2020-11-15 12:00:00,-0.7944490702871784
2020-12-16 00:00:00,1.4681934697128218
2021-01-16 00:00:00,-0.7678160302871784
2021-02-14 12:00:00,0.5530679697128217
2021-03-16 00:00:00,0.11968552971282163
2021-04-15 12:00:00,1.6911198697128218
2021-05-16 00:00:00,-1.5804290302871782
2021-06-15 12:00:00,-0.8160821002871783
2021-07-16 00:00:00,-0.33500389028717836
2021-08-16 00:00:00,-1.1635594302871783
2021-09-15 12:00:00,-1.3916776302871783
2021-10-16 00:00:00,0.5650823697128217
2021-11-15 12:00:00,0.7372486197128216
2021-12-16 00:00:00,1.0167418697128217
2022-01-16 00:00:00,-0.18532086028717837
2022-02-14 12:00:00,-0.3507618302871784
2022-03-16 00:00:00,-0.8937412902871784
2022-04-15 12:00:00,-1.1409395302871783
2022-05-16 00:00:00,0.6338037697128216
2022-06-15 12:00:00,0.40441201971282165
2022-07-16 00:00:00,1.3412297697128217
2022-08-16 00:00:00,0.08860208971282163
2022-09-15 12:00:00,0.8864174097128217
2022-10-16 00:00:00,0.9009657697128216
2022-11-15 12:00:00,-0.023034377287178363
2022-12-16 00:00:00,1.6946501697128218
2023-01-16 00:00:00,-0.6029016302871784
2023-02-14 12:00:00,0.35620016971282165
2023-03-16 00:00:00,-1.0213055302871783
2023-04-15 12:00:00,0.29246141971282164
2023-05-16 00:00:00,-0.08094741028717836
2023-06-15 12:00:00,-0.2683551302871784
2023-07-16 00:00:00,0.3681743997128216
2023-08-16 00:00:00,-0.05265173028717837
2023-09-15 12:00:00,-0.8942412302871784
2023-10-16 00:00:00,0.16848562971282163
2023-11-15 12:00:00,-0.7826474302871783
2023-12-16 00:00:00,-0.30466477028717837
2024-01-16 00:00:00,-0.22158127028717836
2024-02-15 00:00:00,0.8179463697128216
2024-03-16 00:00:00,0.7602264697128216
2024-04-15 12:00:00,-0.5358970002871783
2024-05-16 00:00:00,1.5493000697128216
2024-06-15 12:00:00,0.23743172971282164
2024-07-16 00:00:00,1.0551800697128217
2024-08-16 00:00:00,1.4273973697128217
2024-09-15 12:00:00,-1.2210049302871782
2024-10-16 00:00:00,0.5553376697128216
2024-11-15 12:00:00,0.13292400371282165
2024-12-16 00:00:00,-0.04118116328717836
2025-01-16 00:00:00,-0.35672996028717835
2025-02-14 12:00:00,-0.6966541302871784
2025-03-16 00:00:00,-0.06378360028717836
2025-04-15 12:00:00,0.013280220112821638
2025-05-16 00:00:00,-0.42568253028717834
2025-06-15 12:00:00,1.4596088697128218
