time,latent
1850-01-16 12:00:00,-0.14109796
1850-02-15 00:00:00,0.5806917
1850-03-16 12:00:00,0.32412472
1850-04-16 00:00:00,0.24208996
1850-05-16 12:00:00,0.4362309
1850-06-16 00:00:00,0.3801913
1850-07-16 12:00:00,0.6282675
1850-08-16 12:00:00,1.439887
1850-09-16 00:00:00,2.1631947
1850-10-16 12:00:00,2.1973555
1850-11-16 00:00:00,1.3108828
1850-12-16 12:00:00,-0.04377187
1851-01-16 12:00:00,0.08984547
1851-02-15 00:00:00,0.52922344
1851-03-16 12:00:00,0.18772438
1851-04-16 00:00:00,-0.05653263
1851-05-16 12:00:00,0.4131803
1851-06-16 00:00:00,0.5074082
1851-07-16 12:00:00,0.5900528
1851-08-16 12:00:00,0.7976521
1851-09-16 00:00:00,0.72126144
1851-10-16 12:00:00,0.52032906
1851-11-16 00:00:00,0.2584901
1851-12-16 12:00:00,-0.0051726475
1852-01-16 12:00:00,0.15924168
1852-02-15 00:00:00,0.21263379
1852-03-16 12:00:00,0.011040695
1852-04-16 00:00:00,0.5544419
1852-05-16 12:00:00,0.12908572
1852-06-16 00:00:00,0.26958507
1852-07-16 12:00:00,0.4840849
1852-08-16 12:00:00,1.5195322
1852-09-16 00:00:00,2.306514
1852-10-16 12:00:00,0.5187245
1852-11-16 00:00:00,0.43134034
1852-12-16 12:00:00,-0.09063331
1853-01-16 12:00:00,-0.028970726
1853-02-15 00:00:00,0.29873443
1853-03-16 12:00:00,-0.5847488
1853-04-16 00:00:00,0.18949884
1853-05-16 12:00:00,-0.026517741
1853-06-16 00:00:00,0.16464123
1853-07-16 12:00:00,0.71970505
1853-08-16 12:00:00,0.7704644
1853-09-16 00:00:00,0.81354576
1853-10-16 12:00:00,0.18979776
1853-11-16 00:00:00,0.12304526
1853-12-16 12:00:00,0.09731213
1854-01-16 12:00:00,0.12759677
1854-02-15 00:00:00,0.029320814
1854-03-16 12:00:00,-0.256749
1854-04-16 00:00:00,0.4043495
1854-05-16 12:00:00,0.6050314
1854-06-16 00:00:00,1.1411897
1854-07-16 12:00:00,1.8788844
1854-08-16 12:00:00,2.7502768
1854-09-16 00:00:00,2.3155768
1854-10-16 12:00:00,2.3022525
1854-11-16 00:00:00,0.38974598
1854-12-16 12:00:00,-0.054927893
1855-01-16 12:00:00,-0.44722182
1855-02-15 00:00:00,0.26426458
1855-03-16 12:00:00,0.040405534
1855-04-16 00:00:00,0.37066016
1855-05-16 12:00:00,0.4589917
1855-06-16 00:00:00,0.6434341
1855-07-16 12:00:00,0.7524572
1855-08-16 12:00:00,0.7891193
1855-09-16 00:00:00,0.95974106
1855-10-16 12:00:00,0.48851168
1855-11-16 00:00:00,-0.19622083
1855-12-16 12:00:00,-0.46425343
1856-01-16 12:00:00,-0.71322834
1856-02-15 00:00:00,0.088056915
1856-03-16 12:00:00,0.21807471
1856-04-16 00:00:00,0.08526007
1856-05-16 12:00:00,0.43894756
1856-06-16 00:00:00,0.47292167
1856-07-16 12:00:00,0.80843776
1856-08-16 12:00:00,0.9900951
1856-09-16 00:00:00,1.7645725
1856-10-16 12:00:00,0.90943575
1856-11-16 00:00:00,0.56534123
1856-12-16 12:00:00,-0.02545353
1857-01-16 12:00:00,-0.25970316
1857-02-15 00:00:00,0.023650847
1857-03-16 12:00:00,0.00051837415
1857-04-16 00:00:00,0.16670507
1857-05-16 12:00:00,0.46836215
1857-06-16 00:00:00,0.31401387
1857-07-16 12:00:00,0.5648463
1857-08-16 12:00:00,1.666503
1857-09-16 00:00:00,2.104903
1857-10-16 12:00:00,0.60424364
1857-11-16 00:00:00,0.035774
1857-12-16 12:00:00,-0.24742815
1858-01-16 12:00:00,0.18176231
1858-02-15 00:00:00,0.48797762
1858-03-16 12:00:00,-0.09832638
1858-04-16 00:00:00,0.35565218
1858-05-16 12:00:00,0.6446095
1858-06-16 00:00:00,0.7906486
1858-07-16 12:00:00,1.0637133
1858-08-16 12:00:00,1.7622643
1858-09-16 00:00:00,1.2289762
1858-10-16 12:00:00,0.2160264
1858-11-16 00:00:00,0.08765989
1858-12-16 12:00:00,0.3613429
1859-01-16 12:00:00,0.05452483
1859-02-15 00:00:00,-0.069724105
1859-03-16 12:00:00,0.31681293
1859-04-16 00:00:00,0.10881097
1859-05-16 12:00:00,0.37017447
1859-06-16 00:00:00,0.59610724
1859-07-16 12:00:00,0.6618856
1859-08-16 12:00:00,0.71148545
1859-09-16 00:00:00,0.49375665
1859-10-16 12:00:00,0.21864754
1859-11-16 00:00:00,0.19401285
1859-12-16 12:00:00,0.0154502615
1860-01-16 12:00:00,-0.1492325
1860-02-15 00:00:00,-0.008452766
1860-03-16 12:00:00,-0.30932394
1860-04-16 00:00:00,0.079097845
1860-05-16 12:00:00,0.17574117
1860-06-16 00:00:00,0.6650919
1860-07-16 12:00:00,0.8858019
1860-08-16 12:00:00,1.6942823
1860-09-16 00:00:00,1.4163537
1860-10-16 12:00:00,0.21435952
1860-11-16 00:00:00,-0.35850877
1860-12-16 12:00:00,-0.030423112
1861-01-16 12:00:00,-0.39352673
1861-02-15 00:00:00,0.371162
1861-03-16 12:00:00,0.15631858
1861-04-16 00:00:00,0.27268666
1861-05-16 12:00:00,0.40741035
1861-06-16 00:00:00,0.2789968
1861-07-16 12:00:00,0.62593853
1861-08-16 12:00:00,0.8474259
1861-09-16 00:00:00,1.5803668
1861-10-16 12:00:00,1.753378
1861-11-16 00:00:00,-0.13732705
1861-12-16 12:00:00,0.23905489
1862-01-16 12:00:00,-0.081263654
1862-02-15 00:00:00,0.20963612
1862-03-16 12:00:00,0.37011063
1862-04-16 00:00:00,-0.11374099
1862-05-16 12:00:00,0.4952308
1862-06-16 00:00:00,0.580311
1862-07-16 12:00:00,0.66177195
1862-08-16 12:00:00,0.80841494
1862-09-16 00:00:00,1.0083542
1862-10-16 12:00:00,0.86451507
1862-11-16 00:00:00,0.37241885
1862-12-16 12:00:00,0.2788458
1863-01-16 12:00:00,0.31576705
1863-02-15 00:00:00,0.36184332
1863-03-16 12:00:00,0.015189283
1863-04-16 00:00:00,0.3321826
1863-05-16 12:00:00,0.100380905
1863-06-16 00:00:00,0.14193222
1863-07-16 12:00:00,0.82414174
1863-08-16 12:00:00,1.1296875
1863-09-16 00:00:00,1.907418
1863-10-16 12:00:00,0.4428289
1863-11-16 00:00:00,0.31373203
1863-12-16 12:00:00,0.2388184
1864-01-16 12:00:00,0.08255056
1864-02-15 00:00:00,-0.263539
1864-03-16 12:00:00,0.23017561
1864-04-16 00:00:00,0.18297887
1864-05-16 12:00:00,0.21926463
1864-06-16 00:00:00,0.3073181
1864-07-16 12:00:00,0.81148684
1864-08-16 12:00:00,0.7778338
1864-09-16 00:00:00,0.6440266
1864-10-16 12:00:00,-0.035894446
1864-11-16 00:00:00,-0.043170996
1864-12-16 12:00:00,0.40120506
1865-01-16 12:00:00,0.14635393
1865-02-15 00:00:00,0.1630109
1865-03-16 12:00:00,0.12768921
1865-04-16 00:00:00,0.25994596
1865-05-16 12:00:00,0.46094525
1865-06-16 00:00:00,0.6464838
1865-07-16 12:00:00,0.8545123
1865-08-16 12:00:00,2.334976
1865-09-16 00:00:00,2.1911926
1865-10-16 12:00:00,0.42652464
1865-11-16 00:00:00,0.3146531
1865-12-16 12:00:00,0.07248602
1866-01-16 12:00:00,0.17077053
1866-02-15 00:00:00,0.43692446
1866-03-16 12:00:00,-0.027215011
1866-04-16 00:00:00,0.07505826
1866-05-16 12:00:00,0.26223257
1866-06-16 00:00:00,0.68737584
1866-07-16 12:00:00,1.6997552
1866-08-16 12:00:00,2.706261
1866-09-16 00:00:00,2.4724958
1866-10-16 12:00:00,1.8238069
1866-11-16 00:00:00,0.30806965
1866-12-16 12:00:00,0.19094896
1867-01-16 12:00:00,-0.51400584
1867-02-15 00:00:00,0.20042524
1867-03-16 12:00:00,-0.0075019673
1867-04-16 00:00:00,0.11292433
1867-05-16 12:00:00,0.36469594
1867-06-16 00:00:00,0.7334824
1867-07-16 12:00:00,1.0435494
1867-08-16 12:00:00,1.9197099
1867-09-16 00:00:00,2.2693784
1867-10-16 12:00:00,1.5775297
1867-11-16 00:00:00,0.3295633
1867-12-16 12:00:00,-0.02957914
1868-01-16 12:00:00,-0.6480144
1868-02-15 00:00:00,0.04530879
1868-03-16 12:00:00,0.30338514
1868-04-16 00:00:00,0.03683021
1868-05-16 12:00:00,0.2524533
1868-06-16 00:00:00,0.6574256
1868-07-16 12:00:00,0.5584344
1868-08-16 12:00:00,0.69929606
1868-09-16 00:00:00,0.51048297
1868-10-16 12:00:00,0.12641853
1868-11-16 00:00:00,0.022454582
1868-12-16 12:00:00,0.015924104
1869-01-16 12:00:00,0.12185731
1869-02-15 00:00:00,0.41103268
1869-03-16 12:00:00,-0.3250451
1869-04-16 00:00:00,0.027093463
1869-05-16 12:00:00,0.7821263
1869-06-16 00:00:00,0.55255103
1869-07-16 12:00:00,0.7872367
1869-08-16 12:00:00,1.4430951
1869-09-16 00:00:00,2.4663818
1869-10-16 12:00:00,2.426733
1869-11-16 00:00:00,0.10231475
1869-12-16 12:00:00,-0.15647635
1870-01-16 12:00:00,-0.042072408
1870-02-15 00:00:00,0.6679674
1870-03-16 12:00:00,-0.033931457
1870-04-16 00:00:00,0.2950798
1870-05-16 12:00:00,0.17312205
1870-06-16 00:00:00,0.6206867
1870-07-16 12:00:00,0.61183745
1870-08-16 12:00:00,0.8811414
1870-09-16 00:00:00,0.58664536
1870-10-16 12:00:00,0.5354371
1870-11-16 00:00:00,0.05430954
1870-12-16 12:00:00,-0.26915607
1871-01-16 12:00:00,-0.02264338
1871-02-15 00:00:00,0.4569254
1871-03-16 12:00:00,-0.08753749
1871-04-16 00:00:00,0.5051877
1871-05-16 12:00:00,0.15424898
1871-06-16 00:00:00,0.23241884
1871-07-16 12:00:00,0.8430606
1871-08-16 12:00:00,0.9789619
1871-09-16 00:00:00,0.73752004
1871-10-16 12:00:00,0.74392223
1871-11-16 00:00:00,-0.07184412
1871-12-16 12:00:00,-0.027506746
1872-01-16 12:00:00,-0.486181
1872-02-15 00:00:00,-0.32420123
1872-03-16 12:00:00,-0.074152105
1872-04-16 00:00:00,0.42597467
1872-05-16 12:00:00,0.7029864
1872-06-16 00:00:00,0.7982442
1872-07-16 12:00:00,1.0324912
1872-08-16 12:00:00,1.5167823
1872-09-16 00:00:00,2.071764
1872-10-16 12:00:00,0.8446801
1872-11-16 00:00:00,-0.083694465
1872-12-16 12:00:00,0.1431193
1873-01-16 12:00:00,-0.575472
1873-02-15 00:00:00,0.63585174
1873-03-16 12:00:00,0.3007391
1873-04-16 00:00:00,0.105651416
1873-05-16 12:00:00,0.626538
1873-06-16 00:00:00,0.45252264
1873-07-16 12:00:00,0.64867806
1873-08-16 12:00:00,0.8628723
1873-09-16 00:00:00,0.92329615
1873-10-16 12:00:00,0.5439294
1873-11-16 00:00:00,-0.03048163
1873-12-16 12:00:00,-0.11729393
1874-01-16 12:00:00,0.3180676
1874-02-15 00:00:00,-0.036368214
1874-03-16 12:00:00,0.16966295
1874-04-16 00:00:00,0.3574619
1874-05-16 12:00:00,0.1647746
1874-06-16 00:00:00,0.5517077
1874-07-16 12:00:00,0.5254137
1874-08-16 12:00:00,1.0984882
1874-09-16 00:00:00,1.7837207
1874-10-16 12:00:00,1.663196
1874-11-16 00:00:00,0.13414922
1874-12-16 12:00:00,-0.14913808
1875-01-16 12:00:00,0.06828643
1875-02-15 00:00:00,-0.28795528
1875-03-16 12:00:00,-0.119412474
1875-04-16 00:00:00,0.2877518
1875-05-16 12:00:00,0.16685283
1875-06-16 00:00:00,0.7648919
1875-07-16 12:00:00,0.42515928
1875-08-16 12:00:00,0.7559553
1875-09-16 00:00:00,0.53019696
1875-10-16 12:00:00,0.066752635
1875-11-16 00:00:00,0.36667764
1875-12-16 12:00:00,0.098485164
1876-01-16 12:00:00,-0.2573504
1876-02-15 00:00:00,0.66814196
1876-03-16 12:00:00,0.5343607
1876-04-16 00:00:00,0.38758016
1876-05-16 12:00:00,-0.058682673
1876-06-16 00:00:00,0.4288752
1876-07-16 12:00:00,0.73764926
1876-08-16 12:00:00,0.7138165
1876-09-16 00:00:00,0.99429446
1876-10-16 12:00:00,0.59419745
1876-11-16 00:00:00,0.37733185
1876-12-16 12:00:00,-0.077709116
1877-01-16 12:00:00,0.32080016
1877-02-15 00:00:00,-0.031952806
1877-03-16 12:00:00,0.13029
1877-04-16 00:00:00,0.60206896
1877-05-16 12:00:00,0.14734423
1877-06-16 00:00:00,0.6830912
1877-07-16 12:00:00,1.1431406
1877-08-16 12:00:00,1.161912
1877-09-16 00:00:00,0.843507
1877-10-16 12:00:00,0.29004607
1877-11-16 00:00:00,0.3164918
1877-12-16 12:00:00,0.11663108
1878-01-16 12:00:00,-0.07058699
1878-02-15 00:00:00,0.53650033
1878-03-16 12:00:00,0.6099922
1878-04-16 00:00:00,0.55494803
1878-05-16 12:00:00,0.66088027
1878-06-16 00:00:00,0.37758702
1878-07-16 12:00:00,0.7281416
1878-08-16 12:00:00,1.4587877
1878-09-16 00:00:00,2.0629137
1878-10-16 12:00:00,2.0219595
1878-11-16 00:00:00,0.2905929
1878-12-16 12:00:00,0.038719214
1879-01-16 12:00:00,-0.28291234
1879-02-15 00:00:00,-0.29207847
1879-03-16 12:00:00,0.054030858
1879-04-16 00:00:00,0.32818422
1879-05-16 12:00:00,0.27627158
1879-06-16 00:00:00,0.45094687
1879-07-16 12:00:00,0.7415374
1879-08-16 12:00:00,1.2459778
1879-09-16 00:00:00,0.53866667
1879-10-16 12:00:00,0.66400284
1879-11-16 00:00:00,0.5677816
1879-12-16 12:00:00,-0.16710885
1880-01-16 12:00:00,0.035839327
1880-02-15 00:00:00,0.38529265
1880-03-16 12:00:00,-0.0045240447
1880-04-16 00:00:00,0.056286134
1880-05-16 12:00:00,0.25941792
1880-06-16 00:00:00,0.7408052
1880-07-16 12:00:00,0.80591226
1880-08-16 12:00:00,1.535375
1880-09-16 00:00:00,1.7701408
1880-10-16 12:00:00,0.46566492
1880-11-16 00:00:00,0.028143935
1880-12-16 12:00:00,-0.15434116
1881-01-16 12:00:00,0.5320538
1881-02-15 00:00:00,0.58595425
1881-03-16 12:00:00,-0.17492908
1881-04-16 00:00:00,0.030910023
1881-05-16 12:00:00,0.34286097
1881-06-16 00:00:00,0.8122135
1881-07-16 12:00:00,1.0335778
1881-08-16 12:00:00,1.9760947
1881-09-16 00:00:00,1.8343043
1881-10-16 12:00:00,1.2633369
1881-11-16 00:00:00,-0.017216362
1881-12-16 12:00:00,-0.21205701
1882-01-16 12:00:00,0.24138895
1882-02-15 00:00:00,0.14311618
1882-03-16 12:00:00,-0.5585468
1882-04-16 00:00:00,0.22571641
1882-05-16 12:00:00,0.5041814
1882-06-16 00:00:00,0.5403416
1882-07-16 12:00:00,0.7154093
1882-08-16 12:00:00,0.77124417
1882-09-16 00:00:00,0.5788891
1882-10-16 12:00:00,0.4094968
1882-11-16 00:00:00,-0.08283543
1882-12-16 12:00:00,0.25689685
1883-01-16 12:00:00,-0.48378477
1883-02-15 00:00:00,-0.081855096
1883-03-16 12:00:00,0.3011373
1883-04-16 00:00:00,0.20046347
1883-05-16 12:00:00,0.35094613
1883-06-16 00:00:00,0.1613833
1883-07-16 12:00:00,0.7005928
1883-08-16 12:00:00,0.6747511
1883-09-16 00:00:00,1.2342198
1883-10-16 12:00:00,0.64769876
1883-11-16 00:00:00,0.4357223
1883-12-16 12:00:00,0.1287274
1884-01-16 12:00:00,0.033635564
1884-02-15 00:00:00,-0.15864336
1884-03-16 12:00:00,-0.13136077
1884-04-16 00:00:00,-0.073623426
1884-05-16 12:00:00,0.16142142
1884-06-16 00:00:00,0.47725767
1884-07-16 12:00:00,0.8979238
1884-08-16 12:00:00,1.9312966
1884-09-16 00:00:00,1.7722042
1884-10-16 12:00:00,0.56547076
1884-11-16 00:00:00,-0.18994421
1884-12-16 12:00:00,0.13618073
1885-01-16 12:00:00,-0.51436394
1885-02-15 00:00:00,0.47273803
1885-03-16 12:00:00,-0.26139122
1885-04-16 00:00:00,0.021539487
1885-05-16 12:00:00,0.295708
1885-06-16 00:00:00,0.58461547
1885-07-16 12:00:00,0.79822665
1885-08-16 12:00:00,0.7989679
1885-09-16 00:00:00,1.8132423
1885-10-16 12:00:00,1.156023
1885-11-16 00:00:00,0.38836
1885-12-16 12:00:00,-0.24071938
1886-01-16 12:00:00,-0.104209565
1886-02-15 00:00:00,0.40673646
1886-03-16 12:00:00,0.038721316
1886-04-16 00:00:00,0.016667686
1886-05-16 12:00:00,0.30422395
1886-06-16 00:00:00,0.32738364
1886-07-16 12:00:00,0.75183964
1886-08-16 12:00:00,1.0092005
1886-09-16 00:00:00,1.6060573
1886-10-16 12:00:00,0.5539388
1886-11-16 00:00:00,0.1032184
1886-12-16 12:00:00,-0.46258658
1887-01-16 12:00:00,0.027467169
1887-02-15 00:00:00,0.2269977
1887-03-16 12:00:00,0.67197824
1887-04-16 00:00:00,0.3173514
1887-05-16 12:00:00,0.12940645
1887-06-16 00:00:00,0.58436877
1887-07-16 12:00:00,0.7923235
1887-08-16 12:00:00,1.7893629
1887-09-16 00:00:00,2.4015343
1887-10-16 12:00:00,2.368973
1887-11-16 00:00:00,0.21219242
1887-12-16 12:00:00,-0.44306237
1888-01-16 12:00:00,-0.16948119
1888-02-15 00:00:00,0.41797352
1888-03-16 12:00:00,0.1507738
1888-04-16 00:00:00,0.19512704
1888-05-16 12:00:00,0.5681872
1888-06-16 00:00:00,0.4234509
1888-07-16 12:00:00,0.78358734
1888-08-16 12:00:00,1.0787963
1888-09-16 00:00:00,1.262155
1888-10-16 12:00:00,0.6844486
1888-11-16 00:00:00,0.30944332
1888-12-16 12:00:00,-0.13775843
1889-01-16 12:00:00,-1.104992
1889-02-15 00:00:00,0.1903542
1889-03-16 12:00:00,0.14627922
1889-04-16 00:00:00,0.52579296
1889-05-16 12:00:00,0.38296065
1889-06-16 00:00:00,0.55171525
1889-07-16 12:00:00,0.63105464
1889-08-16 12:00:00,0.7460015
1889-09-16 00:00:00,0.4265923
1889-10-16 12:00:00,0.36202
1889-11-16 00:00:00,0.10274183
1889-12-16 12:00:00,-0.59183985
1890-01-16 12:00:00,-0.41303974
1890-02-15 00:00:00,0.06325648
1890-03-16 12:00:00,-0.28909892
1890-04-16 00:00:00,0.0523132
1890-05-16 12:00:00,-0.14904058
1890-06-16 00:00:00,0.20164078
1890-07-16 12:00:00,0.5387439
1890-08-16 12:00:00,1.3560019
1890-09-16 00:00:00,2.7563882
1890-10-16 12:00:00,1.8764672
1890-11-16 00:00:00,0.76026624
1890-12-16 12:00:00,-0.27224323
1891-01-16 12:00:00,-0.22924003
1891-02-15 00:00:00,-0.22826698
1891-03-16 12:00:00,-0.19700009
1891-04-16 00:00:00,0.13852412
1891-05-16 12:00:00,0.23315322
1891-06-16 00:00:00,0.47530544
1891-07-16 12:00:00,0.64168274
1891-08-16 12:00:00,0.72654957
1891-09-16 00:00:00,0.9903701
1891-10-16 12:00:00,0.29323
1891-11-16 00:00:00,-0.016851477
1891-12-16 12:00:00,-0.47294176
1892-01-16 12:00:00,-0.40790707
1892-02-15 00:00:00,0.24773079
1892-03-16 12:00:00,0.14738452
1892-04-16 00:00:00,0.4926036
1892-05-16 12:00:00,0.26281515
1892-06-16 00:00:00,0.7353848
1892-07-16 12:00:00,0.9037648
1892-08-16 12:00:00,1.8984348
1892-09-16 00:00:00,2.57984
1892-10-16 12:00:00,1.50748
1892-11-16 00:00:00,0.068567835
1892-12-16 12:00:00,0.007903345
1893-01-16 12:00:00,-0.03414791
1893-02-15 00:00:00,0.08669559
1893-03-16 12:00:00,0.6407436
1893-04-16 00:00:00,0.3846474
1893-05-16 12:00:00,0.6701489
1893-06-16 00:00:00,1.3976912
1893-07-16 12:00:00,1.8080636
1893-08-16 12:00:00,2.1099927
1893-09-16 00:00:00,1.5684566
1893-10-16 12:00:00,-0.021719612
1893-11-16 00:00:00,-0.017279334
1893-12-16 12:00:00,-0.15669003
1894-01-16 12:00:00,0.26408443
1894-02-15 00:00:00,-0.06703762
1894-03-16 12:00:00,0.19485465
1894-04-16 00:00:00,-0.09148792
1894-05-16 12:00:00,0.14163816
1894-06-16 00:00:00,0.26224345
1894-07-16 12:00:00,0.40586507
1894-08-16 12:00:00,0.9868749
1894-09-16 00:00:00,1.0311258
1894-10-16 12:00:00,0.28528795
1894-11-16 00:00:00,0.5107612
1894-12-16 12:00:00,0.029301427
1895-01-16 12:00:00,-0.19233902
1895-02-15 00:00:00,-0.08906298
1895-03-16 12:00:00,-0.06238606
1895-04-16 00:00:00,0.13671961
1895-05-16 12:00:00,0.28045368
1895-06-16 00:00:00,0.46309733
1895-07-16 12:00:00,0.8036133
1895-08-16 12:00:00,2.042023
1895-09-16 00:00:00,1.3705238
1895-10-16 12:00:00,0.32068813
1895-11-16 00:00:00,-0.0256572
1895-12-16 12:00:00,0.33956853
1896-01-16 12:00:00,-0.26472384
1896-02-15 00:00:00,0.2817213
1896-03-16 12:00:00,0.565461
1896-04-16 00:00:00,0.38341674
1896-05-16 12:00:00,0.57367474
1896-06-16 00:00:00,1.4848324
1896-07-16 12:00:00,1.0413487
1896-08-16 12:00:00,2.3467267
1896-09-16 00:00:00,2.0155683
1896-10-16 12:00:00,0.7201357
1896-11-16 00:00:00,0.26998717
1896-12-16 12:00:00,-0.007309042
1897-01-16 12:00:00,-0.67611855
1897-02-15 00:00:00,0.08328732
1897-03-16 12:00:00,0.16860983
1897-04-16 00:00:00,-0.04935848
1897-05-16 12:00:00,0.2381463
1897-06-16 00:00:00,0.5935017
1897-07-16 12:00:00,0.5765359
1897-08-16 12:00:00,0.93069464
1897-09-16 00:00:00,1.0572268
1897-10-16 12:00:00,0.26822996
1897-11-16 00:00:00,-0.107624255
1897-12-16 12:00:00,-0.17790037
1898-01-16 12:00:00,-0.0042275414
1898-02-15 00:00:00,0.17920846
1898-03-16 12:00:00,0.016031168
1898-04-16 00:00:00,0.074101426
1898-05-16 12:00:00,0.61070174
1898-06-16 00:00:00,0.71919507
1898-07-16 12:00:00,1.6806686
1898-08-16 12:00:00,2.6274724
1898-09-16 00:00:00,2.0710611
1898-10-16 12:00:00,1.9893181
1898-11-16 00:00:00,1.6240122
1898-12-16 12:00:00,-0.07099446
1899-01-16 12:00:00,-0.18175727
1899-02-15 00:00:00,0.5356206
1899-03-16 12:00:00,0.23812276
1899-04-16 00:00:00,0.3883978
1899-05-16 12:00:00,0.5862568
1899-06-16 00:00:00,0.52711034
1899-07-16 12:00:00,0.511207
1899-08-16 12:00:00,0.8147072
1899-09-16 00:00:00,0.3927073
1899-10-16 12:00:00,0.10070223
1899-11-16 00:00:00,-0.08077475
1899-12-16 12:00:00,0.3552764
1900-01-16 12:00:00,-0.5130168
1900-02-15 00:00:00,0.058173068
1900-03-16 12:00:00,-0.10582922
1900-04-16 00:00:00,-0.0165798
1900-05-16 12:00:00,0.18086693
1900-06-16 00:00:00,0.43530083
1900-07-16 12:00:00,0.34767967
1900-08-16 12:00:00,1.2052568
1900-09-16 00:00:00,2.0908422
1900-10-16 12:00:00,1.960252
1900-11-16 00:00:00,1.7576878
1900-12-16 12:00:00,1.0548846
1901-01-16 12:00:00,-0.39704102
1901-02-15 00:00:00,0.22871923
1901-03-16 12:00:00,0.009473346
1901-04-16 00:00:00,-0.0021439865
1901-05-16 12:00:00,0.15845868
1901-06-16 00:00:00,0.3734846
1901-07-16 12:00:00,0.22960031
1901-08-16 12:00:00,0.8824947
1901-09-16 00:00:00,1.7039671
1901-10-16 12:00:00,0.6307883
1901-11-16 00:00:00,0.24320471
1901-12-16 12:00:00,0.15279919
1902-01-16 12:00:00,-0.29152334
1902-02-15 00:00:00,-0.046743296
1902-03-16 12:00:00,-0.0095248595
1902-04-16 00:00:00,0.1833672
1902-05-16 12:00:00,0.5110889
1902-06-16 00:00:00,0.5046619
1902-07-16 12:00:00,0.69987273
1902-08-16 12:00:00,0.47407293
1902-09-16 00:00:00,0.38508737
1902-10-16 12:00:00,0.14620093
1902-11-16 00:00:00,0.15909874
1902-12-16 12:00:00,-0.005246766
1903-01-16 12:00:00,-0.27856863
1903-02-15 00:00:00,-0.10648332
1903-03-16 12:00:00,0.11891369
1903-04-16 00:00:00,0.33334696
1903-05-16 12:00:00,0.4351151
1903-06-16 00:00:00,0.6684604
1903-07-16 12:00:00,0.7650412
1903-08-16 12:00:00,0.82167214
1903-09-16 00:00:00,0.702988
1903-10-16 12:00:00,0.46920848
1903-11-16 00:00:00,0.06229516
1903-12-16 12:00:00,-0.032912113
1904-01-16 12:00:00,-0.08385668
1904-02-15 00:00:00,0.16467991
1904-03-16 12:00:00,-0.025832944
1904-04-16 00:00:00,0.030798517
1904-05-16 12:00:00,-0.0028099045
1904-06-16 00:00:00,0.66748947
1904-07-16 12:00:00,1.5595996
1904-08-16 12:00:00,2.2486544
1904-09-16 00:00:00,2.6405823
1904-10-16 12:00:00,1.6433536
1904-11-16 00:00:00,0.11549813
1904-12-16 12:00:00,0.41496843
1905-01-16 12:00:00,-0.009413876
1905-02-15 00:00:00,-0.039034553
1905-03-16 12:00:00,-0.111428745
1905-04-16 00:00:00,0.38258973
1905-05-16 12:00:00,0.4773546
1905-06-16 00:00:00,0.5222565
1905-07-16 12:00:00,0.5492106
1905-08-16 12:00:00,0.7668929
1905-09-16 00:00:00,0.5670491
1905-10-16 12:00:00,-0.102720134
1905-11-16 00:00:00,0.27767816
1905-12-16 12:00:00,0.013207115
1906-01-16 12:00:00,0.19053316
1906-02-15 00:00:00,0.07921358
1906-03-16 12:00:00,0.109412454
1906-04-16 00:00:00,0.32950068
1906-05-16 12:00:00,0.55691415
1906-06-16 00:00:00,0.26641434
1906-07-16 12:00:00,0.5120534
1906-08-16 12:00:00,0.6888969
1906-09-16 00:00:00,0.4234584
1906-10-16 12:00:00,0.5204684
1906-11-16 00:00:00,0.1686995
1906-12-16 12:00:00,0.16225916
1907-01-16 12:00:00,0.31091523
1907-02-15 00:00:00,0.006670244
1907-03-16 12:00:00,-0.06528922
1907-04-16 00:00:00,0.35542265
1907-05-16 12:00:00,0.42688698
1907-06-16 00:00:00,0.5156653
1907-07-16 12:00:00,1.1051247
1907-08-16 12:00:00,1.3310264
1907-09-16 00:00:00,1.1143054
1907-10-16 12:00:00,0.026252039
1907-11-16 00:00:00,0.2756269
1907-12-16 12:00:00,-0.008714773
1908-01-16 12:00:00,-0.8123887
1908-02-15 00:00:00,0.037571467
1908-03-16 12:00:00,-0.07522052
1908-04-16 00:00:00,0.072206624
1908-05-16 12:00:00,0.22390997
1908-06-16 00:00:00,0.7032041
1908-07-16 12:00:00,0.6807086
1908-08-16 12:00:00,1.1756337
1908-09-16 00:00:00,1.0153732
1908-10-16 12:00:00,0.50630456
1908-11-16 00:00:00,0.41195276
1908-12-16 12:00:00,-0.34566277
1909-01-16 12:00:00,-0.49094674
1909-02-15 00:00:00,0.18356085
1909-03-16 12:00:00,0.23358053
1909-04-16 00:00:00,0.11142246
1909-05-16 12:00:00,0.45380908
1909-06-16 00:00:00,0.7322771
1909-07-16 12:00:00,0.7802391
1909-08-16 12:00:00,0.98957425
1909-09-16 00:00:00,0.70365906
1909-10-16 12:00:00,0.09981888
1909-11-16 00:00:00,0.4512971
1909-12-16 12:00:00,0.37577403
1910-01-16 12:00:00,0.15161553
1910-02-15 00:00:00,0.28150022
1910-03-16 12:00:00,0.32908657
1910-04-16 00:00:00,0.073374026
1910-05-16 12:00:00,0.2448214
1910-06-16 00:00:00,0.41057628
1910-07-16 12:00:00,1.3496157
1910-08-16 12:00:00,1.5107762
1910-09-16 00:00:00,1.3103042
1910-10-16 12:00:00,0.73070353
1910-11-16 00:00:00,0.03729164
1910-12-16 12:00:00,0.111811824
1911-01-16 12:00:00,0.40476516
1911-02-15 00:00:00,-0.3795228
1911-03-16 12:00:00,-0.124603786
1911-04-16 00:00:00,-0.0043906793
1911-05-16 12:00:00,0.74682873
1911-06-16 00:00:00,0.40422934
1911-07-16 12:00:00,0.5893782
1911-08-16 12:00:00,1.0977075
1911-09-16 00:00:00,1.4238989
1911-10-16 12:00:00,1.2896584
1911-11-16 00:00:00,0.33252323
1911-12-16 12:00:00,-0.006989129
1912-01-16 12:00:00,0.03484816
1912-02-15 00:00:00,-0.266119
1912-03-16 12:00:00,-0.5095952
1912-04-16 00:00:00,0.25980097
1912-05-16 12:00:00,0.40889165
1912-06-16 00:00:00,0.69224197
1912-07-16 12:00:00,0.7254364
1912-08-16 12:00:00,0.9825459
1912-09-16 00:00:00,1.0426929
1912-10-16 12:00:00,1.710829
1912-11-16 00:00:00,1.0544105
1912-12-16 12:00:00,-0.42544693
1913-01-16 12:00:00,-0.18594675
1913-02-15 00:00:00,-0.0176358
1913-03-16 12:00:00,-0.16511512
1913-04-16 00:00:00,0.16786179
1913-05-16 12:00:00,0.59234947
1913-06-16 00:00:00,0.6419926
1913-07-16 12:00:00,0.718714
1913-08-16 12:00:00,0.8812646
1913-09-16 00:00:00,1.1943573
1913-10-16 12:00:00,1.0657138
1913-11-16 00:00:00,-0.15094107
1913-12-16 12:00:00,0.16312367
1914-01-16 12:00:00,-0.7823336
1914-02-15 00:00:00,-0.19052774
1914-03-16 12:00:00,0.0070683584
1914-04-16 00:00:00,0.5715418
1914-05-16 12:00:00,0.08858634
1914-06-16 00:00:00,0.7464263
1914-07-16 12:00:00,0.67900413
1914-08-16 12:00:00,1.3438661
1914-09-16 00:00:00,1.2408993
1914-10-16 12:00:00,0.9812266
1914-11-16 00:00:00,-0.029844172
1914-12-16 12:00:00,0.11099737
1915-01-16 12:00:00,0.13378808
1915-02-15 00:00:00,-0.19126427
1915-03-16 12:00:00,-0.024296321
1915-04-16 00:00:00,0.08883711
1915-05-16 12:00:00,0.48340142
1915-06-16 00:00:00,0.40834892
1915-07-16 12:00:00,0.7284791
1915-08-16 12:00:00,2.5249395
1915-09-16 00:00:00,2.2390344
1915-10-16 12:00:00,1.0474058
1915-11-16 00:00:00,0.26823473
1915-12-16 12:00:00,-0.40098116
1916-01-16 12:00:00,0.10301948
1916-02-15 00:00:00,0.12514913
1916-03-16 12:00:00,0.025977515
1916-04-16 00:00:00,0.16125566
1916-05-16 12:00:00,0.4029068
1916-06-16 00:00:00,1.7253573
1916-07-16 12:00:00,1.9498618
1916-08-16 12:00:00,1.5730196
1916-09-16 00:00:00,2.0027566
1916-10-16 12:00:00,2.1525612
1916-11-16 00:00:00,0.25205728
1916-12-16 12:00:00,-0.44250384
1917-01-16 12:00:00,0.35031492
1917-02-15 00:00:00,0.23000258
1917-03-16 12:00:00,0.17636636
1917-04-16 00:00:00,0.16016328
1917-05-16 12:00:00,0.45929372
1917-06-16 00:00:00,0.73406124
1917-07-16 12:00:00,0.66682625
1917-08-16 12:00:00,0.26878363
1917-09-16 00:00:00,0.99518424
1917-10-16 12:00:00,1.3084804
1917-11-16 00:00:00,-0.05116611
1917-12-16 12:00:00,0.121112816
1918-01-16 12:00:00,0.21120322
1918-02-15 00:00:00,-0.21794134
1918-03-16 12:00:00,0.014639504
1918-04-16 00:00:00,0.6864538
1918-05-16 12:00:00,0.766562
1918-06-16 00:00:00,0.5345544
1918-07-16 12:00:00,0.48037428
1918-08-16 12:00:00,0.67968935
1918-09-16 00:00:00,0.5057258
1918-10-16 12:00:00,0.575754
1918-11-16 00:00:00,0.30702808
1918-12-16 12:00:00,-0.2185711
1919-01-16 12:00:00,0.09100144
1919-02-15 00:00:00,-0.046370126
1919-03-16 12:00:00,-0.012008779
1919-04-16 00:00:00,0.33700973
1919-05-16 12:00:00,0.5457492
1919-06-16 00:00:00,0.7271313
1919-07-16 12:00:00,1.8295803
1919-08-16 12:00:00,2.5012548
1919-09-16 00:00:00,2.621237
1919-10-16 12:00:00,1.8596865
1919-11-16 00:00:00,0.19367659
1919-12-16 12:00:00,-0.37822527
1920-01-16 12:00:00,-0.040066488
1920-02-15 00:00:00,0.1295416
1920-03-16 12:00:00,0.064838566
1920-04-16 00:00:00,0.07486416
1920-05-16 12:00:00,0.43445808
1920-06-16 00:00:00,0.52539194
1920-07-16 12:00:00,0.35198355
1920-08-16 12:00:00,0.7568745
1920-09-16 00:00:00,1.5579529
1920-10-16 12:00:00,1.0818876
1920-11-16 00:00:00,0.1154583
1920-12-16 12:00:00,-0.14849192
1921-01-16 12:00:00,0.015118517
1921-02-15 00:00:00,0.12308023
1921-03-16 12:00:00,-0.13980359
1921-04-16 00:00:00,0.48873013
1921-05-16 12:00:00,0.45721024
1921-06-16 00:00:00,0.5134908
1921-07-16 12:00:00,0.78884375
1921-08-16 12:00:00,0.7397123
1921-09-16 00:00:00,0.67626655
1921-10-16 12:00:00,0.6135313
1921-11-16 00:00:00,0.1692771
1921-12-16 12:00:00,-0.036295034
1922-01-16 12:00:00,-0.35415387
1922-02-15 00:00:00,0.20153564
1922-03-16 12:00:00,0.19712433
1922-04-16 00:00:00,0.043388255
1922-05-16 12:00:00,0.0054936633
1922-06-16 00:00:00,0.5133374
1922-07-16 12:00:00,0.63501364
1922-08-16 12:00:00,0.77657586
1922-09-16 00:00:00,1.7932831
1922-10-16 12:00:00,0.4164194
1922-11-16 00:00:00,0.32574454
1922-12-16 12:00:00,0.009804718
1923-01-16 12:00:00,0.40191218
1923-02-15 00:00:00,0.38984513
1923-03-16 12:00:00,0.2364487
1923-04-16 00:00:00,0.7266251
1923-05-16 12:00:00,0.20817587
1923-06-16 00:00:00,0.7899468
1923-07-16 12:00:00,0.8944893
1923-08-16 12:00:00,0.9190003
1923-09-16 00:00:00,1.0180054
1923-10-16 12:00:00,0.78012305
1923-11-16 00:00:00,0.17262018
1923-12-16 12:00:00,-0.10722696
1924-01-16 12:00:00,0.1940409
1924-02-15 00:00:00,0.38340035
1924-03-16 12:00:00,0.14701727
1924-04-16 00:00:00,0.31983304
1924-05-16 12:00:00,0.72467256
1924-06-16 00:00:00,0.42640924
1924-07-16 12:00:00,0.63739777
1924-08-16 12:00:00,0.670418
1924-09-16 00:00:00,0.70537686
1924-10-16 12:00:00,0.006942354
1924-11-16 00:00:00,0.66726923
1924-12-16 12:00:00,-0.038599662
1925-01-16 12:00:00,0.7467863
1925-02-15 00:00:00,0.079670526
1925-03-16 12:00:00,-0.12074507
1925-04-16 00:00:00,0.022588886
1925-05-16 12:00:00,-0.07927667
1925-06-16 00:00:00,0.38500932
1925-07-16 12:00:00,0.8477581
1925-08-16 12:00:00,1.677241
1925-09-16 00:00:00,2.5828044
1925-10-16 12:00:00,1.4702288
1925-11-16 00:00:00,0.48927265
1925-12-16 12:00:00,0.14883456
1926-01-16 12:00:00,-0.25308985
1926-02-15 00:00:00,-0.009838901
1926-03-16 12:00:00,-0.03292405
1926-04-16 00:00:00,-0.17114171
1926-05-16 12:00:00,0.5232606
1926-06-16 00:00:00,0.5033885
1926-07-16 12:00:00,0.86034447
1926-08-16 12:00:00,2.2109325
1926-09-16 00:00:00,2.7550702
1926-10-16 12:00:00,1.6904824
1926-11-16 00:00:00,0.82785356
1926-12-16 12:00:00,-0.58116674
1927-01-16 12:00:00,0.3861081
1927-02-15 00:00:00,-0.24824679
1927-03-16 12:00:00,-0.05541294
1927-04-16 00:00:00,0.18717298
1927-05-16 12:00:00,0.25736716
1927-06-16 00:00:00,0.5106088
1927-07-16 12:00:00,0.7633948
1927-08-16 12:00:00,1.4591181
1927-09-16 00:00:00,1.904571
1927-10-16 12:00:00,0.6182113
1927-11-16 00:00:00,0.2890925
1927-12-16 12:00:00,-0.06607377
1928-01-16 12:00:00,-0.0863635
1928-02-15 00:00:00,0.021180071
1928-03-16 12:00:00,0.24195981
1928-04-16 00:00:00,-0.083406575
1928-05-16 12:00:00,0.054401703
1928-06-16 00:00:00,0.65106696
1928-07-16 12:00:00,0.6885394
1928-08-16 12:00:00,0.8352292
1928-09-16 00:00:00,1.3170499
1928-10-16 12:00:00,0.24379763
1928-11-16 00:00:00,0.023185931
1928-12-16 12:00:00,-0.100431435
1929-01-16 12:00:00,0.3056903
1929-02-15 00:00:00,0.49336946
1929-03-16 12:00:00,0.2037834
1929-04-16 00:00:00,0.53789926
1929-05-16 12:00:00,0.17630953
1929-06-16 00:00:00,0.5156149
1929-07-16 12:00:00,1.0317062
1929-08-16 12:00:00,1.6454806
1929-09-16 00:00:00,1.7071769
1929-10-16 12:00:00,0.7440936
1929-11-16 00:00:00,0.3163256
1929-12-16 12:00:00,0.0022243187
1930-01-16 12:00:00,-0.25788784
1930-02-15 00:00:00,0.6263345
1930-03-16 12:00:00,-0.34055132
1930-04-16 00:00:00,0.12096671
1930-05-16 12:00:00,0.3928151
1930-06-16 00:00:00,0.3883696
1930-07-16 12:00:00,0.66368777
1930-08-16 12:00:00,1.1041092
1930-09-16 00:00:00,1.7558346
1930-10-16 12:00:00,0.8120144
1930-11-16 00:00:00,0.03695043
1930-12-16 12:00:00,-0.008780949
1931-01-16 12:00:00,0.10170492
1931-02-15 00:00:00,0.27575514
1931-03-16 12:00:00,0.38486007
1931-04-16 00:00:00,0.2192829
1931-05-16 12:00:00,0.37068546
1931-06-16 00:00:00,0.7358064
1931-07-16 12:00:00,0.76863956
1931-08-16 12:00:00,1.6576846
1931-09-16 00:00:00,2.5537922
1931-10-16 12:00:00,1.682902
1931-11-16 00:00:00,0.008223601
1931-12-16 12:00:00,0.10069632
1932-01-16 12:00:00,-0.50994354
1932-02-15 00:00:00,0.14798719
1932-03-16 12:00:00,-0.18099317
1932-04-16 00:00:00,0.15988833
1932-05-16 12:00:00,0.3710078
1932-06-16 00:00:00,0.48028153
1932-07-16 12:00:00,0.72124827
1932-08-16 12:00:00,0.7598602
1932-09-16 00:00:00,0.8521832
1932-10-16 12:00:00,0.63225
1932-11-16 00:00:00,0.52408856
1932-12-16 12:00:00,0.20091325
1933-01-16 12:00:00,0.19391984
1933-02-15 00:00:00,0.40436202
1933-03-16 12:00:00,0.092915885
1933-04-16 00:00:00,0.012287714
1933-05-16 12:00:00,0.56567335
1933-06-16 00:00:00,0.6380297
1933-07-16 12:00:00,1.3747895
1933-08-16 12:00:00,1.6464205
1933-09-16 00:00:00,1.5949266
1933-10-16 12:00:00,0.892234
1933-11-16 00:00:00,0.25825042
1933-12-16 12:00:00,-0.24038655
1934-01-16 12:00:00,-0.3091817
1934-02-15 00:00:00,0.043990947
1934-03-16 12:00:00,-0.5615878
1934-04-16 00:00:00,0.3517788
1934-05-16 12:00:00,0.72258884
1934-06-16 00:00:00,0.6996619
1934-07-16 12:00:00,0.5543013
1934-08-16 12:00:00,1.0821322
1934-09-16 00:00:00,1.8427238
1934-10-16 12:00:00,0.44481033
1934-11-16 00:00:00,0.2352705
1934-12-16 12:00:00,-0.29612464
1935-01-16 12:00:00,0.061228536
1935-02-15 00:00:00,0.20348674
1935-03-16 12:00:00,0.5991936
1935-04-16 00:00:00,0.482543
1935-05-16 12:00:00,0.35368735
1935-06-16 00:00:00,0.5906179
1935-07-16 12:00:00,0.7972669
1935-08-16 12:00:00,0.8265113
1935-09-16 00:00:00,0.8436311
1935-10-16 12:00:00,0.6650583
1935-11-16 00:00:00,0.30867353
1935-12-16 12:00:00,-0.36662483
1936-01-16 12:00:00,0.10830418
1936-02-15 00:00:00,-0.46858275
1936-03-16 12:00:00,-0.41996294
1936-04-16 00:00:00,0.25824267
1936-05-16 12:00:00,0.16357648
1936-06-16 00:00:00,0.5386601
1936-07-16 12:00:00,0.8544151
1936-08-16 12:00:00,1.1988161
1936-09-16 00:00:00,2.2888372
1936-10-16 12:00:00,2.2781913
1936-11-16 00:00:00,0.4325518
1936-12-16 12:00:00,0.017361872
1937-01-16 12:00:00,-0.2900219
1937-02-15 00:00:00,0.14784423
1937-03-16 12:00:00,0.11882929
1937-04-16 00:00:00,0.20199817
1937-05-16 12:00:00,0.57725054
1937-06-16 00:00:00,0.6588842
1937-07-16 12:00:00,0.8603067
1937-08-16 12:00:00,1.9036388
1937-09-16 00:00:00,2.311751
1937-10-16 12:00:00,1.0126644
1937-11-16 00:00:00,0.05919019
1937-12-16 12:00:00,-0.3708741
1938-01-16 12:00:00,-0.7850956
1938-02-15 00:00:00,0.023667566
1938-03-16 12:00:00,0.014785625
1938-04-16 00:00:00,0.10441799
1938-05-16 12:00:00,0.64159137
1938-06-16 00:00:00,0.69385064
1938-07-16 12:00:00,0.6918592
1938-08-16 12:00:00,0.70189047
1938-09-16 00:00:00,0.58014446
1938-10-16 12:00:00,0.69419986
1938-11-16 00:00:00,0.37068716
1938-12-16 12:00:00,-0.24688193
1939-01-16 12:00:00,-0.45770866
1939-02-15 00:00:00,-0.06990235
1939-03-16 12:00:00,-0.24264982
1939-04-16 00:00:00,0.09124265
1939-05-16 12:00:00,0.5865161
1939-06-16 00:00:00,0.6213822
1939-07-16 12:00:00,0.5912692
1939-08-16 12:00:00,0.692996
1939-09-16 00:00:00,0.7557103
1939-10-16 12:00:00,-0.07691052
1939-11-16 00:00:00,0.34307608
1939-12-16 12:00:00,-0.105358414
1940-01-16 12:00:00,0.21624601
1940-02-15 00:00:00,-0.035935126
1940-03-16 12:00:00,0.009610854
1940-04-16 00:00:00,0.23061633
1940-05-16 12:00:00,0.37641338
1940-06-16 00:00:00,0.61203265
1940-07-16 12:00:00,1.4328189
1940-08-16 12:00:00,2.2717438
1940-09-16 00:00:00,2.5817306
1940-10-16 12:00:00,1.3779905
1940-11-16 00:00:00,-0.12740496
1940-12-16 12:00:00,-0.24119756
1941-01-16 12:00:00,0.26684058
1941-02-15 00:00:00,0.39423645
1941-03-16 12:00:00,-0.1834223
1941-04-16 00:00:00,0.5565532
1941-05-16 12:00:00,0.52073115
1941-06-16 00:00:00,0.46719116
1941-07-16 12:00:00,0.9881584
1941-08-16 12:00:00,1.508348
1941-09-16 00:00:00,2.002417
1941-10-16 12:00:00,0.75349516
1941-11-16 00:00:00,0.408791
1941-12-16 12:00:00,0.17384177
1942-01-16 12:00:00,0.21266729
1942-02-15 00:00:00,0.11894766
1942-03-16 12:00:00,0.038794704
1942-04-16 00:00:00,0.20202741
1942-05-16 12:00:00,0.07665887
1942-06-16 00:00:00,0.38505805
1942-07-16 12:00:00,1.0961964
1942-08-16 12:00:00,1.4397006
1942-09-16 00:00:00,0.92564625
1942-10-16 12:00:00,-0.19359109
1942-11-16 00:00:00,0.19912323
1942-12-16 12:00:00,0.20689338
1943-01-16 12:00:00,-0.058654048
1943-02-15 00:00:00,0.20594013
1943-03-16 12:00:00,-0.22014272
1943-04-16 00:00:00,0.15426338
1943-05-16 12:00:00,0.6700624
1943-06-16 00:00:00,0.511672
1943-07-16 12:00:00,0.59720385
1943-08-16 12:00:00,0.49636787
1943-09-16 00:00:00,0.6656923
1943-10-16 12:00:00,0.4020331
1943-11-16 00:00:00,0.22746968
1943-12-16 12:00:00,0.47391242
1944-01-16 12:00:00,-0.243496
1944-02-15 00:00:00,-0.21756738
1944-03-16 12:00:00,-0.14462146
1944-04-16 00:00:00,0.12622544
1944-05-16 12:00:00,0.22161746
1944-06-16 00:00:00,0.7361849
1944-07-16 12:00:00,0.9609037
1944-08-16 12:00:00,1.0474478
1944-09-16 00:00:00,1.3513018
1944-10-16 12:00:00,0.2909488
1944-11-16 00:00:00,0.29324436
1944-12-16 12:00:00,-0.12912968
1945-01-16 12:00:00,-0.31172383
1945-02-15 00:00:00,0.2790687
1945-03-16 12:00:00,0.3037261
1945-04-16 00:00:00,0.5663328
1945-05-16 12:00:00,0.3041281
1945-06-16 00:00:00,0.5092195
1945-07-16 12:00:00,0.68831146
1945-08-16 12:00:00,0.7388662
1945-09-16 00:00:00,0.37792805
1945-10-16 12:00:00,0.6078765
1945-11-16 00:00:00,0.50286156
1945-12-16 12:00:00,0.0073292926
1946-01-16 12:00:00,-0.56777155
1946-02-15 00:00:00,0.42409325
1946-03-16 12:00:00,-0.13417351
1946-04-16 00:00:00,0.011651106
1946-05-16 12:00:00,0.25777966
1946-06-16 00:00:00,0.6895868
1946-07-16 12:00:00,1.7146667
1946-08-16 12:00:00,1.8416572
1946-09-16 00:00:00,2.3442576
1946-10-16 12:00:00,2.2391765
1946-11-16 00:00:00,-0.3522351
1946-12-16 12:00:00,-0.51259977
1947-01-16 12:00:00,-0.89094275
1947-02-15 00:00:00,-0.6793275
1947-03-16 12:00:00,-0.5896048
1947-04-16 00:00:00,-0.22594193
1947-05-16 12:00:00,0.51758647
1947-06-16 00:00:00,0.4435773
1947-07-16 12:00:00,1.1967564
1947-08-16 12:00:00,1.5841845
1947-09-16 00:00:00,1.6051227
1947-10-16 12:00:00,0.51954997
1947-11-16 00:00:00,-0.1896318
1947-12-16 12:00:00,-0.056929387
1948-01-16 12:00:00,-0.27026886
1948-02-15 00:00:00,0.23797107
1948-03-16 12:00:00,0.11898754
1948-04-16 00:00:00,0.2642503
1948-05-16 12:00:00,0.5965855
1948-06-16 00:00:00,0.6079528
1948-07-16 12:00:00,0.7581549
1948-08-16 12:00:00,0.79966223
1948-09-16 00:00:00,0.72694993
1948-10-16 12:00:00,0.39930272
1948-11-16 00:00:00,0.048997022
1948-12-16 12:00:00,-0.2471498
1949-01-16 12:00:00,-0.3902524
1949-02-15 00:00:00,0.07676119
1949-03-16 12:00:00,0.090325855
1949-04-16 00:00:00,0.28750443
1949-05-16 12:00:00,0.41387415
1949-06-16 00:00:00,0.52654237
1949-07-16 12:00:00,0.78425777
1949-08-16 12:00:00,2.0922441
1949-09-16 00:00:00,2.4969757
1949-10-16 12:00:00,1.9713326
1949-11-16 00:00:00,0.45791245
1949-12-16 12:00:00,-0.24115431
1950-01-16 12:00:00,-0.18004277
1950-02-15 00:00:00,-0.21158528
1950-03-16 12:00:00,0.14693302
1950-04-16 00:00:00,0.02005791
1950-05-16 12:00:00,0.42864156
1950-06-16 00:00:00,0.24922183
1950-07-16 12:00:00,0.6491407
1950-08-16 12:00:00,0.7911658
1950-09-16 00:00:00,1.3464389
1950-10-16 12:00:00,1.3116822
1950-11-16 00:00:00,0.25341302
1950-12-16 12:00:00,-0.41252196
1951-01-16 12:00:00,0.45020258
1951-02-15 00:00:00,0.39619282
1951-03-16 12:00:00,0.24865606
1951-04-16 00:00:00,0.48318416
1951-05-16 12:00:00,0.38333243
1951-06-16 00:00:00,0.5496351
1951-07-16 12:00:00,0.67359406
1951-08-16 12:00:00,0.9477791
1951-09-16 00:00:00,1.6277516
1951-10-16 12:00:00,0.2121773
1951-11-16 00:00:00,0.25249773
1951-12-16 12:00:00,-0.24655578
1952-01-16 12:00:00,0.22391713
1952-02-15 00:00:00,0.05599145
1952-03-16 12:00:00,0.44122875
1952-04-16 00:00:00,0.093966775
1952-05-16 12:00:00,0.20795712
1952-06-16 00:00:00,0.74128205
1952-07-16 12:00:00,0.63158435
1952-08-16 12:00:00,0.7027511
1952-09-16 00:00:00,0.37816712
1952-10-16 12:00:00,0.16887215
1952-11-16 00:00:00,0.25495702
1952-12-16 12:00:00,-0.14185518
1953-01-16 12:00:00,0.18599728
1953-02-15 00:00:00,-0.05208026
1953-03-16 12:00:00,0.058976986
1953-04-16 00:00:00,0.087437265
1953-05-16 12:00:00,0.30263036
1953-06-16 00:00:00,0.47697258
1953-07-16 12:00:00,1.226927
1953-08-16 12:00:00,2.1626787
1953-09-16 00:00:00,2.6730719
1953-10-16 12:00:00,1.3208601
1953-11-16 00:00:00,0.6480485
1953-12-16 12:00:00,-0.092167385
1954-01-16 12:00:00,0.110778295
1954-02-15 00:00:00,-0.20066881
1954-03-16 12:00:00,-0.06445629
1954-04-16 00:00:00,0.23529619
1954-05-16 12:00:00,0.52537006
1954-06-16 00:00:00,0.7782519
1954-07-16 12:00:00,0.809723
1954-08-16 12:00:00,0.78906924
1954-09-16 00:00:00,0.47659516
1954-10-16 12:00:00,0.5772308
1954-11-16 00:00:00,-0.6036153
1954-12-16 12:00:00,-0.27110437
1955-01-16 12:00:00,0.46406096
1955-02-15 00:00:00,0.40206927
1955-03-16 12:00:00,-0.14355183
1955-04-16 00:00:00,0.26142117
1955-05-16 12:00:00,0.3736769
1955-06-16 00:00:00,0.5492174
1955-07-16 12:00:00,0.8453326
1955-08-16 12:00:00,0.96644336
1955-09-16 00:00:00,1.0652212
1955-10-16 12:00:00,0.77013427
1955-11-16 00:00:00,0.16819715
1955-12-16 12:00:00,0.05534435
1956-01-16 12:00:00,0.35868078
1956-02-15 00:00:00,0.19221777
1956-03-16 12:00:00,-0.035002895
1956-04-16 00:00:00,0.3082438
1956-05-16 12:00:00,0.46925473
1956-06-16 00:00:00,0.6320019
1956-07-16 12:00:00,0.6935484
1956-08-16 12:00:00,0.64628685
1956-09-16 00:00:00,1.0114899
1956-10-16 12:00:00,0.6250267
1956-11-16 00:00:00,0.33064118
1956-12-16 12:00:00,-0.2786425
1957-01-16 12:00:00,0.55732906
1957-02-15 00:00:00,-0.013087921
1957-03-16 12:00:00,-0.48585457
1957-04-16 00:00:00,0.25477988
1957-05-16 12:00:00,0.5348441
1957-06-16 00:00:00,0.52017224
1957-07-16 12:00:00,0.95652515
1957-08-16 12:00:00,1.6461749
1957-09-16 00:00:00,1.4010376
1957-10-16 12:00:00,0.111884825
1957-11-16 00:00:00,-0.03640171
1957-12-16 12:00:00,0.029466487
1958-01-16 12:00:00,-0.3169299
1958-02-15 00:00:00,0.18098778
1958-03-16 12:00:00,0.33440262
1958-04-16 00:00:00,0.19765484
1958-05-16 12:00:00,0.19891298
1958-06-16 00:00:00,0.64912355
1958-07-16 12:00:00,0.59611344
1958-08-16 12:00:00,0.763184
1958-09-16 00:00:00,0.7690874
1958-10-16 12:00:00,0.7402344
1958-11-16 00:00:00,0.23759171
1958-12-16 12:00:00,0.49476117
1959-01-16 12:00:00,0.21147376
1959-02-15 00:00:00,0.30783832
1959-03-16 12:00:00,0.23489329
1959-04-16 00:00:00,0.17143151
1959-05-16 12:00:00,0.31720906
1959-06-16 00:00:00,1.9807158
1959-07-16 12:00:00,2.567284
1959-08-16 12:00:00,2.852901
1959-09-16 00:00:00,2.684702
1959-10-16 12:00:00,2.1245503
1959-11-16 00:00:00,-0.27364585
1959-12-16 12:00:00,0.4227084
1960-01-16 12:00:00,-0.4449916
1960-02-15 00:00:00,-0.5864701
1960-03-16 12:00:00,-0.26118842
1960-04-16 00:00:00,0.23857346
1960-05-16 12:00:00,0.5382689
1960-06-16 00:00:00,0.7714166
1960-07-16 12:00:00,1.4840692
1960-08-16 12:00:00,2.4231799
1960-09-16 00:00:00,2.12933
1960-10-16 12:00:00,2.2412934
1960-11-16 00:00:00,-0.04396949
1960-12-16 12:00:00,0.14898667
1961-01-16 12:00:00,-0.11627998
1961-02-15 00:00:00,0.17559281
1961-03-16 12:00:00,0.15231353
1961-04-16 00:00:00,0.19030595
1961-05-16 12:00:00,0.49585623
1961-06-16 00:00:00,0.39439556
1961-07-16 12:00:00,0.4466886
1961-08-16 12:00:00,0.65066737
1961-09-16 00:00:00,0.73652303
1961-10-16 12:00:00,0.7707612
1961-11-16 00:00:00,-0.044547655
1961-12-16 12:00:00,-0.011587016
1962-01-16 12:00:00,-0.15239108
1962-02-15 00:00:00,0.028543182
1962-03-16 12:00:00,-0.31876233
1962-04-16 00:00:00,0.12360402
1962-05-16 12:00:00,0.5389618
1962-06-16 00:00:00,0.666077
1962-07-16 12:00:00,0.82077795
1962-08-16 12:00:00,1.3577471
1962-09-16 00:00:00,1.4568248
1962-10-16 12:00:00,0.89566916
1962-11-16 00:00:00,0.2382248
1962-12-16 12:00:00,-0.017382361
1963-01-16 12:00:00,-0.30760148
1963-02-15 00:00:00,-0.30800876
1963-03-16 12:00:00,-0.13445306
1963-04-16 00:00:00,0.10464517
1963-05-16 12:00:00,-0.006047271
1963-06-16 00:00:00,0.5005926
1963-07-16 12:00:00,0.5956469
1963-08-16 12:00:00,0.5222224
1963-09-16 00:00:00,0.7979425
1963-10-16 12:00:00,0.4429621
1963-11-16 00:00:00,0.2255609
1963-12-16 12:00:00,-0.25253344
1964-01-16 12:00:00,-0.70570934
1964-02-15 00:00:00,-0.24110964
1964-03-16 12:00:00,0.0064282343
1964-04-16 00:00:00,0.3474447
1964-05-16 12:00:00,0.62003547
1964-06-16 00:00:00,0.29139066
1964-07-16 12:00:00,0.17893898
1964-08-16 12:00:00,1.0110924
1964-09-16 00:00:00,1.154406
1964-10-16 12:00:00,0.892831
1964-11-16 00:00:00,0.4682421
1964-12-16 12:00:00,0.12473924
1965-01-16 12:00:00,0.1089528
1965-02-15 00:00:00,0.5882285
1965-03-16 12:00:00,-0.14445007
1965-04-16 00:00:00,0.6209749
1965-05-16 12:00:00,0.28766656
1965-06-16 00:00:00,0.6798683
1965-07-16 12:00:00,0.9418486
1965-08-16 12:00:00,1.1940382
1965-09-16 00:00:00,1.6226486
1965-10-16 12:00:00,1.1070787
1965-11-16 00:00:00,0.4149316
1965-12-16 12:00:00,0.15217263
1966-01-16 12:00:00,0.11453859
1966-02-15 00:00:00,-0.179488
1966-03-16 12:00:00,0.37425515
1966-04-16 00:00:00,-0.041463815
1966-05-16 12:00:00,0.40946874
1966-06-16 00:00:00,0.3146242
1966-07-16 12:00:00,2.2675521
1966-08-16 12:00:00,2.7862718
1966-09-16 00:00:00,2.3164682
1966-10-16 12:00:00,0.3954601
1966-11-16 00:00:00,-0.04614622
1966-12-16 12:00:00,-0.17118636
1967-01-16 12:00:00,0.23906037
1967-02-15 00:00:00,0.0105106905
1967-03-16 12:00:00,0.33168882
1967-04-16 00:00:00,0.65611356
1967-05-16 12:00:00,0.5705119
1967-06-16 00:00:00,0.50075215
1967-07-16 12:00:00,0.33491668
1967-08-16 12:00:00,0.6733733
1967-09-16 00:00:00,0.40881437
1967-10-16 12:00:00,0.39117348
1967-11-16 00:00:00,-0.15237492
1967-12-16 12:00:00,0.09289483
1968-01-16 12:00:00,0.67135245
1968-02-15 00:00:00,-0.19572678
1968-03-16 12:00:00,0.012779333
1968-04-16 00:00:00,0.41442633
1968-05-16 12:00:00,0.23936701
1968-06-16 00:00:00,0.49263602
1968-07-16 12:00:00,0.5635703
1968-08-16 12:00:00,1.2084404
1968-09-16 00:00:00,1.7666256
1968-10-16 12:00:00,0.8324188
1968-11-16 00:00:00,-0.2421923
1968-12-16 12:00:00,-0.291251
1969-01-16 12:00:00,0.064811505
1969-02-15 00:00:00,0.293464
1969-03-16 12:00:00,0.14601389
1969-04-16 00:00:00,0.41207218
1969-05-16 12:00:00,0.6990885
1969-06-16 00:00:00,0.60880655
1969-07-16 12:00:00,1.0762897
1969-08-16 12:00:00,2.6652365
1969-09-16 00:00:00,2.2543125
1969-10-16 12:00:00,1.6244203
1969-11-16 00:00:00,-0.04223656
1969-12-16 12:00:00,-0.2343719
1970-01-16 12:00:00,-0.27644026
1970-02-15 00:00:00,0.07537291
1970-03-16 12:00:00,0.10086421
1970-04-16 00:00:00,0.780166
1970-05-16 12:00:00,0.56549954
1970-06-16 00:00:00,0.67957646
1970-07-16 12:00:00,0.91002756
1970-08-16 12:00:00,1.813114
1970-09-16 00:00:00,1.7815547
1970-10-16 12:00:00,0.75573474
1970-11-16 00:00:00,0.10846744
1970-12-16 12:00:00,-0.1871668
1971-01-16 12:00:00,0.38516578
1971-02-15 00:00:00,0.16902465
1971-03-16 12:00:00,-0.34093428
1971-04-16 00:00:00,0.1924651
1971-05-16 12:00:00,0.48794764
1971-06-16 00:00:00,0.7289584
1971-07-16 12:00:00,0.34410423
1971-08-16 12:00:00,1.1138506
1971-09-16 00:00:00,0.8310872
1971-10-16 12:00:00,0.1319519
1971-11-16 00:00:00,-0.6174099
1971-12-16 12:00:00,0.27086037
1972-01-16 12:00:00,0.2518291
1972-02-15 00:00:00,0.025555633
1972-03-16 12:00:00,0.11107493
1972-04-16 00:00:00,0.21685448
1972-05-16 12:00:00,0.7052778
1972-06-16 00:00:00,0.6711545
1972-07-16 12:00:00,1.0939289
1972-08-16 12:00:00,1.5925897
1972-09-16 00:00:00,1.7734388
1972-10-16 12:00:00,1.0580114
1972-11-16 00:00:00,0.12267756
1972-12-16 12:00:00,0.32691365
1973-01-16 12:00:00,0.408431
1973-02-15 00:00:00,-0.026087366
1973-03-16 12:00:00,0.30808333
1973-04-16 00:00:00,0.03987185
1973-05-16 12:00:00,0.47713113
1973-06-16 00:00:00,0.6278316
1973-07-16 12:00:00,0.69563085
1973-08-16 12:00:00,0.9236769
1973-09-16 00:00:00,0.7562733
1973-10-16 12:00:00,0.12874275
1973-11-16 00:00:00,0.21825457
1973-12-16 12:00:00,0.048764475
1974-01-16 12:00:00,0.44111097
1974-02-15 00:00:00,0.4593287
1974-03-16 12:00:00,0.105299436
1974-04-16 00:00:00,0.3171841
1974-05-16 12:00:00,0.11749486
1974-06-16 00:00:00,1.2864127
1974-07-16 12:00:00,2.33776
1974-08-16 12:00:00,2.748652
1974-09-16 00:00:00,2.0959392
1974-10-16 12:00:00,1.1259387
1974-11-16 00:00:00,0.5337846
1974-12-16 12:00:00,-0.30295596
1975-01-16 12:00:00,-0.10709029
1975-02-15 00:00:00,-0.06845223
1975-03-16 12:00:00,-0.023410358
1975-04-16 00:00:00,0.58937645
1975-05-16 12:00:00,0.20607123
1975-06-16 00:00:00,0.45463532
1975-07-16 12:00:00,0.6223628
1975-08-16 12:00:00,1.5243464
1975-09-16 00:00:00,2.040462
1975-10-16 12:00:00,1.7712109
1975-11-16 00:00:00,-0.56194466
1975-12-16 12:00:00,0.323197
1976-01-16 12:00:00,-0.5836269
1976-02-15 00:00:00,-0.010236897
1976-03-16 12:00:00,0.15615582
1976-04-16 00:00:00,0.21845856
1976-05-16 12:00:00,0.5667801
1976-06-16 00:00:00,0.6106998
1976-07-16 12:00:00,0.7339136
1976-08-16 12:00:00,0.8003432
1976-09-16 00:00:00,0.9511853
1976-10-16 12:00:00,0.31596687
1976-11-16 00:00:00,0.07308032
1976-12-16 12:00:00,0.05496972
1977-01-16 12:00:00,0.52496046
1977-02-15 00:00:00,0.29819041
1977-03-16 12:00:00,0.09491467
1977-04-16 00:00:00,0.13239878
1977-05-16 12:00:00,0.6894437
1977-06-16 00:00:00,0.47148442
1977-07-16 12:00:00,0.7267957
1977-08-16 12:00:00,1.6753416
1977-09-16 00:00:00,1.7458947
1977-10-16 12:00:00,0.30193365
1977-11-16 00:00:00,-0.2189709
1977-12-16 12:00:00,0.13201222
1978-01-16 12:00:00,0.06168618
1978-02-15 00:00:00,0.23326072
1978-03-16 12:00:00,0.04438845
1978-04-16 00:00:00,0.38951713
1978-05-16 12:00:00,0.27711922
1978-06-16 00:00:00,0.5627589
1978-07-16 12:00:00,0.64690465
1978-08-16 12:00:00,1.0955611
1978-09-16 00:00:00,1.8203394
1978-10-16 12:00:00,0.5249277
1978-11-16 00:00:00,0.23109615
1978-12-16 12:00:00,0.029567264
1979-01-16 12:00:00,0.45761776
1979-02-15 00:00:00,0.16742966
1979-03-16 12:00:00,-0.13431862
1979-04-16 00:00:00,0.26800707
1979-05-16 12:00:00,0.3804265
1979-06-16 00:00:00,0.66591233
1979-07-16 12:00:00,0.80946857
1979-08-16 12:00:00,1.55323
1979-09-16 00:00:00,1.4768747
1979-10-16 12:00:00,0.72090936
1979-11-16 00:00:00,0.1304104
1979-12-16 12:00:00,-0.21824875
1980-01-16 12:00:00,0.2967371
1980-02-15 00:00:00,-0.045645528
1980-03-16 12:00:00,-0.007662706
1980-04-16 00:00:00,0.33093947
1980-05-16 12:00:00,0.48850185
1980-06-16 00:00:00,0.30922878
1980-07-16 12:00:00,0.7875263
1980-08-16 12:00:00,0.5365468
1980-09-16 00:00:00,0.82805675
1980-10-16 12:00:00,0.91169626
1980-11-16 00:00:00,-0.22365874
1980-12-16 12:00:00,-0.06940102
1981-01-16 12:00:00,-0.008929871
1981-02-15 00:00:00,-0.09583502
1981-03-16 12:00:00,-0.10084423
1981-04-16 00:00:00,0.11665676
1981-05-16 12:00:00,0.15096444
1981-06-16 00:00:00,0.4524153
1981-07-16 12:00:00,0.74897975
1981-08-16 12:00:00,0.7829454
1981-09-16 00:00:00,1.0449154
1981-10-16 12:00:00,0.500906
1981-11-16 00:00:00,0.39475292
1981-12-16 12:00:00,0.56336665
1982-01-16 12:00:00,-0.24130592
1982-02-15 00:00:00,-0.018519767
1982-03-16 12:00:00,0.3202378
1982-04-16 00:00:00,0.14766526
1982-05-16 12:00:00,0.3962049
1982-06-16 00:00:00,1.7164978
1982-07-16 12:00:00,2.1279368
1982-08-16 12:00:00,2.7763186
1982-09-16 00:00:00,2.6576982
1982-10-16 12:00:00,2.360384
1982-11-16 00:00:00,1.0714719
1982-12-16 12:00:00,-1.05271
1983-01-16 12:00:00,-1.0122434
1983-02-15 00:00:00,0.2544293
1983-03-16 12:00:00,-0.16550949
1983-04-16 00:00:00,0.44771475
1983-05-16 12:00:00,0.09632223
1983-06-16 00:00:00,0.44588518
1983-07-16 12:00:00,0.4875983
1983-08-16 12:00:00,1.1974064
1983-09-16 00:00:00,2.262416
1983-10-16 12:00:00,2.3092883
1983-11-16 00:00:00,0.09436334
1983-12-16 12:00:00,-0.015159957
1984-01-16 12:00:00,-0.16255029
1984-02-15 00:00:00,-0.107362546
1984-03-16 12:00:00,-0.04559312
1984-04-16 00:00:00,0.28813118
1984-05-16 12:00:00,0.70210654
1984-06-16 00:00:00,0.73566186
1984-07-16 12:00:00,0.6727224
1984-08-16 12:00:00,0.3998479
1984-09-16 00:00:00,0.6517124
1984-10-16 12:00:00,0.7097787
1984-11-16 00:00:00,-0.030359589
1984-12-16 12:00:00,0.2626647
1985-01-16 12:00:00,0.54579884
1985-02-15 00:00:00,0.1640107
1985-03-16 12:00:00,0.29558513
1985-04-16 00:00:00,0.53071207
1985-05-16 12:00:00,0.08915915
1985-06-16 00:00:00,0.24255672
1985-07-16 12:00:00,0.56985074
1985-08-16 12:00:00,1.1355162
1985-09-16 00:00:00,1.7637506
1985-10-16 12:00:00,1.1836025
1985-11-16 00:00:00,0.69951457
1985-12-16 12:00:00,0.11550363
1986-01-16 12:00:00,0.09598779
1986-02-15 00:00:00,0.2286734
1986-03-16 12:00:00,0.055722572
1986-04-16 00:00:00,0.6846215
1986-05-16 12:00:00,0.63343585
1986-06-16 00:00:00,0.6513803
1986-07-16 12:00:00,0.8270382
1986-08-16 12:00:00,0.7794361
1986-09-16 00:00:00,2.4038017
1986-10-16 12:00:00,1.9800968
1986-11-16 00:00:00,0.2672485
1986-12-16 12:00:00,-0.4066037
1987-01-16 12:00:00,-0.5431365
1987-02-15 00:00:00,-0.19660872
1987-03-16 12:00:00,-0.025206573
1987-04-16 00:00:00,0.24778417
1987-05-16 12:00:00,0.28565705
1987-06-16 00:00:00,0.4771064
1987-07-16 12:00:00,0.7208814
1987-08-16 12:00:00,0.7442445
1987-09-16 00:00:00,0.81896794
1987-10-16 12:00:00,0.62789917
1987-11-16 00:00:00,-0.012008689
1987-12-16 12:00:00,-0.55684906
1988-01-16 12:00:00,-0.82938355
1988-02-15 00:00:00,0.22015077
1988-03-16 12:00:00,-0.104187645
1988-04-16 00:00:00,0.36880454
1988-05-16 12:00:00,0.27939534
1988-06-16 00:00:00,0.06828449
1988-07-16 12:00:00,0.734159
1988-08-16 12:00:00,0.8289756
1988-09-16 00:00:00,0.836172
1988-10-16 12:00:00,0.2117002
1988-11-16 00:00:00,-0.041619487
1988-12-16 12:00:00,0.5604525
1989-01-16 12:00:00,-0.45102435
1989-02-15 00:00:00,0.27586305
1989-03-16 12:00:00,-0.40082687
1989-04-16 00:00:00,0.21700302
1989-05-16 12:00:00,0.4080733
1989-06-16 00:00:00,0.62088865
1989-07-16 12:00:00,0.8574365
1989-08-16 12:00:00,1.2629992
1989-09-16 00:00:00,0.9556057
1989-10-16 12:00:00,0.32047942
1989-11-16 00:00:00,0.018168055
1989-12-16 12:00:00,-0.52643573
1990-01-16 12:00:00,-0.32556996
1990-02-15 00:00:00,0.30858925
1990-03-16 12:00:00,-0.34630015
1990-04-16 00:00:00,0.0058865175
1990-05-16 12:00:00,0.31491232
1990-06-16 00:00:00,0.369769
1990-07-16 12:00:00,0.61823475
1990-08-16 12:00:00,0.74059063
1990-09-16 00:00:00,0.9606003
1990-10-16 12:00:00,0.48624837
1990-11-16 00:00:00,0.14408317
1990-12-16 12:00:00,0.23065645
1991-01-16 12:00:00,0.0060869977
1991-02-15 00:00:00,0.19727153
1991-03-16 12:00:00,0.35380572
1991-04-16 00:00:00,0.5863266
1991-05-16 12:00:00,0.57608837
1991-06-16 00:00:00,0.6567646
1991-07-16 12:00:00,1.038445
1991-08-16 12:00:00,1.2294724
1991-09-16 00:00:00,1.234371
1991-10-16 12:00:00,1.7685027
1991-11-16 00:00:00,-0.09238552
1991-12-16 12:00:00,0.09474916
1992-01-16 12:00:00,-0.27185076
1992-02-15 00:00:00,-0.07215848
1992-03-16 12:00:00,0.06774139
1992-04-16 00:00:00,0.23969883
1992-05-16 12:00:00,0.3940793
1992-06-16 00:00:00,0.37785116
1992-07-16 12:00:00,0.3954335
1992-08-16 12:00:00,0.7678856
1992-09-16 00:00:00,0.74031097
1992-10-16 12:00:00,0.6268968
1992-11-16 00:00:00,0.18249768
1992-12-16 12:00:00,0.3015588
1993-01-16 12:00:00,0.0151598975
1993-02-15 00:00:00,0.24646974
1993-03-16 12:00:00,0.45840365
1993-04-16 00:00:00,0.111443646
1993-05-16 12:00:00,0.2096191
1993-06-16 00:00:00,0.7353479
1993-07-16 12:00:00,0.98314804
1993-08-16 12:00:00,1.9799085
1993-09-16 00:00:00,1.9069159
1993-10-16 12:00:00,1.5690014
1993-11-16 00:00:00,-0.019910552
1993-12-16 12:00:00,-0.4976423
1994-01-16 12:00:00,0.41221708
1994-02-15 00:00:00,-0.24125624
1994-03-16 12:00:00,-0.13048688
1994-04-16 00:00:00,0.112929635
1994-05-16 12:00:00,0.3312275
1994-06-16 00:00:00,0.4177137
1994-07-16 12:00:00,1.4444216
1994-08-16 12:00:00,2.6606598
1994-09-16 00:00:00,2.0975673
1994-10-16 12:00:00,0.42540383
1994-11-16 00:00:00,0.1977961
1994-12-16 12:00:00,-0.6017756
1995-01-16 12:00:00,-0.2624153
1995-02-15 00:00:00,0.10648336
1995-03-16 12:00:00,-0.067803614
1995-04-16 00:00:00,0.4288531
1995-05-16 12:00:00,0.3053543
1995-06-16 00:00:00,0.6800939
1995-07-16 12:00:00,0.7104525
1995-08-16 12:00:00,0.78813046
1995-09-16 00:00:00,0.9871494
1995-10-16 12:00:00,0.73477525
1995-11-16 00:00:00,-0.026063688
1995-12-16 12:00:00,-0.13656995
1996-01-16 12:00:00,0.60559684
1996-02-15 00:00:00,0.28067026
1996-03-16 12:00:00,0.26966065
1996-04-16 00:00:00,0.1457819
1996-05-16 12:00:00,0.0899707
1996-06-16 00:00:00,0.43209386
1996-07-16 12:00:00,1.6221632
1996-08-16 12:00:00,2.2110803
1996-09-16 00:00:00,2.453393
1996-10-16 12:00:00,1.3011327
1996-11-16 00:00:00,-0.03507293
1996-12-16 12:00:00,-0.0565119
1997-01-16 12:00:00,-0.4162116
1997-02-15 00:00:00,0.2118237
1997-03-16 12:00:00,-0.016909637
1997-04-16 00:00:00,0.3410394
1997-05-16 12:00:00,0.43494993
1997-06-16 00:00:00,0.29344058
1997-07-16 12:00:00,0.59384245
1997-08-16 12:00:00,0.69851226
1997-09-16 00:00:00,0.68078136
1997-10-16 12:00:00,0.68557423
1997-11-16 00:00:00,-0.15331148
1997-12-16 12:00:00,-0.10644127
1998-01-16 12:00:00,-0.5168642
1998-02-15 00:00:00,0.17886898
1998-03-16 12:00:00,0.3731565
1998-04-16 00:00:00,-0.037041046
1998-05-16 12:00:00,0.44796032
1998-06-16 00:00:00,0.4590227
1998-07-16 12:00:00,0.6225944
1998-08-16 12:00:00,1.9318447
1998-09-16 00:00:00,1.732138
1998-10-16 12:00:00,1.3692355
1998-11-16 00:00:00,0.5999077
1998-12-16 12:00:00,0.025241114
1999-01-16 12:00:00,0.5433063
1999-02-15 00:00:00,0.19688171
1999-03-16 12:00:00,-0.18170553
1999-04-16 00:00:00,0.22418007
1999-05-16 12:00:00,0.7259418
1999-06-16 00:00:00,0.5182142
1999-07-16 12:00:00,1.2342563
1999-08-16 12:00:00,2.1283982
1999-09-16 00:00:00,2.5165703
1999-10-16 12:00:00,1.3927717
1999-11-16 00:00:00,0.5524147
1999-12-16 12:00:00,0.26389813
2000-01-16 12:00:00,0.29607075
2000-02-15 00:00:00,0.04627455
2000-03-16 12:00:00,0.33653256
2000-04-16 00:00:00,0.28675562
2000-05-16 12:00:00,0.5838735
2000-06-16 00:00:00,1.0961366
2000-07-16 12:00:00,1.5173833
2000-08-16 12:00:00,1.7620196
2000-09-16 00:00:00,1.9494736
2000-10-16 12:00:00,1.212321
2000-11-16 00:00:00,0.55165523
2000-12-16 12:00:00,-0.18243355
2001-01-16 12:00:00,0.16392118
2001-02-15 00:00:00,0.16020137
2001-03-16 12:00:00,0.11137948
2001-04-16 00:00:00,-0.21219645
2001-05-16 12:00:00,-0.0070550963
2001-06-16 00:00:00,0.6218025
2001-07-16 12:00:00,0.70170236
2001-08-16 12:00:00,0.8880716
2001-09-16 00:00:00,1.8392043
2001-10-16 12:00:00,0.72015864
2001-11-16 00:00:00,0.45167607
2001-12-16 12:00:00,-0.04558877
2002-01-16 12:00:00,0.50928974
2002-02-15 00:00:00,0.43960047
2002-03-16 12:00:00,0.36761612
2002-04-16 00:00:00,0.5619999
2002-05-16 12:00:00,0.331278
2002-06-16 00:00:00,0.87327236
2002-07-16 12:00:00,2.3705423
2002-08-16 12:00:00,2.7283638
2002-09-16 00:00:00,2.6913834
2002-10-16 12:00:00,2.73824
2002-11-16 00:00:00,1.1441188
2002-12-16 12:00:00,-0.11080439
2003-01-16 12:00:00,-0.39644164
2003-02-15 00:00:00,0.28491557
2003-03-16 12:00:00,0.20554793
2003-04-16 00:00:00,0.54275113
2003-05-16 12:00:00,0.19522399
2003-06-16 00:00:00,0.36984262
2003-07-16 12:00:00,0.76526517
2003-08-16 12:00:00,0.6793811
2003-09-16 00:00:00,0.19170636
2003-10-16 12:00:00,0.5088571
2003-11-16 00:00:00,0.34917367
2003-12-16 12:00:00,-0.03853614
2004-01-16 12:00:00,0.24695176
2004-02-15 00:00:00,-0.016078062
2004-03-16 12:00:00,-0.18624711
2004-04-16 00:00:00,0.28971407
2004-05-16 12:00:00,0.37723273
2004-06-16 00:00:00,0.69668204
2004-07-16 12:00:00,0.99979943
2004-08-16 12:00:00,1.3331751
2004-09-16 00:00:00,1.1139245
2004-10-16 12:00:00,0.98928434
2004-11-16 00:00:00,-0.32888588
2004-12-16 12:00:00,0.17687869
2005-01-16 12:00:00,-0.33884484
2005-02-15 00:00:00,0.36873466
2005-03-16 12:00:00,0.3545518
2005-04-16 00:00:00,0.048022233
2005-05-16 12:00:00,0.029333048
2005-06-16 00:00:00,0.7011756
2005-07-16 12:00:00,1.2232178
2005-08-16 12:00:00,2.6871743
2005-09-16 00:00:00,2.804867
2005-10-16 12:00:00,2.092154
2005-11-16 00:00:00,1.0490872
2005-12-16 12:00:00,0.06048102
2006-01-16 12:00:00,-0.082903035
2006-02-15 00:00:00,-0.23324016
2006-03-16 12:00:00,-0.08516457
2006-04-16 00:00:00,0.15944558
2006-05-16 12:00:00,0.12534538
2006-06-16 00:00:00,0.7320211
2006-07-16 12:00:00,0.86349213
2006-08-16 12:00:00,1.4823221
2006-09-16 00:00:00,2.4220486
2006-10-16 12:00:00,1.1055365
2006-11-16 00:00:00,0.13028255
2006-12-16 12:00:00,-0.83392483
2007-01-16 12:00:00,0.5499889
2007-02-15 00:00:00,-0.05470047
2007-03-16 12:00:00,-0.06838285
2007-04-16 00:00:00,0.4737224
2007-05-16 12:00:00,0.47368222
2007-06-16 00:00:00,0.61671185
2007-07-16 12:00:00,0.24921334
2007-08-16 12:00:00,0.7053999
2007-09-16 00:00:00,0.5832572
2007-10-16 12:00:00,0.3887103
2007-11-16 00:00:00,0.18138611
2007-12-16 12:00:00,-0.43245783
2008-01-16 12:00:00,-0.45729947
2008-02-15 00:00:00,0.12348836
2008-03-16 12:00:00,0.23298037
2008-04-16 00:00:00,0.58456504
2008-05-16 12:00:00,0.48714447
2008-06-16 00:00:00,0.6300357
2008-07-16 12:00:00,0.84963
2008-08-16 12:00:00,0.93257004
2008-09-16 00:00:00,2.0561407
2008-10-16 12:00:00,2.005566
2008-11-16 00:00:00,0.5899047
2008-12-16 12:00:00,-0.40560055
2009-01-16 12:00:00,0.12760782
2009-02-15 00:00:00,0.3742228
2009-03-16 12:00:00,0.65474755
2009-04-16 00:00:00,0.56614095
2009-05-16 12:00:00,0.06445817
2009-06-16 00:00:00,0.33223605
2009-07-16 12:00:00,0.7857682
2009-08-16 12:00:00,0.60532963
2009-09-16 00:00:00,0.61539865
2009-10-16 12:00:00,0.5319429
2009-11-16 00:00:00,0.02237887
2009-12-16 12:00:00,-0.024414502
2010-01-16 12:00:00,-0.36698043
2010-02-15 00:00:00,-0.05999025
2010-03-16 12:00:00,0.15226102
2010-04-16 00:00:00,-0.036667503
2010-05-16 12:00:00,-0.14581364
2010-06-16 00:00:00,0.46585226
2010-07-16 12:00:00,0.5811883
2010-08-16 12:00:00,1.8855563
2010-09-16 00:00:00,1.65377
2010-10-16 12:00:00,0.7498876
2010-11-16 00:00:00,0.59318036
2010-12-16 12:00:00,-0.046164922
2011-01-16 12:00:00,-0.012273602
2011-02-15 00:00:00,0.04912498
2011-03-16 12:00:00,0.37442118
2011-04-16 00:00:00,0.12679726
2011-05-16 12:00:00,0.55749506
2011-06-16 00:00:00,0.81861085
2011-07-16 12:00:00,0.8260965
2011-08-16 12:00:00,1.0491326
2011-09-16 00:00:00,1.7169622
2011-10-16 12:00:00,0.77152884
2011-11-16 00:00:00,0.5585781
2011-12-16 12:00:00,0.34052578
2012-01-16 12:00:00,0.047786675
2012-02-15 00:00:00,0.36540782
2012-03-16 12:00:00,0.14481285
2012-04-16 00:00:00,0.40954345
2012-05-16 12:00:00,0.04818546
2012-06-16 00:00:00,0.5134196
2012-07-16 12:00:00,0.7421719
2012-08-16 12:00:00,0.7349208
2012-09-16 00:00:00,0.42467165
2012-10-16 12:00:00,-0.0146925375
2012-11-16 00:00:00,-0.011342861
2012-12-16 12:00:00,0.10409964
2013-01-16 12:00:00,-0.40540946
2013-02-15 00:00:00,-0.44410753
2013-03-16 12:00:00,0.2120629
2013-04-16 00:00:00,0.7215443
2013-05-16 12:00:00,0.3393786
2013-06-16 00:00:00,0.7322476
2013-07-16 12:00:00,1.6610737
2013-08-16 12:00:00,2.6981547
2013-09-16 00:00:00,2.571015
2013-10-16 12:00:00,2.4313836
2013-11-16 00:00:00,0.5916037
2013-12-16 12:00:00,-0.4051442
2014-01-16 12:00:00,-0.09971247
2014-02-15 00:00:00,0.24930307
2014-03-16 12:00:00,0.32335463
2014-04-16 00:00:00,0.46842712
2014-05-16 12:00:00,0.6822456
2014-06-16 00:00:00,0.60218304
2014-07-16 12:00:00,0.67086345
2014-08-16 12:00:00,0.45706254
2014-09-16 00:00:00,0.6823179
2014-10-16 12:00:00,0.33591837
2014-11-16 00:00:00,0.15798703
2014-12-16 12:00:00,-0.13255727
