time,PC1,PC2,PC3
1940-01-16 00:00:00,-0.31238864431714486,0.23142926889210802,-0.27194337968126364
1940-02-15 00:00:00,-0.5704359072825727,0.1946183716449958,-0.46110209447406914
1940-03-16 00:00:00,-0.10748360486669287,0.2470965110530549,-0.1334543649170114
1940-04-15 12:00:00,-0.3308855182645865,-0.3605121354701889,-0.009666349961084047
1940-05-16 00:00:00,0.02101836173209448,-0.16995856462655812,-0.028630061293991597
1940-06-15 12:00:00,-0.020478160984425384,-0.19621333072710212,0.013139542501017181
1940-07-16 00:00:00,0.23673958572377798,-0.050706615080659434,-0.014458526391822612
1940-08-16 00:00:00,0.2301977583158105,-0.06747931866030299,-0.031542828276555135
1940-09-15 12:00:00,-0.19607477673572918,-0.2997328379685261,0.03605820646552456
1940-10-16 00:00:00,0.06788142700847169,-0.015507502431453823,-0.008813774842025588
1940-11-15 12:00:00,0.12656948047373892,-0.050824214395864376,-0.026066390204813644
1940-12-16 00:00:00,-0.38695672102989653,0.159011639800976,-0.5316476593770045
1941-01-16 00:00:00,-0.2158166561401179,0.11210220850447128,-0.4322572669909118
1941-02-14 12:00:00,-0.546043104253402,0.06396869710967612,-0.5143637840486405
1941-03-16 00:00:00,-0.3836636076387736,-0.17171380063308062,-0.31087917069784754
1941-04-15 12:00:00,-0.5576383854654264,-0.2739179737658739,-0.07196236071991971
1941-05-16 00:00:00,-0.26837295964996044,-0.25906644655226585,-0.08381943023364068
1941-06-15 12:00:00,-0.0014134316321917084,-0.16380377536949065,0.05113424344020509
1941-07-16 00:00:00,0.07531875143523906,-0.16140898111224666,0.0024206182661994195
1941-08-16 00:00:00,-0.06281870211279007,-0.21295873740981297,0.06406533807619204
1941-09-15 12:00:00,0.21306772147263317,-0.07695811889070125,-0.03438298900364256
1941-10-16 00:00:00,0.04787648383817364,-0.13185675518130102,0.00223590968521584
1941-11-15 12:00:00,0.213207164143261,0.11145838149228537,-0.054452873964201925
1941-12-16 00:00:00,-0.2467381429575432,0.3903893519401277,-0.163905897278908
1942-01-16 00:00:00,0.06039897875050487,0.31114694474458493,-0.25355270498643756
1942-02-14 12:00:00,-0.058613585428041126,0.16487592166364257,-0.19675555721542265
1942-03-16 00:00:00,0.19351028342534263,0.1067246353567659,-0.03741897276413468
1942-04-15 12:00:00,-0.29051627680327646,-0.07008609540465749,-0.19996418534674287
1942-05-16 00:00:00,-0.2629862489100946,-0.22042822000090123,-0.03668258971359903
1942-06-15 12:00:00,0.11965735465847757,-0.12927288520815217,-0.010786773280737235
1942-07-16 00:00:00,0.2188580333308138,-0.07956070596707077,-0.042516524788424395
1942-08-16 00:00:00,0.27631937181928734,-0.033084239460640985,-0.041991282058076215
1942-09-15 12:00:00,0.22975386752524793,-0.07499587062057855,-0.040565775779014074
1942-10-16 00:00:00,0.07056339653569413,-0.13873560347587888,-0.03214560092634823
1942-11-15 12:00:00,0.07852363398529319,0.539119601696162,0.15829504674764042
1942-12-16 00:00:00,0.295706358933854,0.15358153895723087,0.014758967202102805
1943-01-16 00:00:00,0.10822100251237979,0.7017214935448394,0.1713835182461831
1943-02-14 12:00:00,0.018356562505309926,0.03113219347628904,0.03220908920829654
1943-03-16 00:00:00,-0.2540110367045673,0.10630759827805181,0.17089632976191213
1943-04-15 12:00:00,-0.12513535415624105,-0.1480178148619684,-0.01193416411571285
1943-05-16 00:00:00,0.11282756315661271,-0.14323366766041412,-0.024869568341674916
1943-06-15 12:00:00,0.0592375504280466,-0.14492915483227076,0.018213416836665358
1943-07-16 00:00:00,0.20401909144838884,-0.06695530637052505,-0.004213724066837274
1943-08-16 00:00:00,0.22761304819559894,-0.07708548091349698,-0.0448999137729906
1943-09-15 12:00:00,0.23156445527547873,-0.07194719314256559,-0.03744978799401395
1943-10-16 00:00:00,-0.09235812768523316,-0.20109558546576067,-0.057213851059431345
1943-11-15 12:00:00,0.12656700077160585,-0.09698660990323982,-0.01548351658667944
1943-12-16 00:00:00,0.07533468278172331,0.03256234298839533,-0.15090781405656442
1944-01-16 00:00:00,0.21097539789509792,0.27022435094724834,-0.03669213137435409
1944-02-15 00:00:00,-0.10704641474270087,0.22040889247623613,-0.1418707471113878
1944-03-16 00:00:00,0.0009283071988600844,0.05735146694453985,0.08979923445546449
1944-04-15 12:00:00,-0.22939905544272174,-0.16922032043455737,-0.01211904366036205
1944-05-16 00:00:00,-0.1696129719872246,-0.2785697418676788,-0.03820669164329166
1944-06-15 12:00:00,-0.012276432880332339,-0.19157375262418863,-0.0045277567946495345
1944-07-16 00:00:00,0.2436503562859816,-0.0584844083770778,-0.040253535736657214
1944-08-16 00:00:00,0.23043083054138472,-0.07601238452762671,-0.04491353377703568
1944-09-15 12:00:00,0.16586570388343627,-0.11432446129042062,-0.03273131499628565
1944-10-16 00:00:00,0.22075300285335028,-0.0049946816564157,-0.13218287290211791
1944-11-15 12:00:00,0.03838013325215392,0.23764146283374177,-0.13043940158107456
1944-12-16 00:00:00,0.07359854534916471,0.11798730620862752,-0.11243168498371517
1945-01-16 00:00:00,0.18434981444269558,-0.05210179611828114,-0.06952262076016681
1945-02-14 12:00:00,-0.14535156705459007,0.28389055997734636,0.2709270085704508
1945-03-16 00:00:00,-0.33527464366441767,0.06670280804082318,-0.011128775524840474
1945-04-15 12:00:00,-0.03696700972431763,-0.1559510268299702,0.06028872387404184
1945-05-16 00:00:00,-0.38366751017173284,-0.3435809653056736,0.05832419831665933
1945-06-15 12:00:00,-0.011138238735373923,-0.20055564759517275,0.019897902340990953
1945-07-16 00:00:00,0.22206726246447397,-0.07676546178395105,-0.03566428673984473
1945-08-16 00:00:00,0.16038554689416953,-0.11635934319266761,-0.027833776590664504
1945-09-15 12:00:00,0.18031465989011616,-0.10357138356359996,-0.0320057186118472
1945-10-16 00:00:00,-0.04167517190309544,0.06518547507600203,0.020559073174180473
1945-11-15 12:00:00,0.1081018777112159,0.18079383243194685,-0.04474859213976565
1945-12-16 00:00:00,0.017398554463299465,0.44484162919506265,-0.0710098229166443
1946-01-16 00:00:00,0.12386224300726154,0.04130077129538168,-0.004980535835967512
1946-02-14 12:00:00,0.11906592039425631,0.015859938831606635,-0.10140369843866992
1946-03-16 00:00:00,-0.25678409344062836,0.07749069267376496,0.18827916554200302
1946-04-15 12:00:00,-0.0685361860214413,-0.2407190308491748,-0.007068680608591806
1946-05-16 00:00:00,0.01896754291667757,-0.16459181299246262,-0.019118282788230172
1946-06-15 12:00:00,0.21716452846369075,-0.08426552190041037,-0.04468610311126142
1946-07-16 00:00:00,0.09634931736509653,-0.15243723652159935,-0.016910419200290402
1946-08-16 00:00:00,0.21242278025513253,-0.08470141478532234,-0.04320250244045483
1946-09-15 12:00:00,0.2185450751517576,-0.0795311562205675,-0.04068007202531196
1946-10-16 00:00:00,0.027809913925030183,-0.09414705024399372,0.08009793843777946
1946-11-15 12:00:00,0.13224027522291756,0.46099183486928286,0.09810482693191482
1946-12-16 00:00:00,0.07561606443585528,0.11183158125792492,-0.01411211435358221
1947-01-16 00:00:00,0.2273412769323038,0.05033887926121938,-0.031291241047023924
1947-02-14 12:00:00,0.11731638235031358,0.13342307254323055,-0.11191510599778093
1947-03-16 00:00:00,-0.1842199676936206,0.08620230166238974,0.07211123679702354
1947-04-15 12:00:00,-0.3162415171767269,-0.33155951390368577,0.015377660012185731
1947-05-16 00:00:00,-0.1984245243945964,-0.29374026112183493,-0.013969353524803042
1947-06-15 12:00:00,-0.17751640525365603,-0.24737468551582897,-0.02034884473674183
1947-07-16 00:00:00,0.2306803798634869,-0.07346269416728224,-0.04409053526257445
1947-08-16 00:00:00,0.24783881063036958,-0.0322855846967155,-0.0027361144668340796
1947-09-15 12:00:00,0.16667392188115573,-0.09766458336019523,-0.017516430830369325
1947-10-16 00:00:00,0.12298613112991316,0.1763168626641376,0.014519033692700547
1947-11-15 12:00:00,0.10758395804491341,-0.02890943735092022,0.03524837852025819
1947-12-16 00:00:00,0.10196630091659298,-0.0045498935150318776,-0.07572402839362798
1948-01-16 00:00:00,0.3256847602145886,0.26063670078766643,0.0024296525183173413
1948-02-15 00:00:00,0.05124983353714463,0.04685009870803314,0.03810604436195974
1948-03-16 00:00:00,-0.4373206202796637,0.03433768722471786,-0.12305711973313835
1948-04-15 12:00:00,-0.5377580776389329,0.09113784201929198,-0.04162647858358855
1948-05-16 00:00:00,-0.49870416845100274,-0.3569070996775303,0.03693690541613938
1948-06-15 12:00:00,-0.1427571632170759,-0.28576813686991387,-0.009038984285509883
1948-07-16 00:00:00,0.21151557936836043,-0.08815122431718192,-0.05014080543171508
1948-08-16 00:00:00,0.2315304583731773,-0.07330360552945792,-0.047602428696817245
1948-09-15 12:00:00,0.1270159226512871,-0.13989590959477494,-0.04969470969838108
1948-10-16 00:00:00,0.047904886500116206,-0.13991598096898916,-0.03532461463567299
1948-11-15 12:00:00,0.24806936814785865,0.12225968964254019,0.03406429288517283
1948-12-16 00:00:00,-0.1024205953874242,0.21655265298219423,-0.14474634325543156
1949-01-16 00:00:00,0.13994411501921292,0.1601409952680089,0.12432529360543458
1949-02-14 12:00:00,-0.08258852703233363,0.11779619928994223,0.03942014015549525
1949-03-16 00:00:00,-0.6571546573092106,-0.0324592743632971,-0.2082721329847181
1949-04-15 12:00:00,-0.015770762578646513,-0.1532775014591563,0.03297806371476318
1949-05-16 00:00:00,-0.4671130913177296,-0.32739878615616,0.16439631681997252
1949-06-15 12:00:00,0.18645842291313366,-0.10026625856078997,-0.033622452425722274
1949-07-16 00:00:00,0.2507820206114775,-0.05542632379091206,-0.03930285425303352
1949-08-16 00:00:00,0.21192518982635414,-0.07534715307849071,-0.028539196718889468
1949-09-15 12:00:00,0.1995573143313434,-0.08076810612191421,-0.023413241962845308
1949-10-16 00:00:00,0.1972848271772005,-0.06179489371890967,0.006568714525069703
1949-11-15 12:00:00,0.0425041091329188,0.0753129162950722,0.08827740534246403
1949-12-16 00:00:00,0.09064196409066172,0.11341214588833115,-0.009157374103717236
1950-01-16 00:00:00,-0.040602812256185755,0.5400342367712907,0.11161767655029173
1950-02-14 12:00:00,0.21428800548241297,0.2732012753078868,0.02954120883593185
1950-03-16 00:00:00,-0.02734193285797107,0.12846681129415505,0.15954046573149838
1950-04-15 12:00:00,-0.05361316606274619,0.0008322088369880909,0.14683873792884108
1950-05-16 00:00:00,-0.07260805616412543,-0.1435579300517903,0.0674588219680801
1950-06-15 12:00:00,-0.09968613047221087,-0.2629113123745017,0.015206121788366115
1950-07-16 00:00:00,0.22998796692827292,-0.06640442361021426,-0.03709816495713621
1950-08-16 00:00:00,0.20645939728681792,-0.08415738001490303,-0.03655496909547712
1950-09-15 12:00:00,-0.07280168168528206,-0.21840929681783583,0.03685252698509138
1950-10-16 00:00:00,0.08970858753858685,0.2656337522495602,0.0421868535662428
1950-11-15 12:00:00,0.005607572048953013,0.5084390976561978,0.24266517469268328
1950-12-16 00:00:00,0.07379382894770048,0.4059008259688236,0.09317600225674594
1951-01-16 00:00:00,-0.019008905199252246,0.41037609196868896,0.1794566880745315
1951-02-14 12:00:00,-0.046868223702792255,0.07709637054780316,0.0069813909946201715
1951-03-16 00:00:00,0.14089598477623363,0.11826830666138122,0.10208564957442905
1951-04-15 12:00:00,-0.5178530395790552,-0.34374093547214635,0.12377165000985425
1951-05-16 00:00:00,-0.11635765312535917,-0.17073412902712815,-0.012286399865882567
1951-06-15 12:00:00,0.13883668551093806,-0.12016217069167412,-0.021978093402192613
1951-07-16 00:00:00,0.21179372432552737,-0.082167396205032,-0.04077588114320385
1951-08-16 00:00:00,0.19589550124619284,-0.07034206076535043,0.001755758597599976
1951-09-15 12:00:00,0.19731241526751195,-0.09399937072921516,-0.058920776720016096
1951-10-16 00:00:00,-0.04736750154203184,-0.024538738315607822,0.13169618154597862
1951-11-15 12:00:00,0.0014427939361948416,0.21924916332311228,0.1258074082393902
1951-12-16 00:00:00,-0.4023236918528814,0.2851546787188241,0.1421385591700258
1952-01-16 00:00:00,-0.2626251651954384,0.4874106320038958,0.17268824491219167
1952-02-15 00:00:00,-0.1792780845173795,0.0711435907539485,0.12529144708603956
1952-03-16 00:00:00,-0.5694575579576897,0.07584120443973086,0.10129193116189451
1952-04-15 12:00:00,-0.21065909594695756,-0.09608236420438854,0.05582679949026357
1952-05-16 00:00:00,0.19276815659086913,-0.00023378441606480838,0.007112673559797389
1952-06-15 12:00:00,-0.12796184301224903,-0.22177464544483483,-0.04444161458743208
1952-07-16 00:00:00,0.045582452744398205,-0.14752184010117342,0.0409051441396929
1952-08-16 00:00:00,0.1995735211056204,-0.09677722435585367,-0.04535354973966588
1952-09-15 12:00:00,-0.052131778089085895,-0.22055181344533303,0.040951257595047544
1952-10-16 00:00:00,0.2344673536113047,-0.0695517018464773,-0.04449352551164078
1952-11-15 12:00:00,0.04232080932409105,0.05193869214463598,-0.10774195889564592
1952-12-16 00:00:00,-0.31562845290960073,0.49118952636417496,-0.09327984668904785
1953-01-16 00:00:00,-0.11057243546242784,0.27902859168738975,0.11799134287460243
1953-02-14 12:00:00,0.12665592927404332,-0.07284883154572364,0.04984638880904394
1953-03-16 00:00:00,-0.07730402917877004,0.03345333290050778,0.036640469066100904
1953-04-15 12:00:00,-0.1172783432808803,-0.005661668903691797,0.07048210866453007
1953-05-16 00:00:00,-0.5552653543229104,-0.3873791599682612,0.07699487783826257
1953-06-15 12:00:00,-0.1500974003308073,-0.259115463750456,-0.011593145002842486
1953-07-16 00:00:00,0.2293746977287461,-0.06532826490616439,-0.033758478093071045
1953-08-16 00:00:00,0.12344708983408123,-0.126917102702802,-0.032095984917721324
1953-09-15 12:00:00,0.24010058966603706,-0.05311619982871685,-0.036175494318987395
1953-10-16 00:00:00,-0.07599369467602264,-0.15302713898287268,0.09012149967117945
1953-11-15 12:00:00,0.0536987266212928,0.08946445452446805,0.04182259019472314
1953-12-16 00:00:00,0.08169255617609547,-0.0554264045663434,0.06691390552079997
1954-01-16 00:00:00,-0.32424436734959605,0.12022423889359346,0.17474156554328016
1954-02-14 12:00:00,-0.03466011250890777,0.11604532494878061,0.1472568916633304
1954-03-16 00:00:00,-0.47444010273092074,0.04416951685223247,0.2854413712371119
1954-04-15 12:00:00,-0.01377740138903022,-0.11496849109018237,-0.0626410143517206
1954-05-16 00:00:00,0.07391180530077898,-0.16133994314547195,-0.07768061519957496
1954-06-15 12:00:00,-0.033731756147139,-0.2075776474405635,-0.07457026067917548
1954-07-16 00:00:00,0.25838357050942606,-0.03947866240570064,-0.03147626733355627
1954-08-16 00:00:00,0.21891961506047128,-0.0836719987960991,-0.05376618777867227
1954-09-15 12:00:00,0.233679645189227,-0.07091419272165322,-0.04215169675706672
1954-10-16 00:00:00,0.19499883852581532,-0.08988071188655844,-0.03490189165715184
1954-11-15 12:00:00,0.1981904006232885,0.18891897904807525,-0.07685356033980607
1954-12-16 00:00:00,0.1646251819532191,0.4290206711726787,0.2034286066079208
1955-01-16 00:00:00,-0.10381844130140525,0.10900720438194189,0.05040522347911095
1955-02-14 12:00:00,0.00393866978155194,0.03356367147023509,0.10357221502320732
1955-03-16 00:00:00,0.06028683532688328,-0.10208385396869757,0.05802579972807194
1955-04-15 12:00:00,-0.22343810998161917,0.011390734108331024,0.07412631385294706
1955-05-16 00:00:00,-0.11293755148026059,-0.1266678212496687,0.06713918239172402
1955-06-15 12:00:00,-0.017669979445363665,-0.2248173295008754,0.0007246289029783047
1955-07-16 00:00:00,0.11816108522125504,-0.14582919860134502,-0.03237783581215328
1955-08-16 00:00:00,0.2258042710165046,-0.07572022562904979,-0.041368832206561346
1955-09-15 12:00:00,0.09163093684532134,-0.11925444511365346,0.015310922766993971
1955-10-16 00:00:00,0.1570733866824839,-0.07862172275228352,0.002787161147571531
1955-11-15 12:00:00,0.13069824276119293,0.16216372845057442,0.09469713693288383
1955-12-16 00:00:00,-0.25108900247915655,0.6771013593970293,0.3147063374069252
1956-01-16 00:00:00,0.015816172228671377,0.488192398996138,0.153638876285847
1956-02-15 00:00:00,-0.1299770268291355,0.06232400735410715,0.1046517978743867
1956-03-16 00:00:00,0.041049821027829864,-0.12646141813157896,0.022897336477630068
1956-04-15 12:00:00,-0.145739207037963,-0.013086845201190522,0.11361426731138913
1956-05-16 00:00:00,-0.38313918079940057,-0.32893222082293394,0.049724988262879126
1956-06-15 12:00:00,0.17849203376199377,-0.1139536003903241,-0.048596389563382
1956-07-16 00:00:00,0.15393041483834505,-0.10501254899385348,-0.011699308571708197
1956-08-16 00:00:00,0.2586498853203242,-0.047896534536905344,-0.0393197323788205
1956-09-15 12:00:00,0.15679279828038992,-0.10531683847941975,-0.01057994058226908
1956-10-16 00:00:00,0.06619349341143771,0.11038818629201297,0.20134703266492746
1956-11-15 12:00:00,0.21427275045295693,-0.07502119467432511,-0.035680076936011024
1956-12-16 00:00:00,0.12084024987971012,-0.03306747514100761,0.054645679082364895
1957-01-16 00:00:00,-0.046459065178344014,0.20218755252968468,0.1311602119640716
1957-02-14 12:00:00,0.06796094756047155,0.2683161831294828,0.18607651445827297
1957-03-16 00:00:00,-0.12883472903536436,0.06661327628770719,0.09957153067471121
1957-04-15 12:00:00,-0.07440993579565762,-0.02358162836450295,0.07599202810245866
1957-05-16 00:00:00,-0.7056582286461085,-0.30610653837523927,0.12592220113296398
1957-06-15 12:00:00,0.1383856304698963,-0.12632613706417206,-0.03082958823873096
1957-07-16 00:00:00,0.2012601252681183,-0.08688119144757234,-0.031239338245368464
1957-08-16 00:00:00,0.19744543962220687,-0.09412323535555023,-0.031482305811718375
1957-09-15 12:00:00,-0.08758345122355851,-0.1793556648243544,0.02883039599843615
1957-10-16 00:00:00,-0.3353820522359904,-0.16886101686703792,-0.08038366366122104
1957-11-15 12:00:00,0.06497343314681006,0.03444981929135249,0.12789729753626294
1957-12-16 00:00:00,0.12232854351607395,0.3261462964813379,0.17235860941748288
1958-01-16 00:00:00,-0.0717611130338547,0.13790171637079307,0.08768955019622045
1958-02-14 12:00:00,-0.7035577106465079,0.10367798854366761,-0.33886235227316935
1958-03-16 00:00:00,-0.626723174668207,0.1136971925177711,0.017228093600036486
1958-04-15 12:00:00,-0.276879370165518,0.12811542574122992,-0.03562585721991916
1958-05-16 00:00:00,-0.19221165892687217,-0.2372992311119858,-0.043425398513634375
1958-06-15 12:00:00,-0.2184823099894235,-0.33128984483828183,0.0003293304479026586
1958-07-16 00:00:00,0.0976278413766081,-0.11882802674622439,0.038833295779442716
1958-08-16 00:00:00,0.027941717941859984,-0.19708442863947584,0.00614621557826496
1958-09-15 12:00:00,0.23305291568722705,-0.012773934636009843,0.005945344556768813
1958-10-16 00:00:00,0.21311961841759727,-0.08367403236274695,-0.03800316730068784
1958-11-15 12:00:00,0.016908424529559984,-0.09840002057442321,0.08500553432502592
1958-12-16 00:00:00,0.23499274685140772,0.04750822207011618,-0.05749883515839588
1959-01-16 00:00:00,-0.0420024534538445,0.16725298924016763,-0.3317672026207644
1959-02-14 12:00:00,-0.4661943602673271,0.16817196039466809,0.004249043230129108
1959-03-16 00:00:00,0.0915788533796669,-0.029101399879144396,0.012890008787223031
1959-04-15 12:00:00,0.03305027828485166,-0.130946358958423,0.010495173340840137
1959-05-16 00:00:00,-0.20302750583529047,-0.24365504838771457,0.12728935060145619
1959-06-15 12:00:00,0.1403701042868248,-0.12112202751746382,-0.017210778791456032
1959-07-16 00:00:00,0.17001455867651308,-0.10780357459173429,-0.022478619517761016
1959-08-16 00:00:00,-0.04366314762772479,-0.23409182989686728,-0.0016114397739294094
1959-09-15 12:00:00,0.17635732752671027,0.05885757880896558,0.042699309659864224
1959-10-16 00:00:00,0.2222499395228654,-0.07765094990928056,-0.04124658174172688
1959-11-15 12:00:00,0.22765831055785726,-0.0774725340880299,-0.04346543997955736
1959-12-16 00:00:00,0.17046166425832612,0.0739906522236583,-0.023741633598282266
1960-01-16 00:00:00,-0.01735867859935239,0.31716778054845246,-0.049953000354573146
1960-02-15 00:00:00,-0.30840376728088825,0.2009827692711425,0.04726547688915776
1960-03-16 00:00:00,-0.0008557327926639879,0.12682270965161013,0.11892031170253158
1960-04-15 12:00:00,0.035616142356839436,0.011518544740608871,0.0015791545542890272
1960-05-16 00:00:00,0.003961605788068034,-0.15329207721562288,-0.022411579016558412
1960-06-15 12:00:00,0.2128349307237183,-0.07905813927205285,-0.03457237118212639
1960-07-16 00:00:00,-0.02122708282286663,-0.18372816341740816,0.053529305773066624
1960-08-16 00:00:00,0.2368315937803477,-0.06813090732440519,-0.04186991542252044
1960-09-15 12:00:00,0.20807137460411387,-0.07288831959251618,-0.014002031674590795
1960-10-16 00:00:00,0.06300385664414479,-0.11980009327818009,0.035786015038481125
1960-11-15 12:00:00,-0.09783529428406271,0.24231964064504935,0.06006041274894723
1960-12-16 00:00:00,0.25068186940016224,0.14559751161010548,-0.08065535667342297
1961-01-16 00:00:00,0.2331497741449625,0.1376767366573859,-0.14830977645494406
1961-02-14 12:00:00,0.021532151486908763,-0.011729533860606045,-0.1000588441209935
1961-03-16 00:00:00,-0.14454994812450772,0.08924000785727282,0.030087218944392875
1961-04-15 12:00:00,-0.1494568249457681,-0.19274597992786946,0.03466463998143548
1961-05-16 00:00:00,-0.3011321555488098,-0.24224498818570606,0.043837009866782434
1961-06-15 12:00:00,-0.08097744809363211,-0.25847695949987026,0.014311611322240013
1961-07-16 00:00:00,0.0922843271656891,-0.14039528257980105,0.00651423878967031
1961-08-16 00:00:00,-0.3054948309804215,-0.3138668329104114,0.1436317287985635
1961-09-15 12:00:00,0.03299856680341842,-0.1443148158544898,0.017177072160375183
1961-10-16 00:00:00,0.19670617857482495,-0.020141564983508387,0.048736366296506045
1961-11-15 12:00:00,0.27428740746763136,0.38570793058766834,-0.05235241166814886
1961-12-16 00:00:00,0.2652707595856445,0.27999257213316786,-0.007681509284273382
1962-01-16 00:00:00,0.16709377793942917,0.17073146340706646,0.10559502152778429
1962-02-14 12:00:00,-0.5281307834133836,0.36921623183983315,0.16216242043743234
1962-03-16 00:00:00,-0.3803140783805472,-0.10290854559176998,0.10167239021517781
1962-04-15 12:00:00,0.16247684007677635,-0.05940152900355711,0.006327372856668508
1962-05-16 00:00:00,-0.2687371278314531,-0.26506952257998995,0.1516520514798949
1962-06-15 12:00:00,0.08979374248048133,-0.1229744221977096,0.02785808760265059
1962-07-16 00:00:00,0.08371464261778541,-0.1367578445698765,0.025980424441562264
1962-08-16 00:00:00,0.16389258310753949,-0.11560837445922234,-0.04307099565360374
1962-09-15 12:00:00,0.22051698621398405,-0.06278090716561258,-0.03166563047343807
1962-10-16 00:00:00,0.4196334083821328,0.6303237883731607,0.0724142380509714
1962-11-15 12:00:00,0.06944834407668746,-0.08775951192667364,0.041988370281672946
1962-12-16 00:00:00,0.05705670999851656,0.04128507736020426,-0.15916251520100408
1963-01-16 00:00:00,0.09393383650261589,0.5354999174793608,0.19718711929411142
1963-02-14 12:00:00,-0.05505702787158814,0.06539896068808226,-0.05638148043214056
1963-03-16 00:00:00,-0.18675647869104672,0.19113191305581273,0.08499188011073794
1963-04-15 12:00:00,-0.5804075152752252,-0.04402574800163239,0.13553948229227508
1963-05-16 00:00:00,-0.4986102506274095,-0.3747994114143851,0.13670276569752027
1963-06-15 12:00:00,-0.17549367217686632,-0.22538316958444948,0.1479677616592725
1963-07-16 00:00:00,0.22906469784740383,-0.07517680818873718,-0.042546762726590706
1963-08-16 00:00:00,0.10369194709323218,-0.14759563471062376,-0.011768072242717764
1963-09-15 12:00:00,0.13797758182924422,-0.09317557087700257,0.013144272655255333
1963-10-16 00:00:00,-0.03945306031246665,-0.10144335947342153,-0.07594292223006106
1963-11-15 12:00:00,-0.033246144794059324,0.2986270755181587,0.03811925577852365
1963-12-16 00:00:00,0.1343196301718825,-0.08721256338668182,0.012466507197901478
1964-01-16 00:00:00,0.024260431845811503,0.25813797547107437,0.14598564362071742
1964-02-15 00:00:00,0.13334137503735075,-0.09574497056260456,0.0010896291293177249
1964-03-16 00:00:00,-0.14089630064164127,0.007890231617039167,0.03645569777875798
1964-04-15 12:00:00,-0.1758070215500042,-0.2290298273407647,0.11549950602768962
1964-05-16 00:00:00,-0.24081070825948023,-0.22910546492396133,0.12488910530399575
1964-06-15 12:00:00,-0.049291378668738145,-0.17305852062058702,0.024922985216882434
1964-07-16 00:00:00,0.20125268198824361,-0.08808148196812615,-0.03411586638417562
1964-08-16 00:00:00,0.179279306859956,-0.08926950298585701,-0.0205289194739063
1964-09-15 12:00:00,0.205336238671432,-0.08375186273623292,-0.036381914998778506
1964-10-16 00:00:00,0.18900309026841047,0.04353679828360435,-0.045689747313600135
1964-11-15 12:00:00,-0.0674417657695115,0.20035610446466617,0.02321392006023892
1964-12-16 00:00:00,-0.30999867770247647,0.6211841289629869,0.31335210802823044
1965-01-16 00:00:00,0.18708564757634913,0.5526736078082741,0.24844021035334216
1965-02-14 12:00:00,0.22326251921328574,0.04823826037801526,0.006310753886419589
1965-03-16 00:00:00,-0.30591798645536306,-0.19316018441996108,-0.027896810084784094
1965-04-15 12:00:00,-0.44034656937829486,-0.08406772878848467,0.03746611197523243
1965-05-16 00:00:00,-0.12306237321535014,-0.2579014558460416,0.05158818781558553
1965-06-15 12:00:00,-0.20150198550640716,-0.27332955357133615,0.11951106470830655
1965-07-16 00:00:00,0.029154798822339012,-0.16909852075531373,0.032682061202183865
1965-08-16 00:00:00,-0.04427742206458547,-0.16381610012037684,0.07684440983217772
1965-09-15 12:00:00,0.10466449862323104,-0.11732070326404342,0.029652450610756772
1965-10-16 00:00:00,0.2022887200999108,-0.07986809912037995,-0.03557481309311469
1965-11-15 12:00:00,-0.32580619491150953,0.36131499276773543,0.059025386757789775
1965-12-16 00:00:00,-0.19018102868911738,0.18294569737492017,0.20279244540028998
1966-01-16 00:00:00,0.1296365030965926,0.07223519587356153,-0.1587060071293159
1966-02-14 12:00:00,0.006568516147905157,0.05862515342850316,-0.02234691057725333
1966-03-16 00:00:00,0.07202699327981613,-0.07786735171931247,-0.03010625623464935
1966-04-15 12:00:00,0.04706774392729704,-0.12265808749967877,0.003766339595587597
1966-05-16 00:00:00,0.05433309162112526,-0.13088785288504734,0.024051598986933244
1966-06-15 12:00:00,0.13550433015166582,-0.12196184535927856,-0.02489012823412937
1966-07-16 00:00:00,0.2068508050435223,-0.07510975418328503,-0.032310159426583676
1966-08-16 00:00:00,0.178147667040671,-0.10358199146681346,-0.031069341350339955
1966-09-15 12:00:00,0.08426548418628052,-0.14844298500397346,-0.012361772567874432
1966-10-16 00:00:00,0.2250266229005298,-0.07639733781549596,-0.03946278004368989
1966-11-15 12:00:00,0.07253241039950073,0.3694422512962128,0.02343519000728185
1966-12-16 00:00:00,-0.25360875652314163,0.18223343951651277,0.13687456841494275
1967-01-16 00:00:00,0.13400302173111742,0.6873289615791685,0.11086028570620794
1967-02-14 12:00:00,0.16775254864263509,-0.05558316359818383,0.02057284364681191
1967-03-16 00:00:00,-0.26163938243328694,0.2965903193411933,0.24242943665811975
1967-04-15 12:00:00,-0.7309455893128397,-0.12063757440754652,0.08660235502834317
1967-05-16 00:00:00,-0.24736938962047994,-0.3022550632329357,0.07465514678842221
1967-06-15 12:00:00,-0.33889271624181194,-0.3703060450926462,0.0014438469287686335
1967-07-16 00:00:00,0.0769502923116889,-0.1780013548126349,-0.02612602171427358
1967-08-16 00:00:00,0.28898615787683124,-0.0028732959890219734,0.0009560205992927354
1967-09-15 12:00:00,0.07599078905035903,-0.14220307085847783,0.008058706362450471
1967-10-16 00:00:00,0.21081192220157222,-0.01758054380509022,-0.008254646310019442
1967-11-15 12:00:00,0.1697054039486496,0.16865172913482168,0.010784107075264547
1967-12-16 00:00:00,0.03358892688869547,0.16751652808095735,0.10484124788596083
1968-01-16 00:00:00,-0.03757114436861113,0.2739797247285501,-0.02385931777074873
1968-02-15 00:00:00,0.11680725105872483,0.1669249623515091,0.06006595289400529
1968-03-16 00:00:00,-0.11056196131031178,0.0008306219391005509,-0.06743527773877261
1968-04-15 12:00:00,0.04400103812420847,-0.12098238941481165,-0.0007062572611585272
1968-05-16 00:00:00,0.06053560530340732,-0.08679103061909144,0.043544155571464974
1968-06-15 12:00:00,0.0610111886543139,-0.15843335877240516,0.00905701791535337
1968-07-16 00:00:00,0.18512998578936843,-0.0844589860893532,-0.018971265504412454
1968-08-16 00:00:00,-0.12013050397397493,-0.2995543477000375,-0.05050611182540793
1968-09-15 12:00:00,0.2724003367164458,-0.028775559912997295,-0.017085412171000038
1968-10-16 00:00:00,0.3279915240175937,0.16472067375000893,0.006399795748823368
1968-11-15 12:00:00,0.08453653795568367,0.1186578956066705,0.027705283807992254
1968-12-16 00:00:00,0.011421596508016413,0.36965483402261873,0.017260271541663777
1969-01-16 00:00:00,-0.6089995264487418,0.4874814686713615,0.12518479022191825
1969-02-14 12:00:00,-0.7492726954036087,0.12650166055594436,-0.025324264029869422
1969-03-16 00:00:00,0.023531480631234447,-0.043040718162133285,-0.001468129598062206
1969-04-15 12:00:00,0.04091495220789029,0.08455135271346614,0.03869989049129885
1969-05-16 00:00:00,0.068768980802836,-0.1619022070066236,-0.010950265036194184
1969-06-15 12:00:00,-0.40475197116578887,-0.3450215867565035,0.19626925584306598
1969-07-16 00:00:00,0.18761151518868238,-0.08853655102351699,-0.02192494190084088
1969-08-16 00:00:00,0.24841204081168863,-0.06005994092022737,-0.04054595376554608
1969-09-15 12:00:00,0.20969122055437076,-0.08308031809215866,-0.03710848803054506
1969-10-16 00:00:00,0.0022322931383788325,-0.07549021040278037,0.03122898515257877
1969-11-15 12:00:00,0.17337596622559379,0.06250650660603307,-0.028174913773971643
1969-12-16 00:00:00,0.21094007900303632,0.41989254315168156,0.02406873156687068
1970-01-16 00:00:00,-0.04338357204707895,0.6190318386550793,-0.10418394944669163
1970-02-14 12:00:00,0.12496801097908841,0.10592702302325152,-0.024058528752210023
1970-03-16 00:00:00,0.04193208231471751,0.02034577157740647,0.01181724015947822
1970-04-15 12:00:00,-0.15861744618906487,-0.22393099937280203,0.07395052365709592
1970-05-16 00:00:00,0.15812939575232418,-0.11100485145432593,-0.03034847377988185
1970-06-15 12:00:00,-0.024290694619620412,-0.12627942159029792,0.12435780607017659
1970-07-16 00:00:00,0.17384510731276834,-0.10255714868896115,-0.023735657953845798
1970-08-16 00:00:00,0.2041420461501319,-0.09137738737476597,-0.04192080545825645
1970-09-15 12:00:00,0.21384746851142108,-0.0805063216977927,-0.032289128024153915
1970-10-16 00:00:00,0.20284914159646825,0.006189579039347914,-0.008756671334795869
1970-11-15 12:00:00,0.004057051623629848,0.535769745625029,0.02870390939815944
1970-12-16 00:00:00,-0.04781077712996952,0.47699446120532407,0.19733805802427812
1971-01-16 00:00:00,-0.06039090290724289,0.002005998560935529,0.16675758491575546
1971-02-14 12:00:00,0.10969967744782569,0.0005543879627375459,0.0834036636428999
1971-03-16 00:00:00,0.09103582532648483,0.259731858248356,0.17450244952297847
1971-04-15 12:00:00,-0.13060910429885503,-0.18068627229270862,0.06563827081009953
1971-05-16 00:00:00,-0.4176686929581688,-0.25565020245521364,0.2335871551081038
1971-06-15 12:00:00,0.039550129423636365,-0.16385967598161666,0.006168327327145194
1971-07-16 00:00:00,0.1581732962454944,-0.10991195116475638,-0.019812804994097145
1971-08-16 00:00:00,0.20268092932625462,-0.08409830026026033,-0.02976981465009509
1971-09-15 12:00:00,0.15333490948161446,-0.08891084821916617,-0.006044927514949238
1971-10-16 00:00:00,0.0367109303971786,-0.13418812356802035,0.03967106918800585
1971-11-15 12:00:00,0.14900870466318392,0.1737804412338495,0.10540882460757711
1971-12-16 00:00:00,-0.09107292711690072,0.4253872371213925,0.13548351043475615
1972-01-16 00:00:00,0.18959159495230285,0.09987032379754424,0.059280081757864436
1972-02-15 00:00:00,0.13604556751578598,0.06461789508403071,0.07258026314269143
1972-03-16 00:00:00,0.15303538562097432,-0.07964797891047881,-0.07080572878881844
1972-04-15 12:00:00,0.17097542575064859,0.07481520361267624,0.047125013007406624
1972-05-16 00:00:00,0.11324080532260708,-0.10581097595489775,0.015023116227459388
1972-06-15 12:00:00,-0.14811309584768653,-0.26895484274784864,0.0533657904089024
1972-07-16 00:00:00,0.21719645003744606,-0.07095108952881368,-0.02234295808392234
1972-08-16 00:00:00,0.21348319362187793,-0.06910403524199737,-0.009044521992001921
1972-09-15 12:00:00,0.04863961827147112,-0.1339362616648967,0.02024779236268294
1972-10-16 00:00:00,-0.22487446155749446,-0.1529966439223659,-0.07186449644013354
1972-11-15 12:00:00,-0.253854156213985,0.06073288542870414,-0.2769140904527551
1972-12-16 00:00:00,-0.0023319726535479257,0.1698679737157262,0.12350159107544473
1973-01-16 00:00:00,-0.18089780892963597,0.28814641431860205,-0.14784899261632564
1973-02-14 12:00:00,-0.5463635695644009,0.0721087245265557,-0.2950465118963076
1973-03-16 00:00:00,-0.36798388127947645,-0.05482142328901052,0.011928223192500123
1973-04-15 12:00:00,-0.039687386405378514,-0.18003520152785657,0.05351576704484569
1973-05-16 00:00:00,-0.05509784279452372,-0.19552626390965255,0.060189469681647886
1973-06-15 12:00:00,0.2083209600190393,-0.0756820657140066,-0.02506286213908635
1973-07-16 00:00:00,0.1954747726921325,-0.08148862322415806,-0.01630391092297886
1973-08-16 00:00:00,0.19855919621093723,-0.05933269382332462,0.0037753370009363033
1973-09-15 12:00:00,0.19703115121981993,-0.0754669739075493,-0.04800261305718406
1973-10-16 00:00:00,0.22624698376209998,0.20084406018537704,-0.015261878774514123
1973-11-15 12:00:00,0.08164231485797888,0.6005568605401165,-0.10729998398517629
1973-12-16 00:00:00,0.12865486271365248,0.38652239038896874,0.1366568539051357
1974-01-16 00:00:00,-0.033574630374773,0.2784207436199713,-0.1449083565533703
1974-02-14 12:00:00,0.1901754510400583,0.1002956815688889,-0.03174325263676736
1974-03-16 00:00:00,-0.28022909545841024,0.3215167378258433,0.030782802069129252
1974-04-15 12:00:00,-0.09360032616617055,0.007843036549228466,0.1360811176748961
1974-05-16 00:00:00,0.03423749103949833,-0.19887238136108787,-0.03357655831812578
1974-06-15 12:00:00,0.14104404931161893,-0.12091253795662027,-0.04337060479495902
1974-07-16 00:00:00,0.10217421564128235,-0.06149019285414681,0.02855764947830152
1974-08-16 00:00:00,0.19957523906097016,-0.0848088347941981,-0.019983362564083552
1974-09-15 12:00:00,0.24058410978060255,-0.06752737249197449,-0.04441241810904298
1974-10-16 00:00:00,-0.08096931849972826,-0.0661449615483446,0.06899587248750744
1974-11-15 12:00:00,0.19310322291343998,0.07900873323202817,0.02093299571351144
1974-12-16 00:00:00,0.1653121967117048,0.2629463978152187,-0.17134928758179302
1975-01-16 00:00:00,0.10743855402210226,0.09905595987886506,0.09389970539579
1975-02-14 12:00:00,-0.02256246276488616,0.578407399896689,0.1250493970904949
1975-03-16 00:00:00,-0.29988822400532267,0.2980911319783407,0.01682972480051166
1975-04-15 12:00:00,-0.5826574097663412,-0.3322564646754559,0.13682958455029584
1975-05-16 00:00:00,0.09338775328667762,-0.10407603155149792,0.044469760174025035
1975-06-15 12:00:00,0.037013722837725554,-0.17824010132410006,0.009057174676921475
1975-07-16 00:00:00,0.1914490788029026,-0.09313982182913494,-0.04291293567567933
1975-08-16 00:00:00,-0.08056340424619576,-0.24786654240999662,0.011060145285495033
1975-09-15 12:00:00,0.01306003211930476,-0.1742120034479533,0.047173706470040024
1975-10-16 00:00:00,-0.03551195303460265,0.11298507752973208,0.11031288478105665
1975-11-15 12:00:00,0.1773732179833097,0.03525506368620113,0.07568511514890827
1975-12-16 00:00:00,0.18208919242214924,-0.0423972890303308,0.002607758261084968
1976-01-16 00:00:00,0.17979504272115074,-0.06487100294429282,0.0036409865182070907
1976-02-15 00:00:00,0.07996877496022514,0.26155304664439455,0.1667618300134882
1976-03-16 00:00:00,0.09636557961019318,0.0056425855333621655,0.059544853569520356
1976-04-15 12:00:00,-0.2722687076819703,-0.20018999053132558,-0.09712955872595332
1976-05-16 00:00:00,0.056439812694393965,-0.16119807245643325,0.0031913413910282795
1976-06-15 12:00:00,0.02923666822370638,-0.17997012075558783,0.010707920407649726
1976-07-16 00:00:00,0.07763847878045257,-0.12047473540423848,0.04859351701919486
1976-08-16 00:00:00,-0.22827676374467998,-0.1826173133390787,-0.005329073013044538
1976-09-15 12:00:00,-0.19765039936127174,-0.18838256552771127,0.08611199167871639
1976-10-16 00:00:00,-0.0016988292696788754,-0.1685138358915741,0.008180794997588389
1976-11-15 12:00:00,0.12407240211857437,-0.05991376362452927,-0.09448949374521855
1976-12-16 00:00:00,0.255197495587591,0.013906487571976878,-0.08505445523232551
1977-01-16 00:00:00,0.27859123707541467,0.21691489000598446,0.01621172817948973
1977-02-14 12:00:00,0.07774983554841725,-0.011321065700091504,0.03825915005121671
1977-03-16 00:00:00,-0.015721004912469555,-0.018567290351173882,-0.0514835213782988
1977-04-15 12:00:00,0.10384153206260843,-0.11404209027924272,-0.03699055445396686
1977-05-16 00:00:00,-0.5804553754078093,-0.3596552362016281,0.14226255327912654
1977-06-15 12:00:00,-0.3192697570506986,-0.33361690910815256,0.15005129408070828
1977-07-16 00:00:00,0.15376931077460312,-0.12310266137659087,-0.02899140496681536
1977-08-16 00:00:00,0.14356111977516103,-0.11502842377186306,-0.01587477335179652
1977-09-15 12:00:00,0.1637092776562488,-0.06952634022497395,-0.10159214216965085
1977-10-16 00:00:00,0.1770390534287399,-0.06248438449258964,-0.05465233391609757
1977-11-15 12:00:00,0.319258498674759,0.2277082231243508,-0.013229137291346487
1977-12-16 00:00:00,-0.25272199321238686,0.25547445592824536,-0.03961777324762995
1978-01-16 00:00:00,-0.5036843804195795,0.24784478920625336,-0.31914873780132424
1978-02-14 12:00:00,-0.3452877587098233,0.1670333478885898,-0.039455451984483095
1978-03-16 00:00:00,-0.7060923176570053,-0.00477234192242848,-0.004587752012892347
1978-04-15 12:00:00,-0.48506478636486294,-0.07730852325293558,0.03698941261482397
1978-05-16 00:00:00,0.09345804640131763,-0.12257315239355737,0.021778914265745693
1978-06-15 12:00:00,0.17091805359718318,-0.09555816398184269,-0.012716250490297658
1978-07-16 00:00:00,0.21978925397792334,-0.0748533742439268,-0.032379419339862894
1978-08-16 00:00:00,0.21576064097611855,-0.07389519700112801,-0.030657525370935693
1978-09-15 12:00:00,-0.3895329617388467,-0.2602373034609561,0.1835974329059983
1978-10-16 00:00:00,0.21594728060983528,-0.07312025951006884,-0.02399913266108619
1978-11-15 12:00:00,0.15052059342786064,0.1751535619170339,0.04577504754807375
1978-12-16 00:00:00,0.15929408279926147,0.11669674067168023,0.15996145738259007
1979-01-16 00:00:00,-0.015630362063712377,0.28531146628906956,-0.2521018259734247
1979-02-14 12:00:00,-0.263351307636102,0.10069089999093439,-0.08133266189586995
1979-03-16 00:00:00,-0.4714065525616914,-0.14648840883812453,0.012236735946132648
1979-04-15 12:00:00,-0.07930297404635761,-0.14572596908180713,0.041390738752891364
1979-05-16 00:00:00,0.020380673878459488,-0.13475829722281873,0.02001112776977619
1979-06-15 12:00:00,0.18347303445931648,-0.09539510739088741,-0.02284014200309607
1979-07-16 00:00:00,0.19273979426733764,-0.06688390697381508,0.0162306149586211
1979-08-16 00:00:00,-0.0662374443329483,-0.24626054290453592,0.022360281887021462
1979-09-15 12:00:00,0.19361472652030956,-0.09786392792630827,-0.040740081404992814
1979-10-16 00:00:00,0.04465538791060922,0.02926860950333332,-0.0120270968688929
1979-11-15 12:00:00,0.09645649774316115,0.09718876464709025,-0.17092140047184606
1979-12-16 00:00:00,0.10876545748375951,0.3530542608101566,-0.13963930731842522
1980-01-16 00:00:00,-0.37803215134711265,0.23052453950726515,0.13096710049677712
1980-02-15 00:00:00,-0.49182643921394775,0.14068837790705185,-0.20499815868639384
1980-03-16 00:00:00,-0.12668162113222176,-0.0177518522915322,0.046889922233065956
1980-04-15 12:00:00,-0.09816266071541371,-0.047845505882089245,0.06606690458208705
1980-05-16 00:00:00,-0.3532830506071569,-0.27396280214704605,0.1957417620354497
1980-06-15 12:00:00,0.02289352267380043,-0.18246112305361084,0.011717734526443358
1980-07-16 00:00:00,0.09645709388007759,-0.09802586931454216,0.0063444249766589494
1980-08-16 00:00:00,0.20170240438764134,-0.0805006910106153,-0.02527150071940906
1980-09-15 12:00:00,0.08332203621495246,-0.14358076240640094,0.010680486934961817
1980-10-16 00:00:00,0.12473728444546386,-0.09094721538280748,0.006812306172025301
1980-11-15 12:00:00,0.06709341662343657,-0.12387920017916088,0.013637416691366998
1980-12-16 00:00:00,0.28098617046401075,0.2482053982886966,-0.0757089458831291
1981-01-16 00:00:00,-0.2600564126724666,0.12374791616182668,-0.16750663393940202
1981-02-14 12:00:00,-0.014849094820542086,-3.9052740727241186e-05,-0.05435107962637788
1981-03-16 00:00:00,-0.4373481073760246,-0.012433509949054122,-0.06206309427856417
1981-04-15 12:00:00,-0.09666268498949701,-0.16220140880986045,0.07445860556643528
1981-05-16 00:00:00,-0.3542613024332395,-0.34419795377470774,0.08902843365808852
1981-06-15 12:00:00,0.21473863769025622,-0.08334053678645104,-0.03539024568229776
1981-07-16 00:00:00,0.219013882273311,-0.07875984795446855,-0.03887642849824563
1981-08-16 00:00:00,0.219414100581685,-0.07507378742981163,-0.03695634448664374
1981-09-15 12:00:00,0.11636145285116492,-0.13381274720476843,-0.030271585357830377
1981-10-16 00:00:00,-0.18488146650771026,-0.015068359563922162,0.13044932470372558
1981-11-15 12:00:00,0.0999690627877225,0.5266597140128215,0.0682788629086389
1981-12-16 00:00:00,0.2290382422018811,0.5182823047628387,0.07600409453406647
1982-01-16 00:00:00,-0.06047471063795386,0.36766724855331356,0.028514555407274194
1982-02-14 12:00:00,0.058426357831415004,0.20958621611268374,-0.02798197921804235
1982-03-16 00:00:00,-0.6262066032607737,0.2041147949327003,-0.017363014135404715
1982-04-15 12:00:00,-0.14279264120683713,0.188896955283414,0.041328940534138624
1982-05-16 00:00:00,0.0010221517845543926,-0.19355100285124127,0.016698632506491215
1982-06-15 12:00:00,-0.29830449178258944,-0.27595979503525814,0.13045337626145087
1982-07-16 00:00:00,0.17386622629295792,-0.09996576138635704,-0.01338228568704412
1982-08-16 00:00:00,0.16917939050077493,-0.09383309945916285,-0.008943144830250504
1982-09-15 12:00:00,-0.29475338211639673,-0.09990129773689771,0.1943509857033991
1982-10-16 00:00:00,-0.07536865118035763,0.08267736855815544,0.10428012768671847
1982-11-15 12:00:00,-0.26082258529217184,0.2456194551395537,-0.02871527105272186
1982-12-16 00:00:00,0.06115400700330145,0.37720487885781373,0.04278291331043104
1983-01-16 00:00:00,-0.4784300984259616,0.09609170358882402,-0.3061619549266488
1983-02-14 12:00:00,-0.6996497256159319,0.1161073427746716,-0.27721349983781324
1983-03-16 00:00:00,-0.6614955419983997,0.11620200256967328,-0.3179735542334203
1983-04-15 12:00:00,-0.5167128079001596,-0.06321197046214977,-0.07864533486931324
1983-05-16 00:00:00,-0.06959873489029889,-0.2030040794741912,0.010219345445387218
1983-06-15 12:00:00,-0.048177884372845425,-0.22129873215999118,0.01896771879520287
1983-07-16 00:00:00,0.18022569865000584,-0.10020102407040687,-0.02900101843320625
1983-08-16 00:00:00,-0.4693862483799639,-0.3802531783279768,0.16322754268776665
1983-09-15 12:00:00,-0.30265025851208804,-0.2972514086288057,0.08667043397353758
1983-10-16 00:00:00,0.04853286956951963,-0.061687015303034776,0.05647816287461342
1983-11-15 12:00:00,-0.1299912556111239,0.5476285733913289,-0.031155335117739224
1983-12-16 00:00:00,0.05356910951275151,0.6413333967688022,-0.05424941671519154
1984-01-16 00:00:00,0.22197743128628192,-0.03031279544673826,-0.02858846478183177
1984-02-15 00:00:00,0.05518758767879378,0.1383344869441222,0.09554692647736215
1984-03-16 00:00:00,0.0631840521163557,0.06083841951810931,0.0598640123343151
1984-04-15 12:00:00,-0.10066667214687708,-0.13987138124319198,0.0743955023661668
1984-05-16 00:00:00,0.15313552338899591,-0.07674361245395478,-0.00490448679608867
1984-06-15 12:00:00,0.09572609806648288,-0.08047932486673803,0.048220713181339
1984-07-16 00:00:00,0.06153875745814247,-0.1310724514688092,0.04993133702816426
1984-08-16 00:00:00,0.13149490115921594,-0.11223521977275186,0.0007615801319020635
1984-09-15 12:00:00,0.09913571601291216,-0.136753175046474,-0.0005549768727090357
1984-10-16 00:00:00,-0.04363083534524052,-0.014257532584802446,0.1003601100324527
1984-11-15 12:00:00,-0.1681538904643256,0.33047471573186954,-0.26936446983887014
1984-12-16 00:00:00,-0.051474995555527786,0.01973394062271361,-0.20810872894639082
1985-01-16 00:00:00,0.01333395459308298,-0.10578659426849646,-0.0016092390434422656
1985-02-14 12:00:00,0.13454767012674326,0.14933839779246583,0.10442910822203864
1985-03-16 00:00:00,-0.5567009069497341,-0.09201705986771702,0.12788726227113184
1985-04-15 12:00:00,0.017849750662550318,-0.1410016652389875,0.008970477934463272
1985-05-16 00:00:00,0.09233558082039503,-0.15557134729924604,-0.022701300065216447
1985-06-15 12:00:00,0.19503648945449395,-0.06941260415441186,-0.015982097077788294
1985-07-16 00:00:00,0.013874421944234439,-0.1863246049807511,0.015635467293554445
1985-08-16 00:00:00,0.2328921616140481,-0.06639311820556504,-0.03189063210786479
1985-09-15 12:00:00,-0.31901385704154234,-0.2906368322181434,0.11198696588799673
1985-10-16 00:00:00,0.179985963293137,0.048187384155508495,0.0285230604095391
1985-11-15 12:00:00,-0.04858374302593828,0.3414684502717881,0.12473697986922617
1985-12-16 00:00:00,0.16875701980020139,0.24275992916454792,0.025350338983411602
1986-01-16 00:00:00,0.24848524367831323,0.43247500104410447,-0.2486178425648489
1986-02-14 12:00:00,-0.4613411397758591,0.7125286309331714,0.040702769480640985
1986-03-16 00:00:00,-0.5658083626344836,-0.020929789866087956,-0.04455889094647633
1986-04-15 12:00:00,-0.3185848928476275,-0.28968764778127964,0.05290778035423201
1986-05-16 00:00:00,0.004920343105469183,-0.15154322862649527,0.01184971750009071
1986-06-15 12:00:00,0.17546368895714323,-0.10351613027310058,-0.02534757382779015
1986-07-16 00:00:00,0.0863754986831966,-0.14648649758060006,0.0061297617408737175
1986-08-16 00:00:00,0.17383898854526678,-0.11296369653115834,-0.04037534614644257
1986-09-15 12:00:00,-0.041882038659821985,-0.033798907640372744,0.07832473122979293
1986-10-16 00:00:00,0.006598821388726778,-0.20262147746044623,-0.03863766014914527
1986-11-15 12:00:00,0.28926421893764986,0.01349819352043058,-0.004233197849851475
1986-12-16 00:00:00,0.13140543120243867,-0.02097364927099532,-0.1333425329843951
1987-01-16 00:00:00,0.08668241971437146,0.21955140972585024,-0.11576090700191105
1987-02-14 12:00:00,-0.04714884205211334,0.19402638195835792,-0.017491371023717447
1987-03-16 00:00:00,-0.1429167032902508,0.09283642456485597,-0.09112445325340163
1987-04-15 12:00:00,-0.1671276074829478,-0.2464150570280188,0.030106139080654366
1987-05-16 00:00:00,-0.4837189958730018,-0.3783432895512111,0.18657026935814938
1987-06-15 12:00:00,-0.04577602669041052,-0.20000586654595354,0.06822895048208276
1987-07-16 00:00:00,0.12074127615839866,-0.1248872625541142,-0.0013371086280305755
1987-08-16 00:00:00,0.22612134545202558,-0.07132089900692506,-0.03908248578751114
1987-09-15 12:00:00,0.22450449091118238,-0.0682539962356612,-0.031792780054776176
1987-10-16 00:00:00,-0.10234664291332221,-0.11321248553612306,-0.030573792844439108
1987-11-15 12:00:00,0.14464645014463548,0.08295696504673267,-0.05918632321188137
1987-12-16 00:00:00,-0.05008959902442367,0.17909154025687274,-0.24342407079732767
1988-01-16 00:00:00,0.003135336098579633,0.272379944234481,-0.13242899236221523
1988-02-15 00:00:00,0.12480331320310692,-0.05322238088037268,-0.04593960136517647
1988-03-16 00:00:00,0.13874644462577304,-0.08047646338980974,0.02272062869478412
1988-04-15 12:00:00,-0.2035511557689904,-0.024330762290545538,0.06955609917962087
1988-05-16 00:00:00,-0.05765800109261923,-0.1734853722389148,-0.005417329164103559
1988-06-15 12:00:00,-0.10103383462448531,-0.22492873859575746,0.038068064625385194
1988-07-16 00:00:00,0.12290580943569798,-0.13216443989741877,-0.014532010518110847
1988-08-16 00:00:00,0.21133719738911225,-0.03958914842991157,0.023478283126391695
1988-09-15 12:00:00,0.13965548253741353,-0.11021160113441641,0.007783458238106826
1988-10-16 00:00:00,0.20833914415712693,-0.07819232629550399,-0.05663358601681524
1988-11-15 12:00:00,0.07402304273457724,0.3389676718276686,0.18392531775401302
1988-12-16 00:00:00,0.010370655287556457,0.20149869903019002,0.010428683613166852
1989-01-16 00:00:00,0.2731976056534069,0.1340655975670519,0.006067754240877098
1989-02-14 12:00:00,0.05483720047470969,0.06573114657089563,0.11928229864713653
1989-03-16 00:00:00,0.26004699349451277,0.6792199682061548,0.009654701643976759
1989-04-15 12:00:00,-0.1500879903859804,-0.23796538833517822,-0.05656733041617046
1989-05-16 00:00:00,-0.34817708361959865,-0.3632635570246123,0.10641044810701032
1989-06-15 12:00:00,0.062233842372115294,-0.11377324228623864,0.0563435114163509
1989-07-16 00:00:00,0.21451829592270774,-0.08314070770965831,-0.03490522432406519
1989-08-16 00:00:00,0.002852650393280476,-0.18725819611338446,0.014429716434980618
1989-09-15 12:00:00,-0.020683126451874742,0.016102591131234023,0.017813722853065542
1989-10-16 00:00:00,0.06788345814171726,0.10245470355251707,0.03111596374145359
1989-11-15 12:00:00,0.1700696140441508,0.06688116277180245,0.06760523685261845
1989-12-16 00:00:00,0.2283482433727618,-0.07327218436480976,-0.04403107352706126
1990-01-16 00:00:00,0.15902772789796224,0.27478051200578646,-0.051521994192697
1990-02-14 12:00:00,0.047631563473516075,0.18534065503395886,0.13010540463018141
1990-03-16 00:00:00,-0.06999532495495572,-0.07705350490040763,0.052741253011013026
1990-04-15 12:00:00,-0.4337052521965242,-0.3729437429333746,0.11735040985527251
1990-05-16 00:00:00,-0.029475565709909002,0.06899966281966052,0.02829713083709968
1990-06-15 12:00:00,0.23484618543058874,-0.05210944813505336,-0.027818741413892675
1990-07-16 00:00:00,0.2358949981848967,-0.018439136042747495,0.030373656729212065
1990-08-16 00:00:00,0.08339388941290238,-0.14946117361656064,-0.0011913285510484935
1990-09-15 12:00:00,0.09073569179222668,-0.10759576157658068,0.028898287584481472
1990-10-16 00:00:00,0.2123520287092243,-0.04437903829398426,-0.027366635068859616
1990-11-15 12:00:00,0.15197533922496,-0.046258650488060105,0.023944806799836398
1990-12-16 00:00:00,0.11080777271242268,-0.01648776788914641,-0.019905383949755048
1991-01-16 00:00:00,0.192689247264366,-0.053128352669363776,-0.07077011016856838
1991-02-14 12:00:00,0.13953858083576412,0.05966411294618723,-0.15464758600022135
1991-03-16 00:00:00,-0.8793532612642141,0.2695172529491857,-0.048472377804995956
1991-04-15 12:00:00,-0.12152466364315134,-0.19727518497765384,0.022924680771019484
1991-05-16 00:00:00,-0.22984760027146664,-0.24183751667794195,0.1273776071682782
1991-06-15 12:00:00,-0.06471037017706745,-0.23793017803856198,-0.008911655985117516
1991-07-16 00:00:00,0.20647857771920472,-0.06341934647127445,-0.010692487239909763
1991-08-16 00:00:00,0.07479990888368374,-0.14152451722099857,0.005505144910417602
1991-09-15 12:00:00,0.024102884397962487,-0.1850199426513086,0.024689177614475987
1991-10-16 00:00:00,0.026480612552911093,0.05665478400337587,0.13394204975435284
1991-11-15 12:00:00,0.03709029555308249,-0.06027870840095617,0.0700373068386075
1991-12-16 00:00:00,0.10706768084059223,0.07783994189555954,-0.1936288200399243
1992-01-16 00:00:00,0.18912141149367515,0.08055539144915591,-0.06477703409425156
1992-02-15 00:00:00,-0.4797020717788695,0.00201979443873912,-0.38381210218848566
1992-03-16 00:00:00,-0.558164648343451,-0.2866970766870446,-0.10031537919735872
1992-04-15 12:00:00,0.2472913711442781,-0.002167841280074856,-0.06593738749440227
1992-05-16 00:00:00,0.014785265112584323,-0.18574667513393162,0.00887787540364118
1992-06-15 12:00:00,-0.2246787396572986,-0.27778759525698526,0.06677018544932119
1992-07-16 00:00:00,-0.045637141084305693,-0.19908352934110474,0.041118891981841245
1992-08-16 00:00:00,0.24451789570220303,-0.029468222472434635,0.009417559505012094
1992-09-15 12:00:00,0.17845376781628422,-0.10153849774888468,-0.02115793786869043
1992-10-16 00:00:00,-0.008497246778368744,0.01848274466772526,0.05418927942692901
1992-11-15 12:00:00,0.18575497124806548,-0.06732734781046712,-0.04028347842597044
1992-12-16 00:00:00,-0.12038243582673018,0.4729489116891458,0.13194931237152435
1993-01-16 00:00:00,-0.3571795593495939,0.48264511307469127,-0.10073824415860966
1993-02-14 12:00:00,-0.501342261533601,0.0811720036659127,-0.19868549772880384
1993-03-16 00:00:00,-0.2832132853426602,0.037916943389703084,0.049355716395353286
1993-04-15 12:00:00,0.11912182834047683,-0.03134157534778914,0.018738217894085633
1993-05-16 00:00:00,-0.19102581042093117,-0.2224985359700984,-0.032738848697444534
1993-06-15 12:00:00,-0.24803008798615017,-0.2548344213426128,0.11947623537685875
1993-07-16 00:00:00,0.22862268127180588,-0.07277578266548135,-0.03763093834049118
1993-08-16 00:00:00,0.20060053423090887,-0.07806796120512638,-0.021867085266455432
1993-09-15 12:00:00,0.17961851475903298,-0.09679763148123899,-0.018953917187734193
1993-10-16 00:00:00,-0.0956347742330313,-0.168408683262821,0.041843088386069434
1993-11-15 12:00:00,0.1691062801322661,0.100986539610734,-0.021609457912733308
1993-12-16 00:00:00,0.08580869116148934,0.09839238024212738,-0.01835613233694332
1994-01-16 00:00:00,0.2260607631934997,0.1019979156812083,-0.16609225962170424
1994-02-14 12:00:00,-0.30818913505836065,-0.011755866058150266,-0.20822000945348484
1994-03-16 00:00:00,0.050069420271967785,-0.09259545229316002,-0.03326286811998497
1994-04-15 12:00:00,-0.2417762761632743,-0.18561186485727688,0.011189522405273841
1994-05-16 00:00:00,-0.360031317799679,-0.3008574335412457,0.06536574142734652
1994-06-15 12:00:00,0.21642675019712634,-0.08244904425006838,-0.04036446804627812
1994-07-16 00:00:00,0.2093834960721597,-0.08317598414116989,-0.032585166927902184
1994-08-16 00:00:00,0.2182559034396316,-0.08001222285184562,-0.0374289216191208
1994-09-15 12:00:00,0.15329833611945795,-0.07971268518046437,0.01195629107166988
1994-10-16 00:00:00,0.26264960485406275,0.07911479134060007,0.051814778756323815
1994-11-15 12:00:00,-0.03350850140518838,0.32670661267281453,0.11732557478266259
1994-12-16 00:00:00,0.258893942672369,0.3219012739377762,-0.028272419457085276
1995-01-16 00:00:00,-0.7973127858106686,0.37874845735923557,-0.467469611284561
1995-02-14 12:00:00,0.03304934406766488,-0.06564728114077678,0.0716927586795428
1995-03-16 00:00:00,-0.6402555185604963,0.38802094477873006,-0.07751661888065184
1995-04-15 12:00:00,-0.21510876941369772,0.03732754405756489,0.13837629945774227
1995-05-16 00:00:00,-0.6523616152744672,-0.3532207532585765,0.1991591597898846
1995-06-15 12:00:00,0.05313986813070029,-0.049244037237955895,0.06648256924761017
1995-07-16 00:00:00,0.07113485988124166,-0.17350815227526972,-0.020229903384241344
1995-08-16 00:00:00,0.21264282677080595,-0.08684570627839872,-0.042232056044119615
1995-09-15 12:00:00,0.2406000188016396,-0.06292626914904487,-0.04027837639039386
1995-10-16 00:00:00,0.2296165596425551,-0.07395672514896634,-0.04464361636736204
1995-11-15 12:00:00,0.20353311672900773,-0.08165933212639909,-0.030860827264549254
1995-12-16 00:00:00,-0.08788581758416514,0.289060963511828,-0.21216042055008116
1996-01-16 00:00:00,0.020292474973340302,0.5407726210527919,0.1687915892174629
1996-02-15 00:00:00,-0.5233204277933726,0.12174139675109541,-0.17730249605220502
1996-03-16 00:00:00,-0.3076009185566264,-0.04847157985737249,0.10741750515131022
1996-04-15 12:00:00,-0.009691967644911814,0.061761918118012904,0.07451323690562965
1996-05-16 00:00:00,0.039091122821953456,0.11337352144652679,0.10038890985517103
1996-06-15 12:00:00,-0.09036582787810823,-0.2529659461816851,0.03448212693747945
1996-07-16 00:00:00,0.21615217760131253,-0.06234710710572855,-0.012488912010797156
1996-08-16 00:00:00,0.19016009263118547,-0.09418774128119589,-0.02761270983185551
1996-09-15 12:00:00,0.20555367236339975,-0.07439663243466044,-0.02532804552053083
1996-10-16 00:00:00,0.17715585843821816,0.12765222710372987,0.002665986104591237
1996-11-15 12:00:00,0.16092161005839148,0.39240350232377785,0.16807320810125626
1996-12-16 00:00:00,-0.15269926341438092,0.7942953930843628,0.10090001423275155
1997-01-16 00:00:00,-0.23831170874368462,0.6600623357934761,0.08205640600541347
1997-02-14 12:00:00,0.019667252494864673,-0.11721530556858961,0.06207144176968141
1997-03-16 00:00:00,0.14860590245180852,-0.06253129930243273,-0.03824547077161822
1997-04-15 12:00:00,0.13467838717616823,-0.07370950967933776,-0.018177144166106298
1997-05-16 00:00:00,0.19525112909353212,-0.061269495786535955,-0.022252321081544787
1997-06-15 12:00:00,-0.32771981994710514,-0.36240188724098676,0.08338992193511544
1997-07-16 00:00:00,0.17249372295913815,-0.08555021661215456,0.006047191338268174
1997-08-16 00:00:00,0.20935606052280434,-0.05903394690318953,-0.09491984643226793
1997-09-15 12:00:00,-0.014062876521896528,-0.21691123654061262,-0.009342036862738597
1997-10-16 00:00:00,0.07231901450484265,-0.08670200304818443,-0.005588255136199333
1997-11-15 12:00:00,-0.2318151907069932,-0.03171888358935793,-0.4157148077915304
1997-12-16 00:00:00,-0.015332125253315093,0.05119885551436798,-0.20033186924799878
1998-01-16 00:00:00,-0.4267509405434091,0.15670989697174648,-0.3671949008213455
1998-02-14 12:00:00,-0.903375762823081,0.1781726909309636,-0.4415075421668326
1998-03-16 00:00:00,-0.3393998421235972,0.04576835458756101,0.11423129371562511
1998-04-15 12:00:00,-0.44608126636477785,-0.21227841197971087,0.08046729844734919
1998-05-16 00:00:00,-0.7937726758790393,-0.3397593112571069,0.06672426461244056
1998-06-15 12:00:00,-0.5457328154059273,-0.4440536628655276,0.13390447495543834
1998-07-16 00:00:00,0.16310546671497086,-0.09354293464125929,-0.004744159138107738
1998-08-16 00:00:00,0.20732344116332121,-0.08879518792370755,-0.03852476035360777
1998-09-15 12:00:00,-0.26356938810990044,-0.26242947111578563,0.163500180402794
1998-10-16 00:00:00,0.1629354745027292,-0.051364834214951305,-0.05743650181700721
1998-11-15 12:00:00,0.16899250889553755,0.4351451109433834,0.09976227266670919
1998-12-16 00:00:00,0.05480479004546884,0.004562992229406815,0.10762379796565594
1999-01-16 00:00:00,0.12615176121089064,0.45331787620364705,0.20978492377740265
1999-02-14 12:00:00,0.2571057412629333,0.6614928784046009,0.09998609742181049
1999-03-16 00:00:00,-0.17676000025126204,-0.0778764538542629,-0.21172799533426268
1999-04-15 12:00:00,-0.27854718129212974,-0.14380856712120405,0.051241558407846055
1999-05-16 00:00:00,0.08870377210389951,-0.11445196052899487,0.017863744770168687
1999-06-15 12:00:00,0.0457078081629278,-0.15602182900651296,0.014952011257635815
1999-07-16 00:00:00,0.18790862165666575,-0.09090551475011555,-0.031964853997490064
1999-08-16 00:00:00,0.061129043009280626,-0.1565317648788065,0.00569825168476449
1999-09-15 12:00:00,0.24730606070997543,-0.04746120546832566,-0.021742934410609798
1999-10-16 00:00:00,0.17756489027213004,-0.0512626409107646,-0.013006627915525284
1999-11-15 12:00:00,0.20290506453249604,0.13271485387698667,-0.0719609072420464
1999-12-16 00:00:00,0.16671797604960567,-0.07748568993026972,-0.023956544297207585
2000-01-16 00:00:00,-0.010181979203466834,0.5684288312674999,0.015552065177248194
2000-02-15 00:00:00,-0.6231270626613123,0.22457385303658167,-0.17818925266170477
2000-03-16 00:00:00,0.0838589933800544,0.05267738021470336,-0.030943956456961085
2000-04-15 12:00:00,-0.1374322084038181,-0.09704272056062435,-0.061346308290373186
2000-05-16 00:00:00,-0.024255706074163746,-0.09144045112659283,0.04794255584471398
2000-06-15 12:00:00,0.11945389938967535,-0.10690603379327868,-0.016921057126261744
2000-07-16 00:00:00,0.2213267746729645,-0.07866733709096885,-0.04790974600476337
2000-08-16 00:00:00,0.16255244029626667,-0.09564537255106687,-0.01541985489619858
2000-09-15 12:00:00,0.07749427663178565,-0.13384494972162198,0.0050112936550439045
2000-10-16 00:00:00,-0.015212073561938932,0.05888786802436352,-0.025930175300763542
2000-11-15 12:00:00,0.01744878470619929,-0.13952233451644225,-0.02716568879265487
2000-12-16 00:00:00,0.20762430866055206,0.00160279536371144,-0.0019991140129224753
2001-01-16 00:00:00,-0.07106419881638487,0.08537800790478711,-0.16928475022975195
2001-02-14 12:00:00,-0.28363318898304113,0.034647457970100826,-0.22716942906155033
2001-03-16 00:00:00,0.2125662407191329,0.17525702188801207,-0.0647904761595349
2001-04-15 12:00:00,-0.22019698551757919,-0.08388515201082392,0.13064041896959483
2001-05-16 00:00:00,0.1875508639157689,-0.09733314120813852,-0.027163964612458808
2001-06-15 12:00:00,0.16752040154370032,-0.1173331738239699,-0.06237244623482105
2001-07-16 00:00:00,0.1345931606233565,-0.10418284879873263,-0.0018362840946766351
2001-08-16 00:00:00,0.24403018186200867,-0.05907182978830261,-0.04194031209039542
2001-09-15 12:00:00,0.21317423178306352,-0.05029333170941985,-0.030993391647061264
2001-10-16 00:00:00,0.17987011115318755,-0.024317583206288962,-0.028280268755274684
2001-11-15 12:00:00,0.0013142652939971688,0.24595979413012686,-0.03084332563918687
2001-12-16 00:00:00,-0.12253499694262332,0.3412938495274212,-0.20937405702526218
2002-01-16 00:00:00,0.15635202904889675,0.12097450228384676,-0.013988671994713747
2002-02-14 12:00:00,0.16109964794854045,0.061564393461441824,0.016082132951940536
2002-03-16 00:00:00,-0.03210419746771559,0.07231644589748132,0.07825258236224367
2002-04-15 12:00:00,-0.2125386560622078,-0.222218937662217,0.07751316434381242
2002-05-16 00:00:00,-0.044432702051026896,-0.18187609601116994,0.0028309915428266427
2002-06-15 12:00:00,0.1495873485966718,-0.12586540405782054,-0.03632994847275464
2002-07-16 00:00:00,0.16146557016292765,-0.11032867148359049,-0.021041799072951808
2002-08-16 00:00:00,0.23444458138126198,-0.06905074030314262,-0.040821465594613485
2002-09-15 12:00:00,0.2285190997194236,-0.050231683322105924,-0.011701565253956148
2002-10-16 00:00:00,0.2173506450749962,-0.07302797364768909,-0.04105873367961321
2002-11-15 12:00:00,-0.0560528574343542,0.164544539158906,0.1617889890590295
2002-12-16 00:00:00,-0.1732721460619233,0.3733135885094205,-0.38476185641688404
2003-01-16 00:00:00,0.21874814874213597,0.03731704363207189,-0.12822917018820526
2003-02-14 12:00:00,-0.008785497048402924,0.001649082033512106,-0.07918409319986733
2003-03-16 00:00:00,0.05636468024495317,0.07694598794196217,-0.00903907428926989
2003-04-15 12:00:00,-0.4802517736841062,-0.06534146974115673,0.0777654261936682
2003-05-16 00:00:00,-0.09803632518553956,-0.11289135621108726,0.01816142162903544
2003-06-15 12:00:00,0.21821014666703994,-0.07516390360992364,-0.03222245474817363
2003-07-16 00:00:00,0.0502305720547464,-0.1579709052659216,0.023400890110097543
2003-08-16 00:00:00,-0.06931748782568548,-0.21027460800623565,0.022260733533472115
2003-09-15 12:00:00,0.19146486412173316,-0.0958126285806723,-0.03570468023802695
2003-10-16 00:00:00,0.13597223446826093,-0.11288432858311348,-0.021098260351626815
2003-11-15 12:00:00,0.02832304162964938,-0.008276404870426246,-0.1397730179801953
2003-12-16 00:00:00,-0.08957703030719343,0.39712757070613836,-0.1252917736800315
2004-01-16 00:00:00,0.09747411668594444,0.11239946997360462,-0.08843558260319707
2004-02-15 00:00:00,-0.27603363681800996,0.17282632305175172,-0.18617087703972124
2004-03-16 00:00:00,0.19112275786234287,0.014260795129487192,-0.0004735855761313773
2004-04-15 12:00:00,0.018857381397852646,-0.17455281849086435,-0.01782010517808492
2004-05-16 00:00:00,0.047194952896950915,-0.14681222890388368,0.00581930213450484
2004-06-15 12:00:00,0.13207120534294817,-0.11726883842608693,0.00247524274482425
2004-07-16 00:00:00,0.17131440915016224,-0.1002866560986787,-0.03224862093408831
2004-08-16 00:00:00,0.16089845171366737,-0.112028661158039,-0.025310883408747178
2004-09-15 12:00:00,0.2103826966777604,-0.07264639736460143,-0.03175595322385462
2004-10-16 00:00:00,-0.16521654761511903,0.12381115827901712,0.07649745009851733
2004-11-15 12:00:00,0.13127204224635872,0.10672383451537437,0.05889349654777094
2004-12-16 00:00:00,-0.31053363350928975,0.19336754936771033,-0.2472785545413498
2005-01-16 00:00:00,-0.27307224019358756,0.233390197124703,0.13874588260356965
2005-02-14 12:00:00,-0.18620256873908317,0.01880450117946819,-0.24738810524790525
2005-03-16 00:00:00,-0.2615687521586688,0.0978281751895107,-0.03356727748094129
2005-04-15 12:00:00,-0.1799656647622649,-0.1278991660631984,-0.00924394775101484
2005-05-16 00:00:00,-0.365449027552007,-0.13810698569252733,0.11226352739820095
2005-06-15 12:00:00,0.1264998754021109,-0.07559382766536404,-0.008992055504538136
2005-07-16 00:00:00,0.2401575762390066,-0.06353767376855901,-0.04221854771698018
2005-08-16 00:00:00,0.21300639318333617,-0.07046497804445917,-0.02210772562505495
2005-09-15 12:00:00,0.10959447765438554,-0.13750630331884905,-0.007254155019451789
2005-10-16 00:00:00,0.17349680445157487,-0.06497802693793076,-0.01724013053993879
2005-11-15 12:00:00,0.3231206777048826,0.23395513447423028,0.0020721038554688855
2005-12-16 00:00:00,0.10982359820174956,0.8741089610955011,0.09652552776671566
2006-01-16 00:00:00,-0.07162191262141304,0.26290504382086044,0.01102325605166418
2006-02-14 12:00:00,0.12828040467842453,0.23490793193076726,0.017158073168188667
2006-03-16 00:00:00,-0.626120658694986,0.06873258753450495,-0.14993811176208457
2006-04-15 12:00:00,-0.5206449015761038,0.04618601905648234,0.05854732315221263
2006-05-16 00:00:00,-0.06397328482580976,-0.14519446450845708,0.014891098661312182
2006-06-15 12:00:00,0.06643972371139142,-0.17377819260445893,-0.02060936928887101
2006-07-16 00:00:00,0.21297671006750366,-0.07357831996407638,-0.028160610345780126
2006-08-16 00:00:00,0.23565736685143449,-0.06650477516415965,-0.03530342341758892
2006-09-15 12:00:00,0.213693619376615,-0.08373099667739514,-0.034758352580722546
2006-10-16 00:00:00,0.032267262522858636,-0.1325836652458119,0.01568854625983683
2006-11-15 12:00:00,0.16853755742288254,0.11604982839265188,-0.0002152263336790694
2006-12-16 00:00:00,-0.0499868256019331,0.07798160020521683,-0.11241662123179172
2007-01-16 00:00:00,0.06399473336077588,-0.06040156541971031,0.03526493874921276
2007-02-14 12:00:00,-0.10693136739990484,0.3040868023139367,0.10803005022405315
2007-03-16 00:00:00,0.03617846194509286,-0.12057316719194633,0.012601789595405
2007-04-15 12:00:00,-0.058270160846590244,-0.09217899040524202,-0.018729477477498774
2007-05-16 00:00:00,0.13184057267910257,-0.07905446355099899,0.006291987981523198
2007-06-15 12:00:00,0.20700736475597634,-0.07666179203320145,-0.022383434963954365
2007-07-16 00:00:00,0.195015581348118,-0.08166279497356022,-0.034973694372709
2007-08-16 00:00:00,0.1875443144347306,-0.09696036223107762,-0.03183561567516463
2007-09-15 12:00:00,0.07946739298241945,-0.12341163303889313,0.0012706376025136343
2007-10-16 00:00:00,0.05680094472275915,-0.06334711564836493,-0.04836831059321735
2007-11-15 12:00:00,0.16722635731672372,-0.06049495139079886,-0.025822119412254197
2007-12-16 00:00:00,0.2299585032783136,0.35490056424038374,0.08141125702972413
2008-01-16 00:00:00,-0.4401875970981396,0.33688937848247263,-0.2936372703081985
2008-02-15 00:00:00,-0.07406277053825251,0.20407223360395998,0.1079279258757456
2008-03-16 00:00:00,0.09141102594085276,-0.08734923019825469,0.03185659775547153
2008-04-15 12:00:00,0.2467045933530684,-0.02706500874410056,-0.02932199078623993
2008-05-16 00:00:00,-0.3278965041236235,-0.35103129720033754,0.10931855560449061
2008-06-15 12:00:00,0.1861099002105193,-0.10326464426244109,-0.03349613767758808
2008-07-16 00:00:00,0.1688804425072802,-0.11349028631439206,-0.039818703993742405
2008-08-16 00:00:00,0.21619368857429236,-0.08228280035921398,-0.04884214371882631
2008-09-15 12:00:00,0.22448107742993748,-0.07635499298376736,-0.040872023719865896
2008-10-16 00:00:00,0.1661330399019074,-0.02389807503379615,0.007645021590274109
2008-11-15 12:00:00,0.12476374508372687,0.12929967796254488,0.050615669937245436
2008-12-16 00:00:00,0.050405900861651226,0.19881689250527557,0.16059674152155878
2009-01-16 00:00:00,-0.020362739438075858,0.01931193252819907,0.1474539058783606
2009-02-14 12:00:00,-0.34665594736202965,0.08167372943729356,-0.2953563162947446
2009-03-16 00:00:00,-0.1410533146560578,0.09075336641608256,0.1906400574956777
2009-04-15 12:00:00,0.02324032877548146,-0.09155558305106781,0.027750193209992047
2009-05-16 00:00:00,0.12756019353168266,0.025300926696036896,0.040314612921578306
2009-06-15 12:00:00,-0.4343376418803556,-0.43982560448601316,0.08840769525511305
2009-07-16 00:00:00,0.255071073339708,-0.047670785170250585,-0.035728003900531324
2009-08-16 00:00:00,0.18262595106039245,-0.08500551434157144,-0.013946010504553293
2009-09-15 12:00:00,0.18904225679346084,-0.09646971156866868,-0.0564661225530899
2009-10-16 00:00:00,-0.007748867966004519,0.11900297948047123,-0.015454971515244918
2009-11-15 12:00:00,0.08267750562697143,-0.09252866042216956,0.022013921861777593
2009-12-16 00:00:00,-0.04589427446543708,0.1894430301025219,0.06304241877634564
2010-01-16 00:00:00,-0.47629633863584786,0.07789092108785456,-0.479492376140823
2010-02-14 12:00:00,-0.1694070679303472,0.13419511574370774,-0.0663036032198271
2010-03-16 00:00:00,-0.0749419189190091,0.048376078155416224,0.05996197093994814
2010-04-15 12:00:00,-0.43153868855223276,-0.06601748619272552,0.03485603400250258
2010-05-16 00:00:00,-0.27163296145286175,-0.25318900018036594,0.014934831427083175
2010-06-15 12:00:00,0.20537139664416124,-0.07364399838461433,-0.026087223932969115
2010-07-16 00:00:00,0.23138151891450345,-0.06676653435067637,-0.03425710618561903
2010-08-16 00:00:00,0.21222357402911565,-0.07667432819242892,-0.03883046638499894
2010-09-15 12:00:00,0.20040520215230825,-0.08752698375774137,-0.04718900216471421
2010-10-16 00:00:00,-0.29999318297314903,-0.06679691202815485,0.14494118339680448
2010-11-15 12:00:00,-0.0395604631942907,0.17424097246841902,0.16947851246255125
2010-12-16 00:00:00,-0.39184231419587146,0.4273809798696946,0.0643350304368298
2011-01-16 00:00:00,0.16535626663131905,0.08398001384438758,-0.09637800848240935
2011-02-14 12:00:00,-0.1089660231866902,0.23120857065045108,0.04465642430577606
2011-03-16 00:00:00,-0.34704768385396456,0.43635605409863026,0.0700554714260833
2011-04-15 12:00:00,-0.11321273630291102,-0.13902730287766052,0.1187529960405827
2011-05-16 00:00:00,-0.02743449334696603,-0.009909968256035073,0.08419719419731653
2011-06-15 12:00:00,-0.1250302316382606,-0.08283795294703233,0.032104795955555473
2011-07-16 00:00:00,0.18690964782615574,-0.09539875022404909,-0.031758292723684065
2011-08-16 00:00:00,0.22383170766510316,-0.07490123135067839,-0.04659774020235771
2011-09-15 12:00:00,0.22940851812472543,-0.050374035578335086,-0.011388567300197789
2011-10-16 00:00:00,0.03997325332980195,-0.03501447320284101,-0.015162259211446785
2011-11-15 12:00:00,0.13472233679578818,0.03592055365239699,-0.13009348990817055
2011-12-16 00:00:00,0.21900811184874844,-0.06940045030543174,-0.053909050880608086
2012-01-16 00:00:00,0.11909299247040347,0.27541788338671763,0.0911050965383341
2012-02-15 00:00:00,0.02402302800661052,-0.0031225595343011836,0.017327685171736915
2012-03-16 00:00:00,-0.06521518578655189,0.35711191787802615,0.05462744201073411
2012-04-15 12:00:00,-0.11130336450777954,0.026605754232361,0.052736099985912506
2012-05-16 00:00:00,0.15520361136654767,-0.09823050974486303,-0.007387220387831999
2012-06-15 12:00:00,0.11885578762093899,-0.11786323072207805,-0.016896961304901422
2012-07-16 00:00:00,0.22308402461996704,-0.07331156831131913,-0.03860353414341036
2012-08-16 00:00:00,0.21892085761697153,-0.07439065052802196,-0.02831921267500202
2012-09-15 12:00:00,0.21569164229538593,-0.08039970157040677,-0.02713178046511604
2012-10-16 00:00:00,0.21681865084377497,0.05619686542023339,-0.004576686012339595
2012-11-15 12:00:00,-0.031019559913442366,0.23627311861271955,-0.1788282064001521
2012-12-16 00:00:00,-0.09155156502484163,0.49610551599524266,-0.024106209867926092
2013-01-16 00:00:00,0.1422369695251073,0.002397587285851599,-0.021874036832321368
2013-02-14 12:00:00,0.10492231642981031,-0.08342141502505385,-0.01388444977595998
2013-03-16 00:00:00,0.04641416686864319,-0.031171924088818304,-0.027738128614060494
2013-04-15 12:00:00,0.051692458340570374,-0.10548275679027219,0.02287897641804678
2013-05-16 00:00:00,-0.01732232417400728,-0.16987900744778883,0.044434381070288076
2013-06-15 12:00:00,0.1989831892460123,-0.05290616525615499,-0.023759613346092872
2013-07-16 00:00:00,0.1706506554892144,-0.0936115432344704,-0.02108601746162189
2013-08-16 00:00:00,0.1726324466161224,-0.096912602995184,-0.02725668114932048
2013-09-15 12:00:00,0.10721634659715443,-0.09855406842181103,-0.020905542694069666
2013-10-16 00:00:00,0.09173794871420288,-0.1152668168157589,0.041099511355248426
2013-11-15 12:00:00,0.09702438138473748,-0.06539005825732891,-0.010038101031796382
2013-12-16 00:00:00,0.18843124849648382,-0.006314418635848917,0.05147895049897236
2014-01-16 00:00:00,0.1676933233271881,0.022560302259914566,0.11969977911648907
2014-02-14 12:00:00,0.1344363411102862,0.4433201362409257,-0.10180786140124434
2014-03-16 00:00:00,-0.023747244612029608,0.09091330504457695,-0.02226173840935743
2014-04-15 12:00:00,-0.06251928710629455,-0.12672441668340795,-0.012334724539521311
2014-05-16 00:00:00,-0.10046766425081391,-0.23358754946281224,0.05637917175313366
2014-06-15 12:00:00,0.21955751112693714,-0.07644288501041174,-0.03959170665803605
2014-07-16 00:00:00,0.12798103933716784,-0.09169217184307676,0.025987403526600016
2014-08-16 00:00:00,0.16471172730362213,-0.07419980399242698,0.03373528236404962
2014-09-15 12:00:00,0.13734707787917125,-0.0665425808191874,0.04734300746881645
2014-10-16 00:00:00,0.12165279454101266,-0.0781559729616641,-0.08145741134925986
2014-11-15 12:00:00,0.006236529087181114,-0.03402179768044744,-0.05698522578270042
2014-12-16 00:00:00,-0.5184469150290724,-0.050261959388748,-0.5255559441014661
2015-01-16 00:00:00,0.198627646648546,-0.08461228225033046,-0.03296986076821137
2015-02-14 12:00:00,-0.07838924675301653,0.0922976347138812,0.005844736629502557
2015-03-16 00:00:00,0.1226699255874196,-0.10699097525307488,-0.014492601156575236
2015-04-15 12:00:00,0.051949581521295,-0.03194270441738567,0.03187006389997149
2015-05-16 00:00:00,-0.3161176692477785,-0.24264507713680405,0.192885254691607
2015-06-15 12:00:00,0.07398791587793077,-0.13813394576859472,0.004040667331931751
2015-07-16 00:00:00,-0.34914321488583433,-0.3948080762167412,0.04321407196121783
2015-08-16 00:00:00,0.17782217538972991,-0.10330180093165298,-0.026210597785047165
2015-09-15 12:00:00,0.14178568700912988,-0.11464478851320414,-0.029747758269229266
2015-10-16 00:00:00,-0.035263934326066226,-0.1518585129485447,0.05030149704964908
2015-11-15 12:00:00,-0.07764916652736395,0.05740382443474534,0.10575027199661154
2015-12-16 00:00:00,-0.10136309338939746,0.26965345186026823,0.139798451594367
2016-01-16 00:00:00,-0.3020983875976859,0.325748254414118,-0.17337911471685274
2016-02-15 00:00:00,0.12076604693293211,-0.03756694180557907,-0.007982625545823716
2016-03-16 00:00:00,-0.10338313011838995,0.3810060982389328,-0.059681983104968334
2016-04-15 12:00:00,-0.4746697124504221,-0.3834672390019249,0.026527651582691616
2016-05-16 00:00:00,-0.28241639741066193,-0.2646537666727239,0.08353477245580364
2016-06-15 12:00:00,0.16286325722308256,-0.11380452266566055,-0.0387101083530436
2016-07-16 00:00:00,0.23329363380872145,-0.06898751323321417,-0.04049425373145529
2016-08-16 00:00:00,0.24716697401253232,-0.05514809479158256,-0.03715307825977596
2016-09-15 12:00:00,0.20966207884946644,-0.07929468723859867,-0.02352575137520901
2016-10-16 00:00:00,-0.09909922960616102,0.24497311212851897,0.12202003149095826
2016-11-15 12:00:00,0.0467173484451365,0.027786559051194204,-0.08755063119133218
2016-12-16 00:00:00,0.10854215594264907,0.4277009889636626,0.10373320096542529
2017-01-16 00:00:00,-0.641529002442619,0.6217968926941786,0.0580803406442225
2017-02-14 12:00:00,-0.22808369371286402,0.7278384551770563,0.052899551167086264
2017-03-16 00:00:00,-0.018012632313598592,0.13696957224201572,0.0704622354993691
2017-04-15 12:00:00,0.018293137203400034,0.21210429341123282,0.1618726202381567
2017-05-16 00:00:00,0.1399061701514732,-0.06891818827885954,0.041095060316229504
2017-06-15 12:00:00,0.1304767008706849,-0.09895067200137064,-0.0036909037004127614
2017-07-16 00:00:00,0.20073476586789565,-0.08383494379254253,-0.021086203188977134
2017-08-16 00:00:00,0.04623551220077024,-0.16678863562334467,0.01931554419119712
2017-09-15 12:00:00,0.04037406155259177,-0.146944877275477,0.025280479058996736
2017-10-16 00:00:00,0.19481241493189091,-0.062016225683163784,-0.013599149308726823
2017-11-15 12:00:00,0.03147387369751253,0.2711498427830809,0.2642979025070224
2017-12-16 00:00:00,0.16487384957317477,-0.09057332365863702,-0.004562631946091706
2018-01-16 00:00:00,0.1189556630135605,0.2625713757337843,-0.09670742434350861
2018-02-14 12:00:00,0.04562596974043387,-0.10208222073902917,0.03837598707065546
2018-03-16 00:00:00,-0.3827205795395369,0.36360393785436873,0.23170595083265066
2018-04-15 12:00:00,0.020784676407259506,0.060956607108741956,0.023393927306241628
2018-05-16 00:00:00,-0.22139810598024262,-0.2329512047095762,0.14847112064646334
2018-06-15 12:00:00,0.20068128005344624,-0.09242023120127152,-0.031879703571483745
2018-07-16 00:00:00,0.18171899645942882,-0.08761414750348573,-0.00453435314825032
2018-08-16 00:00:00,0.25251885712821853,-0.05118961699785818,-0.03611062915064729
2018-09-15 12:00:00,0.2325794728612183,-0.07312350237348719,-0.04185671625262992
2018-10-16 00:00:00,0.04219866234270428,-0.1576507376545223,-0.04737205872916453
2018-11-15 12:00:00,0.11107010597191477,0.2196106474892221,-0.04453369425374773
2018-12-16 00:00:00,0.16953453854655473,0.15955354957082535,-0.05419017314690447
2019-01-16 00:00:00,-0.09762987495082107,0.4075538947618532,-0.1088377289243212
2019-02-14 12:00:00,-0.47057976685520253,0.5604055719022518,0.01564220416262834
2019-03-16 00:00:00,-0.4530507834661367,0.06628661917129741,0.03968341892176726
2019-04-15 12:00:00,-0.11492155398316901,-0.14592287884948307,0.07641245150432809
2019-05-16 00:00:00,-0.5106239229800329,-0.1909397687046891,0.073413850947639
2019-06-15 12:00:00,0.10045241026918597,-0.14511043016417458,-0.01961299662186616
2019-07-16 00:00:00,0.14228276879031013,-0.12482463547878897,-0.021651300274439695
2019-08-16 00:00:00,0.1939784835062213,-0.08681581937531668,-0.026610203418679295
2019-09-15 12:00:00,0.009420401490892488,-0.14604406370274303,0.06028754108963193
2019-10-16 00:00:00,0.22103446993026746,-0.07991224173511224,-0.0380691793050663
2019-11-15 12:00:00,-0.040980888128178614,-0.058110409017522624,-0.03728859981097396
2019-12-16 00:00:00,-0.23003189409640698,0.22765505603393638,-0.3103598690885991
2020-01-16 00:00:00,0.1711201994653699,0.0765572401661827,-0.0045002618952754495
2020-02-15 00:00:00,0.17105298066706112,-0.09320431798979023,-0.007785494969597687
2020-03-16 00:00:00,-0.4229124179124536,-0.061334709635237905,0.16382867248373595
2020-04-15 12:00:00,-0.17318978005784808,-0.06264394023519138,0.11925028923578562
2020-05-16 00:00:00,-0.055064714871523784,-0.12775682902925212,0.02001925568033622
2020-06-15 12:00:00,0.20681911921374665,-0.06105960354950013,-0.002840708098509368
2020-07-16 00:00:00,0.24725154191882817,-0.04332361178731181,-0.017624337690554926
2020-08-16 00:00:00,0.17697748408316508,-0.09038202463169853,-0.00873264256060095
2020-09-15 12:00:00,0.22252581157577397,-0.08023408315753255,-0.04606363936683357
2020-10-16 00:00:00,0.22795828859105413,-0.0770902786315476,-0.041063509834176615
2020-11-15 12:00:00,0.15264631419345123,0.0614835608565224,0.11925428813522852
2020-12-16 00:00:00,0.17806653576005113,0.11998711727607059,0.044978239672306346
2021-01-16 00:00:00,-0.03615212444971182,0.30869157993347435,0.07407138020814914
2021-02-14 12:00:00,0.15736627343236412,0.0642079817290111,0.07143447827464273
2021-03-16 00:00:00,-0.010763610208659985,0.007165821735296007,0.03390615210368024
2021-04-15 12:00:00,0.12279502704873121,-0.09653169771500514,0.0061018542668207255
2021-05-16 00:00:00,0.10611538545821195,-0.11883648980725336,0.025124121163644535
2021-06-15 12:00:00,0.23074046028454412,-0.06146619988941815,-0.029949582830071413
2021-07-16 00:00:00,0.20689951837970713,-0.05819742315693077,-0.0043656647605822205
2021-08-16 00:00:00,0.22904346422308222,-0.07372913433688211,-0.04372404762700924
2021-09-15 12:00:00,0.19902001430295171,-0.07891594674204805,-0.02890103883977149
2021-10-16 00:00:00,-0.0078872300976916,0.3826933160933542,0.16960922878655732
2021-11-15 12:00:00,0.25927614167512225,0.03556940836623712,-0.08873289840794703
2021-12-16 00:00:00,-0.21184213131137633,0.5792020206791412,0.1821052886550588
2022-01-16 00:00:00,0.2169466078494153,-0.05476021320024271,-0.035650887957039315
2022-02-14 12:00:00,0.04266033884762044,-0.1518804727581945,0.03856120493411858
2022-03-16 00:00:00,-0.07581919533311965,-0.12257417857591046,-0.0714008407609075
2022-04-15 12:00:00,0.015070114216886005,0.029831834375807276,0.11962310402507939
2022-05-16 00:00:00,0.1359286516327464,-0.10880916589491063,-0.0019613988434111114
2022-06-15 12:00:00,0.17228053370528204,-0.076846536869137,-0.010986423978940677
2022-07-16 00:00:00,0.2109506793271774,-0.08173850423965756,-0.0436902656727734
2022-08-16 00:00:00,0.1651467974867544,-0.07594859081909955,0.02288745467742548
2022-09-15 12:00:00,0.06437938406640481,-0.05675542260820554,-0.029627539022985826
2022-10-16 00:00:00,0.21052034203226996,-0.0790452657783649,-0.030008873548361282
2022-11-15 12:00:00,0.013392835582194784,0.07470365155366254,0.06149807786749584
2022-12-16 00:00:00,-0.13898498544011093,0.7771577398806608,0.17623338249829634
2023-01-16 00:00:00,-0.6215876791952046,0.30084779050176463,-0.21066848949598618
2023-02-14 12:00:00,-0.10406171482976195,0.28027163346434136,0.17595990664953762
2023-03-16 00:00:00,-0.7494913807876538,0.18736451100264262,-0.007217269264270815
2023-04-15 12:00:00,0.18119930426747136,-0.05115152041033311,-0.0013340957978632863
2023-05-16 00:00:00,-0.3909452840322033,-0.33105075780903137,0.06464088521864345
2023-06-15 12:00:00,-0.1501297878669286,-0.21386556436800552,0.12988220126274516
2023-07-16 00:00:00,0.2178506169737768,-0.07887576205334323,-0.04031848245811731
2023-08-16 00:00:00,-0.08254527691980124,-0.17269227788292596,0.12180613248810576
2023-09-15 12:00:00,-0.07823874363570395,-0.18051354969817524,0.10052178284872634
2023-10-16 00:00:00,0.1279854321565885,-0.11880603185147931,-0.044264134124275406
2023-11-15 12:00:00,0.04090862252418104,-0.022685108609404314,-0.05960463665786633
2023-12-16 00:00:00,-0.011295539593959403,-0.009201897548863691,-0.3678667692863051
2024-01-16 00:00:00,-0.2078333872186098,0.0998389957239938,-0.2559406900978091
2024-02-15 00:00:00,-0.5149468303817668,0.11927278847281897,-0.2248981273796535
2024-03-16 00:00:00,-0.42732789126102966,0.08023630839401352,0.17677525779142877
2024-04-15 12:00:00,-0.05611745205004019,-0.058127282586938445,-0.010506480642982634
2024-05-16 00:00:00,0.154921602213791,-0.020034378229631056,-0.010659205367261369
2024-06-15 12:00:00,0.18750552571811716,-0.09688199710412826,-0.028415384538345554
2024-07-16 00:00:00,0.1906512815526384,-0.08453104170375958,-0.015253134432262744
2024-08-16 00:00:00,0.1749405555177481,-0.09639779883786037,-0.027129861179133092
2024-09-15 12:00:00,0.09988703056686937,-0.1458558038827129,-0.014027114399752915
2024-10-16 00:00:00,0.08592574685234453,-0.12407588016121951,0.02533087571510522
2024-11-15 12:00:00,0.15892126273237642,0.33054971308488235,-0.14213487327073138
2024-12-16 00:00:00,0.1326298819572904,0.2586884113882599,-0.09728863918513285
2025-01-16 00:00:00,0.20249166968699953,-0.0002987552345985467,-0.0019236507507515606
2025-02-14 12:00:00,0.12311709550441682,0.6188205586343923,0.10520666209841112
2025-03-16 00:00:00,-0.4025507023095656,0.04328124459639293,0.15383649502271485
2025-04-15 12:00:00,-0.1269017748292498,-0.19498922640200178,0.04038602765745967
2025-05-16 00:00:00,0.027725261380268817,-0.15414160830150925,0.031063237250558776
2025-06-15 12:00:00,0.24081644620240958,-0.05239580713129888,-0.02526833282911115
